keyword,search_volume,cpc,competition,competition_level,kd,intent,sources,seeds
cloud accounting software,368000,81.79,0,LOW,65,commercial,idea,"automated invoicing,invoice software,invoice management,invoice api"
english to arabic,246000,6.72,0.06,LOW,20,informational,related,invoice automation
netsuite login,165000,10.42,0.01,LOW,27,navigational,related,automated invoicing|invoice automation
invoice template,165000,10.68,1,HIGH,44,informational,related,ai invoice|ai invoice generator|invoice ai|invoice generator ai
cloud accounting software for small business,135000,79.97,0.04,LOW,51,commercial,idea,"automated invoicing,invoice software,invoice management,invoice api"
invoice generator,110000,19.84,0.09,LOW,50,commercial,idea|related,"ai invoice|automated invoicing,invoice software,invoice management,invoice api|invoice automation,ai invoice generator,invoice processing,invoice ocr"
invoice,110000,13.69,0.65,MEDIUM,59,informational,idea,"automated invoicing,invoice software,invoice management,invoice api|invoice automation,ai invoice generator,invoice processing,invoice ocr"
accounting software,74000,51.71,0.03,LOW,55,commercial,idea,"automated invoicing,invoice software,invoice management,invoice api"
vendor invoice management,49500,4.85,0.01,LOW,0,commercial,suggestion,invoice management
invoice and billing software,49500,52.03,0.52,MEDIUM,58,commercial,suggestion,invoice software
invoice software,49500,52.03,0.52,MEDIUM,58,commercial,suggestion,invoice software
invoice bill software,49500,52.03,0.52,MEDIUM,44,commercial,suggestion,invoice software
invoice for software,49500,52.03,0.52,MEDIUM,58,commercial,suggestion,invoice software
software invoice,49500,52.03,0.52,MEDIUM,56,commercial,suggestion,invoice software
software for invoice,49500,52.03,0.52,MEDIUM,79,commercial,suggestion,invoice software
invoice billing software,49500,52.03,0.52,MEDIUM,72,commercial,suggestion,invoice software
invoicing software,49500,52.03,0.52,MEDIUM,56,commercial,idea,"automated invoicing,invoice software,invoice management,invoice api"
free invoice template,40500,9.65,0.7,HIGH,44,informational,related,ai invoice|ai invoice generator|invoice ai
invideo ai video generator,33100,6.95,0.05,LOW,72,transactional,related,invoice ai
payroll software,33100,138.03,0.2,LOW,41,commercial,idea,"automated invoicing,invoice software,invoice management,invoice api|invoice automation,ai invoice generator,invoice processing,invoice ocr"
free invoice generator,27100,13.54,0.35,MEDIUM,50,commercial,related,ai invoice|ai invoice generator|invoice ai|invoice generator ai
turbotax software,27100,1.73,0.08,LOW,88,commercial,idea,"automated invoicing,invoice software,invoice management,invoice api"
budgeting software,27100,20.12,0.22,LOW,78,commercial,idea,"automated invoicing,invoice software,invoice management,invoice api"
invoice template word,22200,9.49,0.98,HIGH,22,transactional,related,ai invoice
invoice home,22200,0.61,0.17,LOW,19,navigational,idea,"automated invoicing,invoice software,invoice management,invoice api|invoice automation,ai invoice generator,invoice processing,invoice ocr"
small business accounting software,22200,41.48,0.46,MEDIUM,52,commercial,idea,"automated invoicing,invoice software,invoice management,invoice api"
zoho invoice,18100,16.47,0.21,LOW,48,transactional,idea|related,"automate invoicing|automated invoicing|automated invoicing,invoice software,invoice management,invoice api|invoice automation|invoice management software|invoice workflow"
what is an invoice,18100,10.16,0.09,LOW,6,informational,related,invoice automation
zoho mail login,18100,10.82,0,LOW,57,navigational,related,invoice automation
zoho invoice software,18100,16.47,0.21,LOW,58,commercial,related|suggestion,invoice management software|invoice software
invoice software for business,14800,43.66,0.68,HIGH,58,commercial,suggestion,invoice software
invoice business software,14800,43.66,0.68,HIGH,58,commercial,suggestion,invoice software
business invoice software,14800,43.66,0.68,HIGH,58,commercial,suggestion,invoice software
invoice maker,14800,24.75,0.76,HIGH,62,transactional,idea,"automated invoicing,invoice software,invoice management,invoice api|invoice automation,ai invoice generator,invoice processing,invoice ocr"
invoice simple,14800,5.35,0.45,MEDIUM,22,informational,idea,"automated invoicing,invoice software,invoice management,invoice api|invoice automation,ai invoice generator,invoice processing,invoice ocr"
invoice pricing,14800,7.05,0.5,MEDIUM,10,commercial,idea,"automated invoicing,invoice software,invoice management,invoice api|invoice automation,ai invoice generator,invoice processing,invoice ocr"
business invoicing software,14800,43.66,0.68,HIGH,61,commercial,idea,"automated invoicing,invoice software,invoice management,invoice api"
time tracking software,14800,62.44,0.08,LOW,57,commercial,idea,"automated invoicing,invoice software,invoice management,invoice api"
invoice meaning,12100,5.66,0.03,LOW,5,informational,idea|related,"automated invoicing,invoice software,invoice management,invoice api|invoice automation|invoice automation,ai invoice generator,invoice processing,invoice ocr"
invoice template google docs,12100,5.18,0.32,LOW,0,informational,related,ai invoice
proforma invoice,12100,24.35,0.13,LOW,7,transactional,idea,"automated invoicing,invoice software,invoice management,invoice api|invoice automation,ai invoice generator,invoice processing,invoice ocr"
payroll software for small business,12100,166.29,0.23,LOW,37,commercial,idea,"automated invoicing,invoice software,invoice management,invoice api"
xero accounting software,12100,12.15,0.21,LOW,32,commercial,idea,"automated invoicing,invoice software,invoice management,invoice api"
invoice example,9900,1.5,1,HIGH,44,informational,idea|related,"automated invoicing,invoice software,invoice management,invoice api|invoice automation|invoice automation,ai invoice generator,invoice processing,invoice ocr"
zoho crm login,9900,8.92,0.01,LOW,52,navigational,related,invoice automation
wave accounting software,9900,8.61,0.3,LOW,40,commercial,idea,"automated invoicing,invoice software,invoice management,invoice api"
invoice definition,8100,16.78,0.07,LOW,17,informational,idea,"automated invoicing,invoice software,invoice management,invoice api|invoice automation,ai invoice generator,invoice processing,invoice ocr"
open invoice,8100,17.52,0.17,LOW,0,informational,idea,"automated invoicing,invoice software,invoice management,invoice api|invoice automation,ai invoice generator,invoice processing,invoice ocr"
business accounting software,8100,55.13,0.48,MEDIUM,54,commercial,idea,"automated invoicing,invoice software,invoice management,invoice api"
invoice pricing.com,8100,5.8,0.42,MEDIUM,23,commercial,idea,"automated invoicing,invoice software,invoice management,invoice api"
zoho expense,6600,40.57,0.24,LOW,26,commercial,idea,"automated invoicing,invoice software,invoice management,invoice api|invoice automation,ai invoice generator,invoice processing,invoice ocr"
bill of materials,6600,17.58,0.04,LOW,28,informational,idea,"invoice automation,ai invoice generator,invoice processing,invoice ocr"
kia finance pay bill,6600,3.37,0.01,LOW,2,transactional,idea,"invoice automation,ai invoice generator,invoice processing,invoice ocr"
bookkeeping software,6600,42.07,0.91,HIGH,51,commercial,idea,"automated invoicing,invoice software,invoice management,invoice api"
online invoice generator,5400,21.42,0.48,MEDIUM,55,commercial,idea,"automated invoicing,invoice software,invoice management,invoice api"
quickbooks bookkeeping software,5400,16.55,0.21,LOW,31,commercial,idea,"automated invoicing,invoice software,invoice management,invoice api"
invoice ninja,4400,17.74,0.34,MEDIUM,70,commercial,idea|related,"automate invoicing|automated invoicing|automated invoicing,invoice software,invoice management,invoice api|invoice automation,ai invoice generator,invoice processing,invoice ocr|invoice management software"
quickbooks invoice software,4400,18.5,0.37,MEDIUM,39,commercial,suggestion,invoice software
invoice software quickbooks,4400,18.5,0.37,MEDIUM,45,commercial,suggestion,invoice software
create invoice,4400,25.96,0.71,HIGH,50,transactional,idea,"automated invoicing,invoice software,invoice management,invoice api|invoice automation,ai invoice generator,invoice processing,invoice ocr"
simple invoice,4400,12.89,0.41,MEDIUM,11,informational,idea,"automated invoicing,invoice software,invoice management,invoice api|invoice automation,ai invoice generator,invoice processing,invoice ocr"
quickbooks invoice,4400,18.5,0.37,MEDIUM,44,transactional,idea,"automated invoicing,invoice software,invoice management,invoice api|invoice automation,ai invoice generator,invoice processing,invoice ocr"
revenue cycle management software,4400,57.38,0.04,LOW,12,commercial,idea,"automated invoicing,invoice software,invoice management,invoice api"
quickbooks online free trial,4400,13.88,0.09,LOW,27,transactional,idea,"automated invoicing,invoice software,invoice management,invoice api"
accounting software packages,4400,47.27,0.31,LOW,64,commercial,idea,"automated invoicing,invoice software,invoice management,invoice api"
accounts payable automation software,3600,333.63,0.14,LOW,37,commercial,related|suggestion,accounts payable automation|invoice automation
bill pay app,3600,8.4,0.61,MEDIUM,36,navigational,related,invoice automation
basic invoice template,3600,7.33,1,HIGH,46,informational,related,ai invoice
invoicing software free,3600,28.43,0.13,LOW,57,commercial,related,invoice management software
ap automation software,3600,333.63,0.14,LOW,27,commercial,related,accounts payable automation
free software invoice,3600,28.43,0.13,LOW,53,commercial,suggestion,invoice software
invoice billing software free,3600,28.43,0.13,LOW,59,commercial,suggestion,invoice software
free billing invoice software,3600,28.43,0.13,LOW,56,commercial,suggestion,invoice software
invoice billing software for free,3600,28.43,0.13,LOW,62,commercial,suggestion,invoice software
free invoice software,3600,28.43,0.13,LOW,58,commercial,suggestion,invoice software
software invoice free,3600,28.43,0.13,LOW,53,commercial,suggestion,invoice software
free invoice and billing software,3600,28.43,0.13,LOW,67,commercial,suggestion,invoice software
free invoice billing software,3600,28.43,0.13,LOW,67,commercial,suggestion,invoice software
invoice and billing software free,3600,28.43,0.13,LOW,66,commercial,suggestion,invoice software
invoice software for free,3600,28.43,0.13,LOW,53,commercial,suggestion,invoice software
invoice software free,3600,28.43,0.13,LOW,53,commercial,suggestion,invoice software
freeware invoice software,3600,28.43,0.13,LOW,67,commercial,suggestion,invoice software
invoice free software,3600,28.43,0.13,LOW,53,commercial,suggestion,invoice software
sample invoice,3600,2.54,1,HIGH,44,informational,idea,"automated invoicing,invoice software,invoice management,invoice api|invoice automation,ai invoice generator,invoice processing,invoice ocr"
commercial invoice,3600,18.78,0.35,MEDIUM,24,commercial,idea,"automated invoicing,invoice software,invoice management,invoice api|invoice automation,ai invoice generator,invoice processing,invoice ocr"
create an invoice,3600,18.42,0.73,HIGH,50,transactional,idea,"automated invoicing,invoice software,invoice management,invoice api|invoice automation,ai invoice generator,invoice processing,invoice ocr"
invoice generator by invoiced,3600,27.29,0.21,LOW,33,commercial,idea,"automated invoicing,invoice software,invoice management,invoice api|invoice automation,ai invoice generator,invoice processing,invoice ocr"
free accounting software,3600,26.09,0.52,MEDIUM,73,commercial,idea,"automated invoicing,invoice software,invoice management,invoice api"
tableau software,3600,6.75,0.16,LOW,41,transactional,idea,"automated invoicing,invoice software,invoice management,invoice api"
sage accounting software,3600,51.81,0.61,MEDIUM,41,commercial,idea,"automated invoicing,invoice software,invoice management,invoice api"
balance billing,3600,4.4,0.02,LOW,14,commercial,idea,"automated invoicing,invoice software,invoice management,invoice api"
benefits administration software,3600,17.5,0.06,LOW,9,commercial,idea,"automated invoicing,invoice software,invoice management,invoice api"
bill app free,2900,19.32,0.63,MEDIUM,43,transactional,related,invoice automation
zoho books login,2900,12.49,0.01,LOW,50,navigational,related,invoice automation
free invoice app,2900,19.32,0.63,MEDIUM,58,transactional,idea|related|suggestion,"automate invoicing|automated invoicing|automated invoicing,invoice software,invoice management,invoice api|invoice app|invoice management software"
director of marketing salary,2900,14.41,0.01,LOW,2,informational,related,invoice processing
invoice software for small business,2900,52.32,0.31,LOW,58,commercial,idea|suggestion,"automated invoicing,invoice software,invoice management,invoice api|invoice software"
invoice software small business,2900,52.32,0.31,LOW,56,commercial,suggestion,invoice software
small business invoice software,2900,52.32,0.31,LOW,56,commercial,suggestion,invoice software
small company invoice software,2900,52.32,0.31,LOW,66,commercial,suggestion,invoice software
invoice for small business software,2900,52.32,0.31,LOW,56,commercial,suggestion,invoice software
small business software invoice,2900,52.32,0.31,LOW,56,commercial,suggestion,invoice software
medical invoice software,2900,92.5,0.32,LOW,15,commercial,suggestion,invoice software
invoice free app,2900,19.32,0.63,MEDIUM,58,transactional,suggestion,invoice app
invoice app,2900,31.3,0.69,HIGH,58,transactional,idea|suggestion,"automated invoicing,invoice software,invoice management,invoice api|invoice app"
app invoice,2900,31.3,0.69,HIGH,58,transactional,suggestion,invoice app
free app for invoice,2900,19.32,0.63,MEDIUM,58,transactional,suggestion,invoice app
app for invoice free,2900,19.32,0.63,MEDIUM,58,transactional,suggestion,invoice app
invoice app for free,2900,19.32,0.63,MEDIUM,58,transactional,suggestion,invoice app
invoice app free,2900,19.32,0.63,MEDIUM,58,informational,suggestion,invoice app
app for invoice,2900,31.3,0.69,HIGH,58,commercial,suggestion,invoice app
invoice factoring,2900,121.2,0.31,LOW,24,informational,idea,"automated invoicing,invoice software,invoice management,invoice api|invoice automation,ai invoice generator,invoice processing,invoice ocr"
itemized bill,2900,8.18,0.01,LOW,0,informational,idea,"invoice automation,ai invoice generator,invoice processing,invoice ocr"
invoice book,2900,2.38,1,HIGH,2,informational,idea,"automated invoicing,invoice software,invoice management,invoice api|invoice automation,ai invoice generator,invoice processing,invoice ocr"
toyota financial pay bill,2900,1.79,0.01,LOW,35,informational,idea,"invoice automation,ai invoice generator,invoice processing,invoice ocr"
inventory management software for small business,2900,61.9,0.57,MEDIUM,35,commercial,idea,"automated invoicing,invoice software,invoice management,invoice api"
accounts payable software,2900,153.16,0.19,LOW,37,commercial,idea,"automated invoicing,invoice software,invoice management,invoice api"
nonprofit accounting software,2900,68.77,0.36,MEDIUM,23,commercial,idea,"automated invoicing,invoice software,invoice management,invoice api"
invoice vs receipt,2400,7.41,0.04,LOW,0,informational,idea|related,"automated invoicing,invoice software,invoice management,invoice api|invoice automation|invoice automation,ai invoice generator,invoice processing,invoice ocr"
zoho invoice login,2400,9.59,0.01,LOW,37,navigational,related,invoice automation
free invoice template pdf,2400,6.76,0.68,HIGH,28,informational,related,ai invoice
invoice maker free,2400,15.28,0.77,HIGH,59,commercial,related,ai invoice|ai invoice generator|invoice generator ai
what is vendor invoice management,2400,,0,LOW,0,informational,suggestion,invoice management
proforma invoice meaning,2400,8.14,0.05,LOW,0,informational,idea,"automated invoicing,invoice software,invoice management,invoice api|invoice automation,ai invoice generator,invoice processing,invoice ocr"
quickbooks invoice generator,2400,19.29,0.18,LOW,19,commercial,idea,"automated invoicing,invoice software,invoice management,invoice api|invoice automation,ai invoice generator,invoice processing,invoice ocr"
invoice receipt,2400,9.32,1,HIGH,8,informational,idea,"automated invoicing,invoice software,invoice management,invoice api|invoice automation,ai invoice generator,invoice processing,invoice ocr"
home invoice,2400,0.28,0.17,LOW,18,informational,idea,"automated invoicing,invoice software,invoice management,invoice api|invoice automation,ai invoice generator,invoice processing,invoice ocr"
free amortization schedule,2400,6.82,0.15,LOW,25,informational,idea,"automated invoicing,invoice software,invoice management,invoice api|invoice automation,ai invoice generator,invoice processing,invoice ocr"
quickbooks api,2400,9.75,0.15,LOW,5,commercial,idea,"automated invoicing,invoice software,invoice management,invoice api"
online accounting software for small business,2400,53.47,0.66,MEDIUM,50,commercial,idea,"automated invoicing,invoice software,invoice management,invoice api"
intuit tax software,2400,6.75,0.47,MEDIUM,99,commercial,idea,"automated invoicing,invoice software,invoice management,invoice api"
sage 50 accounting software,2400,16.91,0.3,LOW,6,commercial,idea,"automated invoicing,invoice software,invoice management,invoice api"
accountable software,2400,8.73,0.53,MEDIUM,28,commercial,idea,"automated invoicing,invoice software,invoice management,invoice api"
accounting software for bookkeepers,2400,42.48,0.05,LOW,32,commercial,idea,"automated invoicing,invoice software,invoice management,invoice api"
quotation in arabic,1900,,0,LOW,0,informational,related,invoice automation
scan receipts app for money,1900,5.28,0.53,MEDIUM,40,transactional,related,invoice scanner
free bookkeeping software,1900,22.01,0.79,HIGH,32,commercial,idea,"automated invoicing,invoice software,invoice management,invoice api"
aia billing,1900,27.37,0.34,MEDIUM,0,navigational,idea,"automated invoicing,invoice software,invoice management,invoice api"
inventory software,1900,47.95,0.53,MEDIUM,41,commercial,idea,"automated invoicing,invoice software,invoice management,invoice api"
online accounting software,1900,47.96,0.48,MEDIUM,65,commercial,idea,"automated invoicing,invoice software,invoice management,invoice api"
accounts payable automation,1600,303.62,0.29,LOW,29,commercial,related|suggestion,accounts payable automation|invoice automation
free printable invoice template,1600,6.08,0.56,MEDIUM,32,informational,related,ai invoice
it director salary,1600,21.83,0.01,LOW,5,informational,related,invoice processing
automation accounts payable,1600,303.62,0.29,LOW,33,commercial,suggestion,accounts payable automation
wave invoice generator,1600,11.89,0.57,MEDIUM,18,commercial,idea,"automated invoicing,invoice software,invoice management,invoice api|invoice automation,ai invoice generator,invoice processing,invoice ocr"
g-invoicing,1600,18.34,0.01,LOW,5,commercial,idea,"automated invoicing,invoice software,invoice management,invoice api|invoice automation,ai invoice generator,invoice processing,invoice ocr"
bill counter,1600,4.89,1,HIGH,0,informational,idea,"invoice automation,ai invoice generator,invoice processing,invoice ocr"
invoice factoring companies,1600,145.58,0.3,LOW,7,commercial,idea,"automated invoicing,invoice software,invoice management,invoice api|invoice automation,ai invoice generator,invoice processing,invoice ocr"
farfetch commercial invoice,1600,,0,LOW,0,navigational,idea,"automated invoicing,invoice software,invoice management,invoice api|invoice automation,ai invoice generator,invoice processing,invoice ocr"
gross receipt meaning,1600,,0.01,LOW,9,informational,idea,"invoice automation,ai invoice generator,invoice processing,invoice ocr"
google invoice,1600,19.43,0.44,MEDIUM,9,transactional,idea,"automated invoicing,invoice software,invoice management,invoice api"
asana software,1600,9.66,0.47,MEDIUM,52,commercial,idea,"automated invoicing,invoice software,invoice management,invoice api"
quickbooks free trial,1600,50.69,0.29,LOW,13,transactional,idea,"automated invoicing,invoice software,invoice management,invoice api"
personal accounting software,1600,16.45,1,HIGH,25,commercial,idea,"automated invoicing,invoice software,invoice management,invoice api"
best budgeting software,1600,14.84,0.73,HIGH,54,commercial,idea,"automated invoicing,invoice software,invoice management,invoice api"
desktop accounting software,1600,25.9,0.44,MEDIUM,65,commercial,idea,"automated invoicing,invoice software,invoice management,invoice api"
online invoicing tool,1600,62.4,0.13,LOW,70,commercial,idea,"automated invoicing,invoice software,invoice management,invoice api"
online invoicing tools,1600,62.4,0.13,LOW,66,commercial,idea,"automated invoicing,invoice software,invoice management,invoice api"
accounts receivable software,1600,119.7,0.37,MEDIUM,5,commercial,idea,"automated invoicing,invoice software,invoice management,invoice api"
cloud based expense management software,1600,,0,LOW,35,commercial,idea,"automated invoicing,invoice software,invoice management,invoice api"
online invoice tool,1600,62.4,0.13,LOW,55,commercial,idea,"automated invoicing,invoice software,invoice management,invoice api"
invoice tool online,1600,62.4,0.13,LOW,44,commercial,idea,"automated invoicing,invoice software,invoice management,invoice api"
accounting software for freelancers,1600,34.42,0.01,LOW,12,commercial,idea,"automated invoicing,invoice software,invoice management,invoice api"
personal finance desktop software,1600,4.18,0.18,LOW,41,commercial,idea,"automated invoicing,invoice software,invoice management,invoice api"
create invoice template,1300,17.38,0.84,HIGH,44,transactional,related,ai invoice|ai invoice generator|invoice ai
free blank invoice template,1300,5.51,0.58,MEDIUM,29,informational,related,ai invoice
director of engineering salary,1300,,0.01,LOW,0,informational,related,invoice processing
approvalmax,1300,3.87,0.34,MEDIUM,12,informational,related,invoice workflow
online software for invoice,1300,42,0.14,LOW,60,commercial,suggestion,invoice software
invoice software online,1300,42,0.14,LOW,77,commercial,suggestion,invoice software
invoice online software,1300,42,0.14,LOW,77,commercial,suggestion,invoice software
online invoice software,1300,42,0.14,LOW,60,commercial,suggestion,invoice software
freshbooks invoice software,1300,,0,LOW,19,commercial,suggestion,invoice software
3 way matching in accounts payable,1300,17.35,0.56,MEDIUM,0,informational,idea,"invoice automation,ai invoice generator,invoice processing,invoice ocr"
monthly bill tracker,1300,2.08,1,HIGH,0,informational,idea,"invoice automation,ai invoice generator,invoice processing,invoice ocr"
purchase order vs invoice,1300,20.56,0.14,LOW,0,transactional,idea,"automated invoicing,invoice software,invoice management,invoice api|invoice automation,ai invoice generator,invoice processing,invoice ocr"
business invoice,1300,20.88,1,HIGH,32,informational,idea,"automated invoicing,invoice software,invoice management,invoice api|invoice automation,ai invoice generator,invoice processing,invoice ocr"
bill counter machine,1300,3.74,1,HIGH,0,transactional,idea,"invoice automation,ai invoice generator,invoice processing,invoice ocr"
bill loss,1300,,0,LOW,2,informational,idea,"invoice automation,ai invoice generator,invoice processing,invoice ocr"
best payroll software for small business,1300,166.45,0.34,MEDIUM,51,commercial,idea,"automated invoicing,invoice software,invoice management,invoice api"
online invoicing software,1300,42,0.14,LOW,58,commercial,idea,"automated invoicing,invoice software,invoice management,invoice api"
free budgeting software,1300,12.11,0.66,MEDIUM,53,commercial,idea,"automated invoicing,invoice software,invoice management,invoice api"
best accounting software,1300,35.78,0.44,MEDIUM,50,commercial,idea,"automated invoicing,invoice software,invoice management,invoice api"
note taking software,1300,11.75,0.25,LOW,59,commercial,idea,"automated invoicing,invoice software,invoice management,invoice api"
nonprofit software,1300,27.83,0.41,MEDIUM,37,commercial,idea,"automated invoicing,invoice software,invoice management,invoice api"
membership management software for nonprofits,1300,73.33,0.49,MEDIUM,6,commercial,idea,"automated invoicing,invoice software,invoice management,invoice api"
church accounting software,1300,33.45,0.53,MEDIUM,9,commercial,idea,"automated invoicing,invoice software,invoice management,invoice api"
property management and accounting software,1300,144.17,0.05,LOW,58,commercial,idea,"automated invoicing,invoice software,invoice management,invoice api"
quickbooks with payroll software,1300,43.04,0.14,LOW,9,commercial,idea,"automated invoicing,invoice software,invoice management,invoice api"
invoice processing,1000,60.86,0.27,LOW,0,commercial,idea|related|suggestion,"automated invoicing,invoice software,invoice management,invoice api|invoice processing"
senior director salary,1000,,0,LOW,0,informational,related,invoice processing
processing invoice,1000,60.86,0.27,LOW,0,commercial,suggestion,invoice processing
processing an invoice,1000,60.86,0.27,LOW,0,commercial,suggestion,invoice processing
best invoice software small business,1000,63.53,0.62,MEDIUM,70,commercial,suggestion,invoice software
best invoice software for small business,1000,63.53,0.62,MEDIUM,58,commercial,suggestion,invoice software
best small business invoice software,1000,63.53,0.62,MEDIUM,57,commercial,suggestion,invoice software
wave invoice software,1000,14.57,0.14,LOW,21,commercial,idea|suggestion,"automated invoicing,invoice software,invoice management,invoice api|invoice software"
invoice mobile app,1000,25.29,0.03,LOW,52,transactional,suggestion,invoice app
wave invoice app,1000,6.25,0.43,MEDIUM,30,transactional,idea|suggestion,"automated invoicing,invoice software,invoice management,invoice api|invoice app"
mobile app invoice,1000,25.29,0.03,LOW,35,commercial,suggestion,invoice app
invoice by wave app,1000,6.25,0.43,MEDIUM,29,navigational,suggestion,invoice app
waves invoice app,1000,6.25,0.43,MEDIUM,29,navigational,suggestion,invoice app
mobile invoice app,1000,25.29,0.03,LOW,45,commercial,suggestion,invoice app
best invoice app,1000,34.19,0.63,MEDIUM,49,commercial,suggestion,invoice app
best app for invoice,1000,34.19,0.63,MEDIUM,36,commercial,suggestion,invoice app
notes payable vs accounts payable,1000,29.6,0.02,LOW,0,informational,idea,"invoice automation,ai invoice generator,invoice processing,invoice ocr"
invoice images,1000,1.15,1,HIGH,5,informational,idea,"automated invoicing,invoice software,invoice management,invoice api|invoice automation,ai invoice generator,invoice processing,invoice ocr"
custom invoice,1000,15.85,1,HIGH,21,commercial,idea,"automated invoicing,invoice software,invoice management,invoice api|invoice automation,ai invoice generator,invoice processing,invoice ocr"
create invoice online,1000,28.95,0.7,HIGH,50,transactional,idea,"automated invoicing,invoice software,invoice management,invoice api"
best invoicing software for small business,1000,63.53,0.62,MEDIUM,70,commercial,idea,"automated invoicing,invoice software,invoice management,invoice api"
small business software,1000,49.52,0.66,MEDIUM,34,commercial,idea,"automated invoicing,invoice software,invoice management,invoice api"
free online invoice,1000,16.79,0.73,HIGH,60,commercial,idea,"automated invoicing,invoice software,invoice management,invoice api"
fpl budget billing,1000,3.01,0.21,LOW,0,commercial,idea,"automated invoicing,invoice software,invoice management,invoice api"
best invoicing app,1000,34.19,0.63,MEDIUM,21,commercial,idea,"automated invoicing,invoice software,invoice management,invoice api"
no fee business checking,1000,49.63,0.75,HIGH,41,informational,idea,"automated invoicing,invoice software,invoice management,invoice api"
freshbooks accounting software,1000,18.58,0.06,LOW,39,commercial,idea,"automated invoicing,invoice software,invoice management,invoice api"
financial reporting software,1000,48.6,0.1,LOW,16,commercial,idea,"automated invoicing,invoice software,invoice management,invoice api"
personal accounting software for mac,1000,9.69,0.28,LOW,13,commercial,idea,"automated invoicing,invoice software,invoice management,invoice api"
irs efile software,1000,,0.01,LOW,70,commercial,idea,"automated invoicing,invoice software,invoice management,invoice api"
zoho invoice generator,880,11.88,0.31,LOW,33,commercial,idea|related,"automate invoicing|automated invoicing,invoice software,invoice management,invoice api|invoice automation"
best invoice app free,880,19.65,0.71,HIGH,58,commercial,idea|related|suggestion,"automated invoicing,invoice software,invoice management,invoice api|invoice app|invoice automation|invoice management software"
free invoice maker app,880,16.67,0.77,HIGH,53,commercial,related|suggestion,ai invoice|ai invoice generator|invoice ai|invoice app|invoice automation|invoice generator ai
zoho sign in,880,8.69,0.01,LOW,52,navigational,related,invoice automation
best bill app free,880,19.65,0.71,HIGH,45,commercial,related,invoice automation
invoice processing software,880,226.59,0.19,LOW,18,commercial,idea|related|suggestion,"automated invoicing,invoice software,invoice management,invoice api|invoice processing|invoice software"
invoicing software for small business free,880,40.65,0.81,HIGH,58,commercial,related,invoice management software
software for invoice processing,880,226.59,0.19,LOW,19,commercial,suggestion,invoice processing|invoice software
free invoice software small business,880,40.65,0.81,HIGH,58,commercial,suggestion,invoice software
invoice accounting software,880,47.21,0.18,LOW,58,commercial,suggestion,invoice software
accounting invoice software,880,47.21,0.18,LOW,100,commercial,suggestion,invoice software
cloud-based invoice software,880,,0,LOW,58,commercial,suggestion,invoice software
invoice software for small business free,880,40.65,0.81,HIGH,65,commercial,suggestion,invoice software
free small business invoice software,880,40.65,0.81,HIGH,57,commercial,suggestion,invoice software
free invoice software for small business,880,40.65,0.81,HIGH,58,commercial,suggestion,invoice software
invoice and accounting software,880,47.21,0.18,LOW,61,commercial,suggestion,invoice software
small business invoice software free,880,40.65,0.81,HIGH,58,commercial,suggestion,invoice software
cloud based invoice software,880,,0,LOW,36,commercial,suggestion,invoice software
free invoice creator app,880,16.67,0.77,HIGH,31,commercial,suggestion,invoice app
make an invoice app,880,23.8,0.69,HIGH,62,commercial,suggestion,invoice app
best free invoice app,880,19.65,0.71,HIGH,56,commercial,suggestion,invoice app
invoice maker app free,880,16.67,0.77,HIGH,45,informational,suggestion,invoice app
invoice maker app,880,23.8,0.69,HIGH,49,commercial,suggestion,invoice app
invoice creator app,880,23.8,0.69,HIGH,49,transactional,suggestion,invoice app
make invoice app,880,23.8,0.69,HIGH,31,transactional,suggestion,invoice app
paid invoice,880,32.05,0.38,MEDIUM,35,informational,idea,"automated invoicing,invoice software,invoice management,invoice api|invoice automation,ai invoice generator,invoice processing,invoice ocr"
invoice financing,880,107.25,0.47,MEDIUM,20,commercial,idea,"automated invoicing,invoice software,invoice management,invoice api|invoice automation,ai invoice generator,invoice processing,invoice ocr"
itemized invoice,880,24.39,0.38,MEDIUM,0,informational,idea,"automated invoicing,invoice software,invoice management,invoice api|invoice automation,ai invoice generator,invoice processing,invoice ocr"
invoice vs quote,880,56.2,0.03,LOW,0,informational,idea,"automated invoicing,invoice software,invoice management,invoice api|invoice automation,ai invoice generator,invoice processing,invoice ocr"
quote vs invoice,880,56.2,0.03,LOW,0,informational,idea,"automated invoicing,invoice software,invoice management,invoice api|invoice automation,ai invoice generator,invoice processing,invoice ocr"
bill planner,880,1.43,1,HIGH,8,commercial,idea,"invoice automation,ai invoice generator,invoice processing,invoice ocr"
monthly bill organizer,880,2.13,1,HIGH,0,informational,idea,"invoice automation,ai invoice generator,invoice processing,invoice ocr"
commercial invoice vs proforma invoice,880,29.63,0.05,LOW,4,informational,idea,"automated invoicing,invoice software,invoice management,invoice api|invoice automation,ai invoice generator,invoice processing,invoice ocr"
proforma invoice vs commercial invoice,880,29.63,0.05,LOW,0,informational,idea,"automated invoicing,invoice software,invoice management,invoice api|invoice automation,ai invoice generator,invoice processing,invoice ocr"
small business invoicing,880,36.82,0.93,HIGH,58,commercial,idea,"automated invoicing,invoice software,invoice management,invoice api|invoice automation,ai invoice generator,invoice processing,invoice ocr"
accounts receivable examples,880,16.61,0.11,LOW,1,informational,idea,"invoice automation,ai invoice generator,invoice processing,invoice ocr"
nominal fee meaning,880,,0,LOW,0,informational,idea,"invoice automation,ai invoice generator,invoice processing,invoice ocr"
pro forma vs commercial invoice,880,29.63,0.05,LOW,7,informational,idea,"automated invoicing,invoice software,invoice management,invoice api|invoice automation,ai invoice generator,invoice processing,invoice ocr"
saks pay bill,880,,0,LOW,6,transactional,idea,"invoice automation,ai invoice generator,invoice processing,invoice ocr"
pay bill gm financial,880,0.78,0.01,LOW,30,navigational,idea,"invoice automation,ai invoice generator,invoice processing,invoice ocr"
create invoice online free,880,16.65,0.77,HIGH,50,transactional,idea,"automated invoicing,invoice software,invoice management,invoice api"
sap accounting software,880,30.1,0.3,LOW,4,commercial,idea,"automated invoicing,invoice software,invoice management,invoice api"
canva invoice,880,14.42,0.45,MEDIUM,8,transactional,idea,"automated invoicing,invoice software,invoice management,invoice api"
time tracking software for small business,880,106.72,0.23,LOW,57,commercial,idea,"automated invoicing,invoice software,invoice management,invoice api"
cloud based invoicing software,880,,0,LOW,56,commercial,idea,"automated invoicing,invoice software,invoice management,invoice api"
inventory control software,880,45.39,0.26,LOW,41,commercial,idea,"automated invoicing,invoice software,invoice management,invoice api"
accounting and billing software,880,47.21,0.18,LOW,34,commercial,idea,"automated invoicing,invoice software,invoice management,invoice api"
best bookkeeping software,880,38.94,0.68,HIGH,50,commercial,idea,"automated invoicing,invoice software,invoice management,invoice api"
cheap accounting software,880,33.4,0.7,HIGH,51,commercial,idea,"automated invoicing,invoice software,invoice management,invoice api"
farm accounting software,880,59.06,0.56,MEDIUM,29,commercial,idea,"automated invoicing,invoice software,invoice management,invoice api"
expense report software,880,69.82,0.25,LOW,12,commercial,idea,"automated invoicing,invoice software,invoice management,invoice api"
accounting software with payroll,880,89.64,0.44,MEDIUM,19,commercial,idea,"automated invoicing,invoice software,invoice management,invoice api"
free editable invoice template,720,7.92,0.71,HIGH,33,informational,related,ai invoice
free invoice template excel,720,8.25,0.28,LOW,17,informational,related,ai invoice
vic ai,720,17.39,0.53,MEDIUM,16,informational,related,accounts payable automation
best software for invoice,720,43.17,0.63,MEDIUM,43,commercial,suggestion,invoice software
good invoice software,720,43.17,0.63,MEDIUM,58,commercial,suggestion,invoice software
best invoice software,720,43.17,0.63,MEDIUM,58,commercial,idea|suggestion,"automated invoicing,invoice software,invoice management,invoice api|invoice software"
best billing and invoice software,720,43.17,0.63,MEDIUM,70,commercial,suggestion,invoice software
invoice software best,720,43.17,0.63,MEDIUM,32,commercial,suggestion,invoice software
best invoice billing software,720,43.17,0.63,MEDIUM,45,commercial,suggestion,invoice software
top rated invoice software,720,43.17,0.63,MEDIUM,37,commercial,suggestion,invoice software
invoice fly app,720,17.59,0.66,MEDIUM,11,transactional,suggestion,invoice app
ai billing,720,65.75,0.2,LOW,28,commercial,suggestion,ai billing
billing ai,720,65.75,0.2,LOW,28,commercial,suggestion,ai billing
accounts payable process,720,34.66,0.3,LOW,0,informational,idea,"invoice automation,ai invoice generator,invoice processing,invoice ocr"
invoice tracker,720,48.56,0.58,MEDIUM,0,commercial,idea,"automated invoicing,invoice software,invoice management,invoice api|invoice automation,ai invoice generator,invoice processing,invoice ocr"
professional invoice,720,24.98,0.74,HIGH,44,informational,idea,"automated invoicing,invoice software,invoice management,invoice api|invoice automation,ai invoice generator,invoice processing,invoice ocr"
harvest invoice,720,37.68,0.33,LOW,15,informational,idea,"automated invoicing,invoice software,invoice management,invoice api|invoice automation,ai invoice generator,invoice processing,invoice ocr"
invoice pricing reviews,720,4.82,0.25,LOW,13,commercial,idea,"automated invoicing,invoice software,invoice management,invoice api|invoice automation,ai invoice generator,invoice processing,invoice ocr"
account payable example,720,9.78,0.09,LOW,1,informational,idea,"invoice automation,ai invoice generator,invoice processing,invoice ocr"
cbo big beautiful bill,720,,0.05,LOW,39,informational,idea,"invoice automation,ai invoice generator,invoice processing,invoice ocr"
article processing charge,720,,0,LOW,33,transactional,idea,"automated invoicing,invoice software,invoice management,invoice api|invoice automation,ai invoice generator,invoice processing,invoice ocr"
account payable in quickbooks,720,21.28,0.3,LOW,0,commercial,idea,"invoice automation,ai invoice generator,invoice processing,invoice ocr"
article-processing charges,720,,0,LOW,33,commercial,idea,"automated invoicing,invoice software,invoice management,invoice api|invoice automation,ai invoice generator,invoice processing,invoice ocr"
zoho books accounting software,720,17.31,0.1,LOW,24,transactional,idea,"automated invoicing,invoice software,invoice management,invoice api"
atx tax software,720,13.85,0.61,MEDIUM,6,commercial,idea,"automated invoicing,invoice software,invoice management,invoice api"
inventory tracking software,720,70.44,0.45,MEDIUM,52,commercial,idea,"automated invoicing,invoice software,invoice management,invoice api"
payroll management software,720,82.21,0.16,LOW,50,commercial,idea,"automated invoicing,invoice software,invoice management,invoice api"
stripe quickbooks integration,720,27.93,0.26,LOW,5,navigational,idea,"automated invoicing,invoice software,invoice management,invoice api"
automated time tracking software,720,24.83,0.19,LOW,85,commercial,idea,"automated invoicing,invoice software,invoice management,invoice api"
peachtree accounting software,720,11.18,0.96,HIGH,5,commercial,idea,"automated invoicing,invoice software,invoice management,invoice api"
free online budget planner,720,10.66,0.71,HIGH,76,informational,idea,"automated invoicing,invoice software,invoice management,invoice api"
accounting automation software,720,61.53,0.08,LOW,0,commercial,idea,"automated invoicing,invoice software,invoice management,invoice api"
reconciliation software,720,121.67,0.19,LOW,17,commercial,idea,"automated invoicing,invoice software,invoice management,invoice api"
oracle accounting software,720,57.97,0.49,MEDIUM,11,commercial,idea,"automated invoicing,invoice software,invoice management,invoice api"
expense tracking software,720,41.22,0.18,LOW,24,commercial,idea,"automated invoicing,invoice software,invoice management,invoice api"
nonprofit donor management software,720,123.39,0.03,LOW,11,commercial,idea,"automated invoicing,invoice software,invoice management,invoice api"
accounting practice management software,720,80.19,0.29,LOW,29,commercial,idea,"automated invoicing,invoice software,invoice management,invoice api"
ifs software,720,3.6,0.27,LOW,16,commercial,idea,"automated invoicing,invoice software,invoice management,invoice api"
lease accounting software,720,170.04,0.5,MEDIUM,2,commercial,idea,"automated invoicing,invoice software,invoice management,invoice api"
accounts receivable management software,720,86.44,0.15,LOW,24,commercial,idea,"automated invoicing,invoice software,invoice management,invoice api"
home accounting software,720,12.53,1,HIGH,50,commercial,idea,"automated invoicing,invoice software,invoice management,invoice api"
fp&a software,720,73.55,0.45,MEDIUM,28,commercial,idea,"automated invoicing,invoice software,invoice management,invoice api"
inflow inventory software,720,32.3,0.05,LOW,14,commercial,idea,"automated invoicing,invoice software,invoice management,invoice api"
zoho inventory login,590,,0.03,LOW,17,navigational,related,invoice automation
zoho invoice maker,590,13.51,0.34,MEDIUM,58,transactional,idea|related,"automated invoicing,invoice software,invoice management,invoice api|invoice automation"
invoice ai,590,37.93,0.38,MEDIUM,7,commercial,idea|related|suggestion,"ai invoice|automated invoicing,invoice software,invoice management,invoice api|invoice ai|invoice automation,ai invoice generator,invoice processing,invoice ocr"
free receipt scanner app,590,10.02,0.61,MEDIUM,48,transactional,related,invoice scanner
envoice,590,14.07,0.75,HIGH,56,informational,related,invoice workflow
invoice maker software,590,33.04,0.92,HIGH,59,commercial,idea|suggestion,"automated invoicing,invoice software,invoice management,invoice api|invoice software"
freelancer invoice software,590,33.49,0.03,LOW,12,commercial,idea|suggestion,"automated invoicing,invoice software,invoice management,invoice api|invoice software"
software invoice format,590,20.08,0.34,MEDIUM,37,informational,suggestion,invoice software
make invoice software,590,33.04,0.92,HIGH,66,commercial,suggestion,invoice software
freelance invoice software,590,33.49,0.03,LOW,15,commercial,idea|suggestion,"automated invoicing,invoice software,invoice management,invoice api|invoice software"
invoice software template,590,20.08,0.34,MEDIUM,43,commercial,suggestion,invoice software
invoice template software,590,20.08,0.34,MEDIUM,53,commercial,idea|suggestion,"automated invoicing,invoice software,invoice management,invoice api|invoice software"
invoice software for freelancers,590,33.49,0.03,LOW,11,commercial,idea|suggestion,"automated invoicing,invoice software,invoice management,invoice api|invoice software"
invoice creator software,590,33.04,0.92,HIGH,58,commercial,idea|suggestion,"automated invoicing,invoice software,invoice management,invoice api|invoice software"
software invoice template,590,20.08,0.34,MEDIUM,37,commercial,suggestion,invoice software
invoice format software,590,20.08,0.34,MEDIUM,69,commercial,suggestion,invoice software
software invoice sample,590,20.08,0.34,MEDIUM,37,informational,suggestion,invoice software
chatgpt invoice,590,4.15,0.09,LOW,0,commercial,suggestion,invoice chatgpt
invoice factoring service,590,,0.02,LOW,13,commercial,idea,"automated invoicing,invoice software,invoice management,invoice api|invoice automation,ai invoice generator,invoice processing,invoice ocr"
invoice layout,590,5.32,1,HIGH,33,informational,idea,"automated invoicing,invoice software,invoice management,invoice api|invoice automation,ai invoice generator,invoice processing,invoice ocr"
statement vs invoice,590,0.01,0.02,LOW,0,informational,idea,"automated invoicing,invoice software,invoice management,invoice api|invoice automation,ai invoice generator,invoice processing,invoice ocr"
edi invoice,590,17.27,0.3,LOW,0,informational,idea,"automated invoicing,invoice software,invoice management,invoice api|invoice automation,ai invoice generator,invoice processing,invoice ocr"
expense template,590,7.65,0.95,HIGH,7,informational,idea,"automated invoicing,invoice software,invoice management,invoice api|invoice automation,ai invoice generator,invoice processing,invoice ocr"
difference between invoice and receipt,590,23.75,0.06,LOW,0,informational,idea,"automated invoicing,invoice software,invoice management,invoice api|invoice automation,ai invoice generator,invoice processing,invoice ocr"
invoice reconciliation,590,42.45,0.2,LOW,0,commercial,idea,"automated invoicing,invoice software,invoice management,invoice api|invoice automation,ai invoice generator,invoice processing,invoice ocr"
zoho invoice for small business,590,,0,LOW,23,commercial,idea,"automated invoicing,invoice software,invoice management,invoice api"
small business bookkeeping software,590,45.23,0.92,HIGH,50,commercial,idea,"automated invoicing,invoice software,invoice management,invoice api"
quickbooks online api,590,43.77,0.1,LOW,0,navigational,idea,"automated invoicing,invoice software,invoice management,invoice api"
free business accounting software,590,31.5,0.8,HIGH,52,commercial,idea,"automated invoicing,invoice software,invoice management,invoice api"
cch tax software,590,23.36,0.5,MEDIUM,10,commercial,idea,"automated invoicing,invoice software,invoice management,invoice api"
open source accounting software,590,14.54,0.5,MEDIUM,57,commercial,idea,"automated invoicing,invoice software,invoice management,invoice api"
best software for small business,590,46.18,0.84,HIGH,19,commercial,idea,"automated invoicing,invoice software,invoice management,invoice api"
desktop small business accounting software,590,32.62,1,HIGH,30,commercial,idea,"automated invoicing,invoice software,invoice management,invoice api"
make an invoice online free,590,15.66,0.79,HIGH,55,transactional,idea,"automated invoicing,invoice software,invoice management,invoice api"
freelancer invoicing software,590,33.49,0.03,LOW,15,commercial,idea,"automated invoicing,invoice software,invoice management,invoice api"
freelance invoicing software,590,33.49,0.03,LOW,13,commercial,idea,"automated invoicing,invoice software,invoice management,invoice api"
accounting software with payroll for small business,590,96.98,0.98,HIGH,56,commercial,idea,"automated invoicing,invoice software,invoice management,invoice api"
crystal reports software,590,23.69,0.28,LOW,7,commercial,idea,"automated invoicing,invoice software,invoice management,invoice api"
drake accounting software,590,13.92,0.52,MEDIUM,21,commercial,idea,"automated invoicing,invoice software,invoice management,invoice api"
free online accounting software,590,32.24,0.48,MEDIUM,50,commercial,idea,"automated invoicing,invoice software,invoice management,invoice api"
invoicing software for freelancers,590,33.49,0.03,LOW,14,commercial,idea,"automated invoicing,invoice software,invoice management,invoice api"
freelance billing software,590,33.49,0.03,LOW,13,commercial,idea,"automated invoicing,invoice software,invoice management,invoice api"
freelancer billing software,590,33.49,0.03,LOW,9,commercial,idea,"automated invoicing,invoice software,invoice management,invoice api"
business budgeting software,590,108.2,0.45,MEDIUM,23,commercial,idea,"automated invoicing,invoice software,invoice management,invoice api"
ameren budget billing,590,1.58,0.11,LOW,0,informational,idea,"automated invoicing,invoice software,invoice management,invoice api"
cap table software,590,82.61,0.4,MEDIUM,8,commercial,idea,"automated invoicing,invoice software,invoice management,invoice api"
billing software for freelancers,590,33.49,0.03,LOW,8,commercial,idea,"automated invoicing,invoice software,invoice management,invoice api"
bge budget billing,590,5.91,0.07,LOW,0,navigational,idea,"automated invoicing,invoice software,invoice management,invoice api"
turbotax business online,590,20.13,0.25,LOW,86,commercial,idea,"automated invoicing,invoice software,invoice management,invoice api"
self employed accounting software,590,35.5,0.08,LOW,20,commercial,idea,"automated invoicing,invoice software,invoice management,invoice api"
general ledger software,590,52.2,0.37,MEDIUM,6,commercial,idea,"automated invoicing,invoice software,invoice management,invoice api"
spend management platform,590,45.24,0.09,LOW,30,commercial,idea,"automated invoicing,invoice software,invoice management,invoice api"
timecard software,590,51.29,0.35,MEDIUM,36,commercial,idea,"automated invoicing,invoice software,invoice management,invoice api"
invoice template excel free download,480,6.09,0.37,MEDIUM,13,informational,related,automate invoicing|automated invoicing|invoice automation
best bill organizer app free,480,7.01,0.71,HIGH,33,commercial,related,invoice automation
ai receipt generator free,480,8.56,0.7,HIGH,17,commercial,related,invoice ai
automated invoicing,480,21.98,1,HIGH,29,commercial,related,automated invoicing
ai invoice generator,480,33.4,0.66,MEDIUM,11,commercial,related|suggestion,ai invoice|ai invoice generator
tipalti accounts payable automation,480,43.4,0.05,LOW,4,commercial,related|suggestion,accounts payable automation
tipalti ap automation,480,43.4,0.05,LOW,9,navigational,related,accounts payable automation
automated invoice template,480,16.46,1,HIGH,0,commercial,suggestion,automated invoice
automated invoice,480,21.98,1,HIGH,23,commercial,suggestion,automated invoice
automatic invoice,480,21.98,1,HIGH,22,commercial,suggestion,automatic invoice
auto repair shop invoice software,480,42.59,0.45,MEDIUM,23,commercial,suggestion,invoice software
automotive repair shop invoice software,480,42.59,0.45,MEDIUM,27,commercial,suggestion,invoice software
e invoice software,480,37.76,0.12,LOW,5,commercial,idea|suggestion,"automated invoicing,invoice software,invoice management,invoice api|invoice software"
auto shop invoice software,480,42.59,0.45,MEDIUM,23,commercial,suggestion,invoice software
auto repair invoice software,480,42.59,0.45,MEDIUM,23,commercial,suggestion,invoice software
electronic invoice software,480,37.76,0.12,LOW,30,commercial,suggestion,invoice software
automotive shop invoice software,480,42.59,0.45,MEDIUM,25,commercial,idea|suggestion,"automated invoicing,invoice software,invoice management,invoice api|invoice software"
how to make invoice software in excel,480,14.83,0.47,MEDIUM,6,informational,suggestion,invoice software
automotive repair invoice software,480,42.59,0.45,MEDIUM,61,commercial,suggestion,invoice software
car repair invoice software,480,42.59,0.45,MEDIUM,27,commercial,suggestion,invoice software
invoice simple app,480,15.2,0.32,LOW,15,transactional,idea|suggestion,"automated invoicing,invoice software,invoice management,invoice api|invoice app"
simple invoice app,480,15.2,0.32,LOW,45,commercial,suggestion,invoice app
accounts payable automation solutions,480,330.57,0.11,LOW,43,commercial,suggestion,accounts payable automation
accounts payable automation solution,480,330.57,0.11,LOW,27,commercial,suggestion,accounts payable automation
brisk invoicing,480,0.55,0.37,MEDIUM,2,commercial,idea,"automated invoicing,invoice software,invoice management,invoice api|invoice automation,ai invoice generator,invoice processing,invoice ocr"
invoice vs bill,480,0.03,0.05,LOW,0,informational,idea,"automated invoicing,invoice software,invoice management,invoice api|invoice automation,ai invoice generator,invoice processing,invoice ocr"
invoicing jobs,480,9.18,0.99,HIGH,0,commercial,idea,"automated invoicing,invoice software,invoice management,invoice api|invoice automation,ai invoice generator,invoice processing,invoice ocr"
invoicing system,480,71.51,0.67,HIGH,58,commercial,idea,"automated invoicing,invoice software,invoice management,invoice api|invoice automation,ai invoice generator,invoice processing,invoice ocr"
accounts payable remote,480,1.75,0.23,LOW,0,navigational,idea,"invoice automation,ai invoice generator,invoice processing,invoice ocr"
dealer invoice,480,4.97,0.35,MEDIUM,8,informational,idea,"automated invoicing,invoice software,invoice management,invoice api|invoice automation,ai invoice generator,invoice processing,invoice ocr"
invoice def,480,1.14,0.01,LOW,17,informational,idea,"automated invoicing,invoice software,invoice management,invoice api|invoice automation,ai invoice generator,invoice processing,invoice ocr"
landscaping invoice,480,9.51,1,HIGH,0,commercial,idea,"automated invoicing,invoice software,invoice management,invoice api|invoice automation,ai invoice generator,invoice processing,invoice ocr"
payroll billing software,480,,0.24,LOW,56,commercial,idea,"automated invoicing,invoice software,invoice management,invoice api|invoice automation,ai invoice generator,invoice processing,invoice ocr"
invoice terms,480,11.51,0.18,LOW,0,informational,idea,"automated invoicing,invoice software,invoice management,invoice api|invoice automation,ai invoice generator,invoice processing,invoice ocr"
square invoice fee,480,8.08,0.3,LOW,35,informational,idea,"automated invoicing,invoice software,invoice management,invoice api|invoice automation,ai invoice generator,invoice processing,invoice ocr"
unscramble invoice,480,,0,LOW,0,commercial,idea,"automated invoicing,invoice software,invoice management,invoice api|invoice automation,ai invoice generator,invoice processing,invoice ocr"
invoice unscramble,480,,0,LOW,0,informational,idea,"automated invoicing,invoice software,invoice management,invoice api|invoice automation,ai invoice generator,invoice processing,invoice ocr"
terms and conditions for invoice,480,6.68,0.23,LOW,0,informational,idea,"invoice automation,ai invoice generator,invoice processing,invoice ocr"
ubl-invoice example,480,,0,LOW,0,informational,idea,"invoice automation,ai invoice generator,invoice processing,invoice ocr"
ubl invoice example,480,,0,LOW,0,informational,idea,"invoice automation,ai invoice generator,invoice processing,invoice ocr"
revenue management software,480,63.75,0.14,LOW,18,commercial,idea,"automated invoicing,invoice software,invoice management,invoice api"
netsuite accounting software,480,75.34,0.42,MEDIUM,15,commercial,idea,"automated invoicing,invoice software,invoice management,invoice api"
ariba spend management,480,6.42,0.23,LOW,7,navigational,idea,"automated invoicing,invoice software,invoice management,invoice api"
comed budget billing,480,1.83,0.03,LOW,0,informational,idea,"automated invoicing,invoice software,invoice management,invoice api"
quickbooks online invoicing,480,11.2,0.15,LOW,36,commercial,idea,"automated invoicing,invoice software,invoice management,invoice api"
aba billing,480,33.96,0.48,MEDIUM,10,navigational,idea,"automated invoicing,invoice software,invoice management,invoice api"
payroll app for small business,480,199.95,0.54,MEDIUM,46,commercial,idea,"automated invoicing,invoice software,invoice management,invoice api"
manager accounting software,480,29.43,0.42,MEDIUM,20,commercial,idea,"automated invoicing,invoice software,invoice management,invoice api"
simple inventory management software,480,62.3,0.5,MEDIUM,15,commercial,idea,"automated invoicing,invoice software,invoice management,invoice api"
online business accounting software,480,33.67,0.42,MEDIUM,52,commercial,idea,"automated invoicing,invoice software,invoice management,invoice api"
audit management software,480,71.41,0.22,LOW,6,commercial,idea,"automated invoicing,invoice software,invoice management,invoice api"
foundation accounting software,480,25.55,0.54,MEDIUM,10,commercial,idea,"automated invoicing,invoice software,invoice management,invoice api"
best inventory management software for small businesses,480,65.5,0.33,LOW,3,commercial,idea,"automated invoicing,invoice software,invoice management,invoice api"
simple accounting software,480,40.77,1,HIGH,40,commercial,idea,"automated invoicing,invoice software,invoice management,invoice api"
aci appraisal software,480,19.98,0.1,LOW,9,commercial,idea,"automated invoicing,invoice software,invoice management,invoice api"
cabinet software,480,9.83,0.66,MEDIUM,11,commercial,idea,"automated invoicing,invoice software,invoice management,invoice api"
restaurant accounting software,480,141.75,0.37,MEDIUM,0,commercial,idea,"automated invoicing,invoice software,invoice management,invoice api"
home budget software,480,15.04,0.99,HIGH,74,commercial,idea,"automated invoicing,invoice software,invoice management,invoice api"
erp accounting software,480,38.02,0.32,LOW,0,commercial,idea,"automated invoicing,invoice software,invoice management,invoice api"
modified accelerated cost recovery system,480,1.66,0.12,LOW,20,informational,idea,"automated invoicing,invoice software,invoice management,invoice api"
payroll software for accountants,480,74.38,0.66,MEDIUM,0,commercial,idea,"automated invoicing,invoice software,invoice management,invoice api"
checkbook register software,480,5.1,1,HIGH,3,commercial,idea,"automated invoicing,invoice software,invoice management,invoice api"
expensify expense management software,480,,0.01,LOW,12,commercial,idea,"automated invoicing,invoice software,invoice management,invoice api"
weight watchers account and billing,480,6.46,0.14,LOW,0,informational,idea,"automated invoicing,invoice software,invoice management,invoice api"
expense reporting software,480,85.12,0.16,LOW,15,commercial,idea,"automated invoicing,invoice software,invoice management,invoice api"
invoice automation,390,94.43,0.37,MEDIUM,6,commercial,idea|related|suggestion,"automated invoicing,invoice software,invoice management,invoice api|invoice automation"
zoho invoice free,390,10.27,0.34,MEDIUM,36,commercial,related,automate invoicing|invoice automation|invoice management software
salesforce billing,390,18.44,0.33,LOW,0,commercial,related,automate invoicing|automated invoicing|invoice automation
best free invoice maker,390,15.57,0.8,HIGH,60,commercial,related,ai invoice|ai invoice generator|invoice ai|invoice generator ai
best free invoice generator,390,18.09,0.7,HIGH,24,commercial,related,invoice ai
invoice management software,390,99.71,0.27,LOW,44,commercial,idea|related|suggestion,"automated invoicing,invoice software,invoice management,invoice api|invoice management|invoice management software|invoice software"
automate invoicing,390,94.43,0.37,MEDIUM,33,commercial,related,automate invoicing
invoice automation software,390,360.46,0.22,LOW,20,commercial,idea|suggestion,"automated invoicing,invoice software,invoice management,invoice api|invoice automation|invoice software"
automated invoice software,390,57.78,0.55,MEDIUM,58,commercial,suggestion,automated invoice|invoice software
invoice automatic,390,94.43,0.37,MEDIUM,22,transactional,suggestion,automatic invoice
invoice generation software,390,85.4,0.58,MEDIUM,56,commercial,suggestion,invoice software
software contractor invoice,390,66.29,0.26,LOW,16,commercial,suggestion,invoice software
auto invoice software,390,57.78,0.55,MEDIUM,37,commercial,suggestion,invoice software
invoice generate software,390,85.4,0.58,MEDIUM,36,commercial,suggestion,invoice software
invoice generating software,390,85.4,0.58,MEDIUM,57,commercial,idea|suggestion,"automated invoicing,invoice software,invoice management,invoice api|invoice software"
invoice create software,390,85.4,0.58,MEDIUM,72,commercial,suggestion,invoice software
software for invoice generation,390,85.4,0.58,MEDIUM,36,commercial,suggestion,invoice software
invoice creation software,390,85.4,0.58,MEDIUM,57,commercial,suggestion,invoice software
automotive invoice software,390,57.78,0.55,MEDIUM,13,commercial,suggestion,invoice software
invoice software for contractors,390,66.29,0.26,LOW,36,commercial,suggestion,invoice software
invoice making software,390,85.4,0.58,MEDIUM,65,commercial,suggestion,invoice software
recurring invoice software,390,43.02,0.08,LOW,24,commercial,suggestion,invoice software|recurring invoice
invoice generator software,390,85.4,0.58,MEDIUM,39,commercial,suggestion,invoice software
create invoice software,390,85.4,0.58,MEDIUM,57,commercial,suggestion,invoice software
contractor invoice software,390,66.29,0.26,LOW,1,commercial,idea|suggestion,"automated invoicing,invoice software,invoice management,invoice api|invoice software"
invoice creating software,390,85.4,0.58,MEDIUM,60,commercial,suggestion,invoice software
best small business invoice app,390,38.91,0.69,HIGH,43,commercial,suggestion,invoice app
small business invoice app,390,35.32,0.56,MEDIUM,62,commercial,suggestion,invoice app
best invoice app for small business,390,38.91,0.69,HIGH,44,commercial,suggestion,invoice app
invoice app for small business,390,35.32,0.56,MEDIUM,45,commercial,idea|suggestion,"automated invoicing,invoice software,invoice management,invoice api|invoice app"
best invoice app for small businesses,390,38.91,0.69,HIGH,52,commercial,suggestion,invoice app
stripe invoice api,390,4.1,0.11,LOW,23,informational,suggestion,invoice api
stripe api invoice,390,4.1,0.11,LOW,35,navigational,suggestion,invoice api
invoice api stripe,390,4.1,0.11,LOW,23,transactional,suggestion,invoice api
accounts payable automation tools,390,53.43,0.18,LOW,32,commercial,suggestion,accounts payable automation
accounts payable automation platform,390,206.33,0.16,LOW,42,commercial,suggestion,accounts payable automation
xero invoicing,390,8.51,0.56,MEDIUM,9,commercial,idea,"automated invoicing,invoice software,invoice management,invoice api|invoice automation,ai invoice generator,invoice processing,invoice ocr"
invoicing programs,390,43.12,0.86,HIGH,61,commercial,idea,"automated invoicing,invoice software,invoice management,invoice api|invoice automation,ai invoice generator,invoice processing,invoice ocr"
bill expense,390,22.79,0.26,LOW,9,informational,idea,"invoice automation,ai invoice generator,invoice processing,invoice ocr"
intuit invoice,390,7.29,0.66,MEDIUM,47,commercial,idea,"automated invoicing,invoice software,invoice management,invoice api|invoice automation,ai invoice generator,invoice processing,invoice ocr"
vat invoice,390,,0.06,LOW,12,informational,idea,"automated invoicing,invoice software,invoice management,invoice api|invoice automation,ai invoice generator,invoice processing,invoice ocr"
freelancer invoice,390,31,0.52,MEDIUM,4,informational,idea,"automated invoicing,invoice software,invoice management,invoice api|invoice automation,ai invoice generator,invoice processing,invoice ocr"
tiny invoice,390,16.79,0.32,LOW,2,informational,idea,"automated invoicing,invoice software,invoice management,invoice api|invoice automation,ai invoice generator,invoice processing,invoice ocr"
net 30 invoice,390,34.52,0.24,LOW,9,informational,idea,"automated invoicing,invoice software,invoice management,invoice api|invoice automation,ai invoice generator,invoice processing,invoice ocr"
purchase invoice,390,12.45,0.5,MEDIUM,0,transactional,idea,"automated invoicing,invoice software,invoice management,invoice api|invoice automation,ai invoice generator,invoice processing,invoice ocr"
quick invoice,390,38.44,0.57,MEDIUM,40,commercial,idea,"automated invoicing,invoice software,invoice management,invoice api|invoice automation,ai invoice generator,invoice processing,invoice ocr"
company invoice,390,33.63,1,HIGH,64,informational,idea,"automated invoicing,invoice software,invoice management,invoice api|invoice automation,ai invoice generator,invoice processing,invoice ocr"
monthly bill planner,390,0.53,1,HIGH,8,informational,idea,"invoice automation,ai invoice generator,invoice processing,invoice ocr"
po invoice,390,8.3,0.35,MEDIUM,0,informational,idea,"automated invoicing,invoice software,invoice management,invoice api|invoice automation,ai invoice generator,invoice processing,invoice ocr"
purchase order invoice,390,8.3,0.35,MEDIUM,0,transactional,idea,"automated invoicing,invoice software,invoice management,invoice api|invoice automation,ai invoice generator,invoice processing,invoice ocr"
dhs spending bill,390,,0,LOW,20,informational,idea,"invoice automation,ai invoice generator,invoice processing,invoice ocr"
generic invoice,390,5.56,1,HIGH,43,informational,idea,"automated invoicing,invoice software,invoice management,invoice api|invoice automation,ai invoice generator,invoice processing,invoice ocr"
quickbooks accounts receivable,390,65.37,0.28,LOW,0,commercial,idea,"invoice automation,ai invoice generator,invoice processing,invoice ocr"
invoice sentence,390,,0,LOW,8,informational,idea,"invoice automation,ai invoice generator,invoice processing,invoice ocr"
invoice abbreviations,390,,0,LOW,0,informational,idea,"invoice automation,ai invoice generator,invoice processing,invoice ocr"
bill quarterly,390,,0.01,LOW,5,informational,idea,"invoice automation,ai invoice generator,invoice processing,invoice ocr"
automated invoicing software,390,57.78,0.55,MEDIUM,42,commercial,idea,"automated invoicing,invoice software,invoice management,invoice api"
tally software,390,22.5,0.29,LOW,26,commercial,idea,"automated invoicing,invoice software,invoice management,invoice api"
invoicing app for small business,390,35.32,0.56,MEDIUM,57,commercial,idea,"automated invoicing,invoice software,invoice management,invoice api"
best invoicing app for small business,390,38.91,0.69,HIGH,57,commercial,idea,"automated invoicing,invoice software,invoice management,invoice api"
expense software,390,75.2,0.5,MEDIUM,35,commercial,idea,"automated invoicing,invoice software,invoice management,invoice api"
utility billing software,390,81.18,0.43,MEDIUM,21,commercial,idea,"automated invoicing,invoice software,invoice management,invoice api"
accounts receivable automation software,390,,0.11,LOW,5,commercial,idea,"automated invoicing,invoice software,invoice management,invoice api"
recurring billing software,390,43.02,0.08,LOW,15,commercial,idea,"automated invoicing,invoice software,invoice management,invoice api"
cheapest accounting software for small business,390,42.53,0.95,HIGH,53,commercial,idea,"automated invoicing,invoice software,invoice management,invoice api"
best expense management software,390,140.41,0.1,LOW,35,commercial,idea,"automated invoicing,invoice software,invoice management,invoice api"
invoicing platforms,390,85.03,0.38,MEDIUM,57,commercial,idea,"automated invoicing,invoice software,invoice management,invoice api"
budget billing pge,390,2.69,0.1,LOW,0,commercial,idea,"automated invoicing,invoice software,invoice management,invoice api"
b2w software,390,16.92,0.37,MEDIUM,14,commercial,idea,"automated invoicing,invoice software,invoice management,invoice api"
cheap payroll software,390,131.62,0.52,MEDIUM,21,commercial,idea,"automated invoicing,invoice software,invoice management,invoice api"
ultratax software,390,27.59,0.5,MEDIUM,6,commercial,idea,"automated invoicing,invoice software,invoice management,invoice api"
best personal accounting software,390,15.56,1,HIGH,41,commercial,idea,"automated invoicing,invoice software,invoice management,invoice api"
digital invoice,390,22.56,0.58,MEDIUM,62,commercial,idea,"automated invoicing,invoice software,invoice management,invoice api"
cash app free tax filing,390,5.3,0.19,LOW,4,informational,idea,"automated invoicing,invoice software,invoice management,invoice api"
bill of materials management software,390,84.99,0.16,LOW,6,commercial,idea,"automated invoicing,invoice software,invoice management,invoice api"
quickbooks online invoice templates,390,27.19,0.15,LOW,5,informational,idea,"automated invoicing,invoice software,invoice management,invoice api"
church financial software,390,25.73,0.48,MEDIUM,11,commercial,idea,"automated invoicing,invoice software,invoice management,invoice api"
best accounting software for nonprofits,390,62.82,0.64,MEDIUM,24,commercial,idea,"automated invoicing,invoice software,invoice management,invoice api"
top 10 accounting software,390,20.39,0.59,MEDIUM,32,commercial,idea,"automated invoicing,invoice software,invoice management,invoice api"
netsuite bill capture,320,138.64,0.45,MEDIUM,0,navigational,related,invoice automation
invoice meaning in business,320,13.13,0.05,LOW,10,informational,related,invoice automation
accounts payable systems,320,137,0.46,MEDIUM,27,commercial,related,invoice automation
invoice payment online,320,57.24,0.36,MEDIUM,58,transactional,related,invoice automation
invoice scanner,320,21.66,0.77,HIGH,2,commercial,related|suggestion,invoice scanner
ap automation netsuite,320,374.09,0.3,LOW,2,navigational,related,accounts payable automation
invoice automation process,320,222.09,0.21,LOW,14,commercial,suggestion,invoice automation
invoice processing automation,320,222.09,0.21,LOW,16,commercial,suggestion,invoice automation|invoice processing
invoice process automation,320,222.09,0.21,LOW,23,commercial,suggestion,invoice automation
automated invoice processing,320,222.09,0.21,LOW,23,commercial,idea|suggestion,"automated invoice|automated invoicing,invoice software,invoice management,invoice api|invoice automation,ai invoice generator,invoice processing,invoice ocr|invoice processing"
invoice management,320,80.86,0.45,MEDIUM,5,commercial,idea|suggestion,"invoice automation,ai invoice generator,invoice processing,invoice ocr|invoice management"
time tracking invoice software,320,109.06,0.18,LOW,33,commercial,suggestion,invoice software
invoice and time tracking software,320,109.06,0.18,LOW,57,commercial,suggestion,invoice software
invoice and quotation software,320,76.83,0.35,MEDIUM,9,commercial,suggestion,invoice software
time tracking and invoice software,320,109.06,0.18,LOW,57,commercial,suggestion,invoice software
online invoice free software,320,31.87,0.03,LOW,57,commercial,suggestion,invoice software
quotation and invoice software,320,76.83,0.35,MEDIUM,19,commercial,suggestion,invoice software
quote invoice software,320,76.83,0.35,MEDIUM,4,commercial,suggestion,invoice software
estimate invoice software,320,71.24,0.77,HIGH,24,commercial,suggestion,invoice software
free invoice online software,320,31.87,0.03,LOW,57,commercial,suggestion,invoice software
online free invoice software,320,31.87,0.03,LOW,57,commercial,suggestion,invoice software
invoice software online free,320,31.87,0.03,LOW,57,commercial,suggestion,invoice software
invoice estimate software,320,71.24,0.77,HIGH,54,commercial,suggestion,invoice software
quote and invoice software,320,76.83,0.35,MEDIUM,53,commercial,suggestion,invoice software
free invoice software online,320,31.87,0.03,LOW,57,commercial,suggestion,invoice software
estimate & invoice software,320,71.24,0.77,HIGH,54,commercial,suggestion,invoice software
online invoice software free,320,31.87,0.03,LOW,57,commercial,suggestion,invoice software
software for quotation and invoice,320,76.83,0.35,MEDIUM,70,commercial,suggestion,invoice software
invoice and estimate software,320,71.24,0.77,HIGH,35,commercial,idea|suggestion,"automated invoicing,invoice software,invoice management,invoice api|invoice software"
invoice tracking software,320,103.1,0.27,LOW,58,commercial,suggestion,invoice software
invoice software free online,320,31.87,0.03,LOW,57,commercial,suggestion,invoice software
free online invoice software,320,31.87,0.03,LOW,58,commercial,suggestion,invoice software
quote to invoice software,320,76.83,0.35,MEDIUM,20,commercial,suggestion,invoice software
invoice quotation software,320,76.83,0.35,MEDIUM,0,commercial,suggestion,invoice software
invoice and quote software,320,76.83,0.35,MEDIUM,45,commercial,suggestion,invoice software
estimate and invoice software,320,71.24,0.77,HIGH,40,commercial,suggestion,invoice software
invoice and estimates software,320,71.24,0.77,HIGH,58,commercial,suggestion,invoice software
invoice quote software,320,76.83,0.35,MEDIUM,20,commercial,suggestion,invoice software
quotation invoice software,320,76.83,0.35,MEDIUM,57,commercial,suggestion,invoice software
estimates and invoice software,320,71.24,0.77,HIGH,38,commercial,suggestion,invoice software
invoice and quoting software,320,76.83,0.35,MEDIUM,57,commercial,suggestion,invoice software
invoice home app,320,8.23,0.49,MEDIUM,12,navigational,idea|suggestion,"automated invoicing,invoice software,invoice management,invoice api|invoice app"
freelancer invoice app,320,24.03,0.06,LOW,16,commercial,suggestion,invoice app
invoice app for freelancers,320,24.03,0.06,LOW,11,commercial,suggestion,invoice app
square invoice app,320,13.64,0.39,MEDIUM,49,transactional,suggestion,invoice app
square app invoice,320,13.64,0.39,MEDIUM,49,navigational,suggestion,invoice app
freelance invoice app,320,24.03,0.06,LOW,11,commercial,suggestion,invoice app
invoice reminder,320,25.49,0.1,LOW,17,informational,idea|suggestion,"automated invoicing,invoice software,invoice management,invoice api|invoice automation,ai invoice generator,invoice processing,invoice ocr|invoice reminder"
reminder for invoice,320,25.49,0.1,LOW,17,informational,suggestion,invoice reminder
netsuite accounts payable automation,320,374.09,0.3,LOW,4,navigational,suggestion,accounts payable automation
accounts payable automation netsuite,320,374.09,0.3,LOW,7,navigational,suggestion,accounts payable automation
billing automation software,320,70.25,0.09,LOW,0,commercial,suggestion,billing automation
account receivable automation,320,127.58,0.26,LOW,21,commercial,idea,"automated invoicing,invoice software,invoice management,invoice api|invoice automation,ai invoice generator,invoice processing,invoice ocr"
accounts payable services,320,45.19,0.17,LOW,3,commercial,idea,"invoice automation,ai invoice generator,invoice processing,invoice ocr"
invoice date,320,,0.03,LOW,0,informational,idea,"automated invoicing,invoice software,invoice management,invoice api|invoice automation,ai invoice generator,invoice processing,invoice ocr"
invoice document,320,11.06,0.52,MEDIUM,43,informational,idea,"automated invoicing,invoice software,invoice management,invoice api|invoice automation,ai invoice generator,invoice processing,invoice ocr"
fillable invoice,320,11.6,0.84,HIGH,34,transactional,idea,"automated invoicing,invoice software,invoice management,invoice api|invoice automation,ai invoice generator,invoice processing,invoice ocr"
invoice statement,320,14.28,0.63,MEDIUM,0,informational,idea,"automated invoicing,invoice software,invoice management,invoice api|invoice automation,ai invoice generator,invoice processing,invoice ocr"
proforma invoice vs invoice,320,4.58,0.04,LOW,0,informational,idea,"automated invoicing,invoice software,invoice management,invoice api|invoice automation,ai invoice generator,invoice processing,invoice ocr"
vendor invoice,320,69.36,0.09,LOW,0,transactional,idea,"automated invoicing,invoice software,invoice management,invoice api|invoice automation,ai invoice generator,invoice processing,invoice ocr"
accounts payable a liability,320,,0.02,LOW,0,informational,idea,"invoice automation,ai invoice generator,invoice processing,invoice ocr"
quickbooks bill,320,14.24,0.58,MEDIUM,33,transactional,idea,"invoice automation,ai invoice generator,invoice processing,invoice ocr"
another word for invoice,320,,0.01,LOW,0,informational,idea,"automated invoicing,invoice software,invoice management,invoice api|invoice automation,ai invoice generator,invoice processing,invoice ocr"
quickbooks create invoice,320,14.33,0.45,MEDIUM,25,transactional,idea,"automated invoicing,invoice software,invoice management,invoice api|invoice automation,ai invoice generator,invoice processing,invoice ocr"
ap invoice,320,23.73,0.24,LOW,0,informational,idea,"automated invoicing,invoice software,invoice management,invoice api|invoice automation,ai invoice generator,invoice processing,invoice ocr"
loss payable clause,320,,0.01,LOW,0,informational,idea,"invoice automation,ai invoice generator,invoice processing,invoice ocr"
accounts receivable process,320,52.25,0.19,LOW,11,informational,idea,"invoice automation,ai invoice generator,invoice processing,invoice ocr"
difference between purchase order and invoice,320,0.43,0.1,LOW,0,informational,idea,"invoice automation,ai invoice generator,invoice processing,invoice ocr"
accounting invoice,320,54.99,0.32,LOW,6,informational,idea,"invoice automation,ai invoice generator,invoice processing,invoice ocr"
other words for invoice,320,,0.01,LOW,0,informational,idea,"invoice automation,ai invoice generator,invoice processing,invoice ocr"
walmart invoice book,320,0.35,1,HIGH,0,informational,idea,"invoice automation,ai invoice generator,invoice processing,invoice ocr"
free online invoicing software,320,31.87,0.03,LOW,57,commercial,idea,"automated invoicing,invoice software,invoice management,invoice api"
free erp software,320,20.63,0.67,MEDIUM,25,commercial,idea,"automated invoicing,invoice software,invoice management,invoice api"
vertex tax software,320,68.91,0.59,MEDIUM,15,commercial,idea,"automated invoicing,invoice software,invoice management,invoice api"
treasury software,320,38.01,0.45,MEDIUM,11,commercial,idea,"automated invoicing,invoice software,invoice management,invoice api"
tax accounting software,320,43.64,0.38,MEDIUM,71,commercial,idea,"automated invoicing,invoice software,invoice management,invoice api"
sap concur expense,320,20.84,0.38,MEDIUM,26,informational,idea,"automated invoicing,invoice software,invoice management,invoice api"
best personal budget software,320,15.75,0.88,HIGH,38,commercial,idea,"automated invoicing,invoice software,invoice management,invoice api"
time tracking and invoicing software,320,109.06,0.18,LOW,57,commercial,idea,"automated invoicing,invoice software,invoice management,invoice api"
internal auditing software,320,98.1,0.31,LOW,1,commercial,idea,"automated invoicing,invoice software,invoice management,invoice api"
subscription billing software,320,86.28,0.14,LOW,15,commercial,idea,"automated invoicing,invoice software,invoice management,invoice api"
business bookkeeping software,320,48.42,0.74,HIGH,51,commercial,idea,"automated invoicing,invoice software,invoice management,invoice api"
bankruptcy software,320,14.06,0.39,MEDIUM,20,commercial,idea,"automated invoicing,invoice software,invoice management,invoice api"
accountedge software,320,37.36,0.55,MEDIUM,12,commercial,idea,"automated invoicing,invoice software,invoice management,invoice api"
sole proprietorship accounting software,320,38.56,0.37,MEDIUM,18,commercial,idea,"automated invoicing,invoice software,invoice management,invoice api"
family office software,320,42.4,0.63,MEDIUM,0,commercial,idea,"automated invoicing,invoice software,invoice management,invoice api"
ledger accounting software,320,29.12,0.45,MEDIUM,20,commercial,idea,"automated invoicing,invoice software,invoice management,invoice api"
open source business software,320,7.87,0.36,MEDIUM,29,commercial,idea,"automated invoicing,invoice software,invoice management,invoice api"
case management software for nonprofits,320,96.65,0.18,LOW,0,commercial,idea,"automated invoicing,invoice software,invoice management,invoice api"
xero accounting software reviews,320,12.93,0.52,MEDIUM,11,commercial,idea,"automated invoicing,invoice software,invoice management,invoice api"
accounting fee for small business,320,25.67,0.31,LOW,0,commercial,idea,"automated invoicing,invoice software,invoice management,invoice api"
accounting software for personal use,320,14.58,1,HIGH,11,commercial,idea,"automated invoicing,invoice software,invoice management,invoice api"
software for tax preparers,320,47.35,0.57,MEDIUM,23,commercial,idea,"automated invoicing,invoice software,invoice management,invoice api"
compliance tracking software,320,84.03,0.21,LOW,3,commercial,idea,"automated invoicing,invoice software,invoice management,invoice api"
appraisal software,320,22.03,0.4,MEDIUM,33,commercial,idea,"automated invoicing,invoice software,invoice management,invoice api"
budget billing utilities,320,8.21,0.02,LOW,0,informational,idea,"automated invoicing,invoice software,invoice management,invoice api"
accounting software accountants,320,70.1,0.2,LOW,31,commercial,idea,"automated invoicing,invoice software,invoice management,invoice api"
accounting software for mac,320,30.44,0.72,HIGH,0,commercial,idea,"automated invoicing,invoice software,invoice management,invoice api"
free cloud based accounting software,320,20.8,0.19,LOW,65,commercial,idea,"automated invoicing,invoice software,invoice management,invoice api"
best ap automation software,260,257.25,0.15,LOW,0,commercial,related,accounts payable automation|automate invoicing|automated invoicing|invoice automation
automated invoice processing software,260,303.35,0.13,LOW,17,commercial,related|suggestion,automate invoicing|automated invoice|automated invoicing|invoice automation|invoice processing|invoice software
best accounts payable automation software,260,257.25,0.15,LOW,38,commercial,related|suggestion,accounts payable automation|invoice automation
zoho invoice sign in,260,14.33,0.07,LOW,47,navigational,related,automate invoicing|invoice automation
zoho invoice app,260,28.87,0.51,MEDIUM,34,transactional,idea|related|suggestion,"automate invoicing|automated invoicing,invoice software,invoice management,invoice api|invoice app|invoice automation|invoice management software"
what is invoice in accounting,260,2.93,0.12,LOW,2,informational,related,invoice automation
apps to pay bills in 4 payments,260,5.71,0.67,HIGH,7,commercial,related,invoice automation
best free receipt scanner app,260,6.48,0.64,MEDIUM,48,informational,related,invoice scanner
invoice approval software,260,226.77,0.3,LOW,0,commercial,related|suggestion,invoice approval|invoice software|invoice workflow
invoice processing automation software,260,303.35,0.13,LOW,15,commercial,idea|suggestion,"automated invoicing,invoice software,invoice management,invoice api|invoice automation|invoice processing|invoice software"
mobile invoice software,260,,0.01,LOW,53,commercial,suggestion,invoice software
express invoice software,260,18.3,0.78,HIGH,0,commercial,suggestion,invoice software
what is accounts payable automation,260,72.67,0.21,LOW,24,informational,suggestion,accounts payable automation
accounts payable automation systems,260,116.15,0.06,LOW,41,commercial,suggestion,accounts payable automation
accounts payable automation system,260,116.15,0.06,LOW,29,commercial,suggestion,accounts payable automation
will ai take over medical billing and coding,260,21.77,0.11,LOW,0,informational,suggestion,ai billing
google ai studio billing,260,1.49,0.02,LOW,22,commercial,suggestion,ai billing
accounts payable department,260,,0.04,LOW,0,navigational,idea,"invoice automation,ai invoice generator,invoice processing,invoice ocr"
freelance invoice generator,260,8.65,0.4,MEDIUM,28,commercial,idea,"automated invoicing,invoice software,invoice management,invoice api|invoice automation,ai invoice generator,invoice processing,invoice ocr"
accounts payable ledger,260,1.55,0.42,MEDIUM,0,commercial,idea,"invoice automation,ai invoice generator,invoice processing,invoice ocr"
accounts payable indeed,260,,0.02,LOW,0,navigational,idea,"invoice automation,ai invoice generator,invoice processing,invoice ocr"
difference between invoice and bill,260,0.11,0.08,LOW,0,informational,idea,"automated invoicing,invoice software,invoice management,invoice api|invoice automation,ai invoice generator,invoice processing,invoice ocr"
zelle invoice,260,14.94,0.38,MEDIUM,5,navigational,idea,"automated invoicing,invoice software,invoice management,invoice api|invoice automation,ai invoice generator,invoice processing,invoice ocr"
square invoice fees,260,12.92,0.38,MEDIUM,34,informational,idea,"automated invoicing,invoice software,invoice management,invoice api|invoice automation,ai invoice generator,invoice processing,invoice ocr"
paid invoice example,260,4.56,1,HIGH,28,informational,idea,"automated invoicing,invoice software,invoice management,invoice api|invoice automation,ai invoice generator,invoice processing,invoice ocr"
payroll business software,260,141.59,0.38,MEDIUM,46,commercial,idea,"automated invoicing,invoice software,invoice management,invoice api|invoice automation,ai invoice generator,invoice processing,invoice ocr"
progress invoicing,260,,0.17,LOW,0,informational,idea,"automated invoicing,invoice software,invoice management,invoice api|invoice automation,ai invoice generator,invoice processing,invoice ocr"
credit invoice,260,25.8,0.13,LOW,0,informational,idea,"automated invoicing,invoice software,invoice management,invoice api|invoice automation,ai invoice generator,invoice processing,invoice ocr"
invoice editor,260,15.11,0.71,HIGH,60,commercial,idea,"automated invoicing,invoice software,invoice management,invoice api|invoice automation,ai invoice generator,invoice processing,invoice ocr"
invoice writer,260,13.43,0.91,HIGH,55,commercial,idea,"automated invoicing,invoice software,invoice management,invoice api|invoice automation,ai invoice generator,invoice processing,invoice ocr"
deposit invoice,260,7.43,0.49,MEDIUM,0,informational,idea,"automated invoicing,invoice software,invoice management,invoice api|invoice automation,ai invoice generator,invoice processing,invoice ocr"
client invoice,260,69.2,0.28,LOW,2,informational,idea,"automated invoicing,invoice software,invoice management,invoice api|invoice automation,ai invoice generator,invoice processing,invoice ocr"
how to invoice,260,16.81,0.55,MEDIUM,11,informational,idea,"automated invoicing,invoice software,invoice management,invoice api|invoice automation,ai invoice generator,invoice processing,invoice ocr"
invoice works,260,13.43,0.26,LOW,5,commercial,idea,"automated invoicing,invoice software,invoice management,invoice api|invoice automation,ai invoice generator,invoice processing,invoice ocr"
paid invoice receipt,260,9.6,1,HIGH,8,informational,idea,"automated invoicing,invoice software,invoice management,invoice api|invoice automation,ai invoice generator,invoice processing,invoice ocr"
invoice tool,260,67.37,0.32,LOW,55,commercial,idea,"automated invoicing,invoice software,invoice management,invoice api|invoice automation,ai invoice generator,invoice processing,invoice ocr"
quickbooks invoicing and payments,260,27.08,0.5,MEDIUM,33,commercial,idea,"automated invoicing,invoice software,invoice management,invoice api|invoice automation,ai invoice generator,invoice processing,invoice ocr"
view invoice,260,15.9,0.1,LOW,4,navigational,idea,"automated invoicing,invoice software,invoice management,invoice api|invoice automation,ai invoice generator,invoice processing,invoice ocr"
account payable turnover,260,,0.03,LOW,4,informational,idea,"invoice automation,ai invoice generator,invoice processing,invoice ocr"
bill vs expense,260,,0.03,LOW,0,informational,idea,"invoice automation,ai invoice generator,invoice processing,invoice ocr"
monthly bill calendar,260,0.85,1,HIGH,7,informational,idea,"invoice automation,ai invoice generator,invoice processing,invoice ocr"
cpa lab bill pay,260,,0,LOW,0,informational,idea,"invoice automation,ai invoice generator,invoice processing,invoice ocr"
prepaid expenses meaning,260,,0.01,LOW,16,informational,idea,"invoice automation,ai invoice generator,invoice processing,invoice ocr"
invoice for lawn care,260,11.03,1,HIGH,0,transactional,idea,"invoice automation,ai invoice generator,invoice processing,invoice ocr"
ciox invoice,260,,0,LOW,0,commercial,idea,"invoice automation,ai invoice generator,invoice processing,invoice ocr"
adams invoice book,260,1.28,0.87,HIGH,0,informational,idea,"invoice automation,ai invoice generator,invoice processing,invoice ocr"
stripe receipts,260,16.41,0.03,LOW,14,navigational,idea,"automated invoicing,invoice software,invoice management,invoice api"
ledger software,260,24.54,0.58,MEDIUM,62,commercial,idea,"automated invoicing,invoice software,invoice management,invoice api"
best money management software,260,13.65,0.85,HIGH,56,commercial,idea,"automated invoicing,invoice software,invoice management,invoice api"
returns management software,260,62.29,0.13,LOW,18,commercial,idea,"automated invoicing,invoice software,invoice management,invoice api"
business inventory software,260,72.25,0.21,LOW,34,commercial,idea,"automated invoicing,invoice software,invoice management,invoice api"
personal bookkeeping software,260,17.2,1,HIGH,41,commercial,idea,"automated invoicing,invoice software,invoice management,invoice api"
cheque printing software,260,30.07,0.59,MEDIUM,3,commercial,idea,"automated invoicing,invoice software,invoice management,invoice api"
what is e-invoicing,260,4.4,0.16,LOW,15,informational,idea,"automated invoicing,invoice software,invoice management,invoice api"
small church accounting software,260,18.92,0.82,HIGH,7,commercial,idea,"automated invoicing,invoice software,invoice management,invoice api"
online bookkeeping software,260,43.01,0.52,MEDIUM,65,commercial,idea,"automated invoicing,invoice software,invoice management,invoice api"
journaling software,260,7.32,0.08,LOW,50,commercial,idea,"automated invoicing,invoice software,invoice management,invoice api"
accounting software programs,260,27.73,0.78,HIGH,43,commercial,idea,"automated invoicing,invoice software,invoice management,invoice api"
crm accounting software,260,21.54,0.31,LOW,0,commercial,idea,"automated invoicing,invoice software,invoice management,invoice api"
alamode appraisal software,260,1.89,0.46,MEDIUM,9,navigational,idea,"automated invoicing,invoice software,invoice management,invoice api"
budget tracking software,260,12.37,0.47,MEDIUM,55,commercial,idea,"automated invoicing,invoice software,invoice management,invoice api"
saas accounting software,260,54.45,0.26,LOW,0,commercial,idea,"automated invoicing,invoice software,invoice management,invoice api"
unreimbursed business expenses,260,,0.03,LOW,17,informational,idea,"automated invoicing,invoice software,invoice management,invoice api"
attendance tracking software,260,54.88,0.27,LOW,9,commercial,idea,"automated invoicing,invoice software,invoice management,invoice api"
it audit software,260,48.46,0.2,LOW,8,commercial,idea,"automated invoicing,invoice software,invoice management,invoice api"
free editable invoice template pdf,210,6.53,0.7,HIGH,33,informational,related,ai invoice
free invoice software download,210,22.28,0.62,MEDIUM,57,transactional,related|suggestion,automate invoicing|automated invoicing|invoice management software|invoice software
invoice ocr,210,50.68,0.49,MEDIUM,10,informational,related|suggestion,invoice ocr
shoeboxed receipt scanner app,210,9.97,0.05,LOW,11,transactional,related,invoice scanner
ramp ap automation,210,74.61,0.45,MEDIUM,0,navigational,related,accounts payable automation
invoice to ocr,210,50.68,0.49,MEDIUM,10,informational,suggestion,invoice ocr
ocr invoice,210,50.68,0.49,MEDIUM,0,informational,suggestion,invoice ocr
invoice payment processing,210,150.84,0.42,MEDIUM,25,commercial,suggestion,invoice processing
vendor invoice management software,210,,0.01,LOW,2,commercial,suggestion,invoice management|invoice software
best invoice free software,210,24.79,0.44,MEDIUM,35,commercial,suggestion,invoice software
best invoice software free,210,24.79,0.44,MEDIUM,35,commercial,suggestion,invoice software
download free invoice software,210,22.28,0.62,MEDIUM,62,transactional,suggestion,invoice software
inventory and invoice software,210,92.84,0.32,LOW,30,commercial,suggestion,invoice software
professional invoice software,210,64.19,0.34,MEDIUM,57,commercial,suggestion,invoice software
best free invoice software,210,24.79,0.44,MEDIUM,57,commercial,suggestion,invoice software
free billing invoice software download,210,22.28,0.62,MEDIUM,58,transactional,suggestion,invoice software
invoice inventory software,210,92.84,0.32,LOW,9,commercial,suggestion,invoice software
free software invoice download,210,22.28,0.62,MEDIUM,57,transactional,suggestion,invoice software
freeware invoice software download,210,22.28,0.62,MEDIUM,57,transactional,suggestion,invoice software
inventory invoice software,210,92.84,0.32,LOW,9,commercial,suggestion,invoice software
billing invoice software free download,210,22.28,0.62,MEDIUM,45,transactional,suggestion,invoice software
invoice and inventory software,210,92.84,0.32,LOW,28,commercial,suggestion,invoice software
invoice free download software,210,22.28,0.62,MEDIUM,57,transactional,suggestion,invoice software
free download software invoice,210,22.28,0.62,MEDIUM,57,transactional,suggestion,invoice software
software for invoice free download,210,22.28,0.62,MEDIUM,57,transactional,suggestion,invoice software
free download invoice software,210,22.28,0.62,MEDIUM,57,transactional,suggestion,invoice software
best freeware invoice software,210,24.79,0.44,MEDIUM,29,commercial,suggestion,invoice software
invoice software download free,210,22.28,0.62,MEDIUM,57,transactional,suggestion,invoice software
invoice software free download,210,22.28,0.62,MEDIUM,57,transactional,suggestion,invoice software
invoice bill software free download,210,22.28,0.62,MEDIUM,45,transactional,suggestion,invoice software
download invoice software free,210,22.28,0.62,MEDIUM,57,transactional,suggestion,invoice software
invoice free software download,210,22.28,0.62,MEDIUM,57,transactional,suggestion,invoice software
bill invoice software free download,210,22.28,0.62,MEDIUM,45,transactional,suggestion,invoice software
invoice billing software free download,210,22.28,0.62,MEDIUM,67,transactional,suggestion,invoice software
software invoice free download,210,22.28,0.62,MEDIUM,57,transactional,suggestion,invoice software
quickbooks invoice app,210,41.08,0.42,MEDIUM,50,transactional,suggestion,invoice app
invoice app for quickbooks,210,41.08,0.42,MEDIUM,32,transactional,suggestion,invoice app
invoice2go invoice app,210,19.45,0.19,LOW,31,transactional,suggestion,invoice app
quickbooks recurring invoice,210,21.21,0.22,LOW,0,informational,idea|suggestion,"automated invoicing,invoice software,invoice management,invoice api|invoice automation,ai invoice generator,invoice processing,invoice ocr|recurring invoice"
recurring invoice quickbooks,210,21.21,0.22,LOW,0,commercial,suggestion,recurring invoice
recurring invoice in quickbooks,210,21.21,0.22,LOW,0,transactional,suggestion,recurring invoice
accounts payable process automation,210,103.55,0.05,LOW,24,commercial,idea|suggestion,"accounts payable automation|invoice automation,ai invoice generator,invoice processing,invoice ocr"
automation of accounts payable process,210,103.55,0.05,LOW,43,commercial,suggestion,accounts payable automation
ai medical billing,210,93.48,0.52,MEDIUM,11,commercial,suggestion,ai billing
claude ai billing,210,2.17,0.08,LOW,6,navigational,suggestion,ai billing
hertz ai inspection billing customers,210,,,,8,transactional,suggestion,ai billing
basic invoice,210,5.6,1,HIGH,32,informational,idea,"automated invoicing,invoice software,invoice management,invoice api|invoice automation,ai invoice generator,invoice processing,invoice ocr"
uga accounts payable,210,,0,LOW,0,navigational,idea,"invoice automation,ai invoice generator,invoice processing,invoice ocr"
work invoice,210,8.37,1,HIGH,43,informational,idea,"automated invoicing,invoice software,invoice management,invoice api|invoice automation,ai invoice generator,invoice processing,invoice ocr"
invoice vs receipt vs bill,210,,0.04,LOW,0,informational,idea,"automated invoicing,invoice software,invoice management,invoice api|invoice automation,ai invoice generator,invoice processing,invoice ocr"
final invoice,210,70.24,0.14,LOW,0,informational,idea,"automated invoicing,invoice software,invoice management,invoice api|invoice automation,ai invoice generator,invoice processing,invoice ocr"
accounts receivable indeed,210,,0.02,LOW,0,informational,idea,"invoice automation,ai invoice generator,invoice processing,invoice ocr"
bill of quantities,210,4.21,0.05,LOW,2,informational,idea,"invoice automation,ai invoice generator,invoice processing,invoice ocr"
accrued accounts payable,210,0.25,0.07,LOW,0,informational,idea,"invoice automation,ai invoice generator,invoice processing,invoice ocr"
invoice discounting,210,41.11,0.23,LOW,5,commercial,idea,"automated invoicing,invoice software,invoice management,invoice api|invoice automation,ai invoice generator,invoice processing,invoice ocr"
coupa invoice,210,10.98,0.47,MEDIUM,2,informational,idea,"automated invoicing,invoice software,invoice management,invoice api|invoice automation,ai invoice generator,invoice processing,invoice ocr"
clover invoicing,210,21.77,0.65,MEDIUM,0,navigational,idea,"automated invoicing,invoice software,invoice management,invoice api|invoice automation,ai invoice generator,invoice processing,invoice ocr"
independent contractor invoice,210,11.99,1,HIGH,0,informational,idea,"automated invoicing,invoice software,invoice management,invoice api|invoice automation,ai invoice generator,invoice processing,invoice ocr"
quickbooks invoice fees,210,24.27,0.5,MEDIUM,0,informational,idea,"automated invoicing,invoice software,invoice management,invoice api|invoice automation,ai invoice generator,invoice processing,invoice ocr"
accounts receivable ledger,210,0.62,0.52,MEDIUM,0,commercial,idea,"invoice automation,ai invoice generator,invoice processing,invoice ocr"
invoice word,210,18.54,0.4,MEDIUM,10,informational,idea,"automated invoicing,invoice software,invoice management,invoice api|invoice automation,ai invoice generator,invoice processing,invoice ocr"
invoice date meaning,210,,0.01,LOW,0,informational,idea,"invoice automation,ai invoice generator,invoice processing,invoice ocr"
revised invoice,210,,0.03,LOW,0,informational,idea,"automated invoicing,invoice software,invoice management,invoice api|invoice automation,ai invoice generator,invoice processing,invoice ocr"
invoice formats,210,8.76,1,HIGH,43,informational,idea,"automated invoicing,invoice software,invoice management,invoice api|invoice automation,ai invoice generator,invoice processing,invoice ocr"
invoice formatting,210,8.76,1,HIGH,31,informational,idea,"automated invoicing,invoice software,invoice management,invoice api|invoice automation,ai invoice generator,invoice processing,invoice ocr"
ledes invoice,210,52.9,0.36,MEDIUM,15,informational,idea,"automated invoicing,invoice software,invoice management,invoice api|invoice automation,ai invoice generator,invoice processing,invoice ocr"
invoice draft,210,12.68,0.4,MEDIUM,55,transactional,idea,"automated invoicing,invoice software,invoice management,invoice api|invoice automation,ai invoice generator,invoice processing,invoice ocr"
bill and expense,210,6.8,0.41,MEDIUM,14,informational,idea,"invoice automation,ai invoice generator,invoice processing,invoice ocr"
invoice due upon receipt,210,,0.03,LOW,0,informational,idea,"automated invoicing,invoice software,invoice management,invoice api|invoice automation,ai invoice generator,invoice processing,invoice ocr"
sap invoice table,210,23.19,0.03,LOW,0,informational,idea,"automated invoicing,invoice software,invoice management,invoice api|invoice automation,ai invoice generator,invoice processing,invoice ocr"
optimum business pay bill,210,,0,LOW,18,commercial,idea,"invoice automation,ai invoice generator,invoice processing,invoice ocr"
us invoice,210,28.01,0.05,LOW,22,informational,idea,"automated invoicing,invoice software,invoice management,invoice api|invoice automation,ai invoice generator,invoice processing,invoice ocr"
schedule of accounts receivable,210,,0.06,LOW,0,informational,idea,"invoice automation,ai invoice generator,invoice processing,invoice ocr"
invoice clipart,210,0.16,0.09,LOW,2,informational,idea,"invoice automation,ai invoice generator,invoice processing,invoice ocr"
invoice vs estimate,210,,0.06,LOW,0,informational,idea,"invoice automation,ai invoice generator,invoice processing,invoice ocr"
square invoice plus,210,3.37,0.13,LOW,25,commercial,idea,"invoice automation,ai invoice generator,invoice processing,invoice ocr"
define invoice date,210,,0.01,LOW,0,informational,idea,"invoice automation,ai invoice generator,invoice processing,invoice ocr"
types of invoice,210,19.8,0.43,MEDIUM,0,informational,idea,"invoice automation,ai invoice generator,invoice processing,invoice ocr"
tsc accounts receivable,210,8.73,0.11,LOW,0,navigational,idea,"invoice automation,ai invoice generator,invoice processing,invoice ocr"
bill period,210,,0,LOW,7,informational,idea,"invoice automation,ai invoice generator,invoice processing,invoice ocr"
aa invoice,210,,0,LOW,0,informational,idea,"invoice automation,ai invoice generator,invoice processing,invoice ocr"
bill tracking notebook,210,0.25,1,HIGH,0,informational,idea,"invoice automation,ai invoice generator,invoice processing,invoice ocr"
bill of sale receipt,210,2.12,1,HIGH,12,transactional,idea,"invoice automation,ai invoice generator,invoice processing,invoice ocr"
bill software,210,38.52,0.54,MEDIUM,24,commercial,idea,"automated invoicing,invoice software,invoice management,invoice api"
small business budgeting software,210,93.43,0.59,MEDIUM,2,commercial,idea,"automated invoicing,invoice software,invoice management,invoice api"
inventory and invoicing software,210,92.84,0.32,LOW,16,commercial,idea,"automated invoicing,invoice software,invoice management,invoice api"
hotel revenue management software,210,,0.16,LOW,15,commercial,idea,"automated invoicing,invoice software,invoice management,invoice api"
finance automation software,210,,0.02,LOW,9,commercial,idea,"automated invoicing,invoice software,invoice management,invoice api"
receipt management software,210,64.13,0.25,LOW,40,commercial,idea,"automated invoicing,invoice software,invoice management,invoice api"
free invoicing platform,210,29.34,0.09,LOW,57,commercial,idea,"automated invoicing,invoice software,invoice management,invoice api"
tally software for accounting,210,16.58,0.4,MEDIUM,10,commercial,idea,"automated invoicing,invoice software,invoice management,invoice api"
quickbooks integration api,210,17.13,0.49,MEDIUM,11,navigational,idea,"automated invoicing,invoice software,invoice management,invoice api"
accounting and inventory management software for small business,210,71.6,0.53,MEDIUM,7,commercial,idea,"automated invoicing,invoice software,invoice management,invoice api"
invoice cloud inc,210,1.71,0.1,LOW,14,navigational,idea,"automated invoicing,invoice software,invoice management,invoice api"
professional invoicing software,210,64.19,0.34,MEDIUM,49,commercial,idea,"automated invoicing,invoice software,invoice management,invoice api"
wix billing,210,,0.02,LOW,16,navigational,idea,"automated invoicing,invoice software,invoice management,invoice api"
treasury management system software,210,,0,LOW,11,commercial,idea,"automated invoicing,invoice software,invoice management,invoice api"
back office software,210,28.84,0.35,MEDIUM,13,commercial,idea,"automated invoicing,invoice software,invoice management,invoice api"
budget management software,210,22.39,0.23,LOW,74,commercial,idea,"automated invoicing,invoice software,invoice management,invoice api"
commission tracking software,210,189.46,0.54,MEDIUM,17,commercial,idea,"automated invoicing,invoice software,invoice management,invoice api"
home inventory software,210,5.86,0.35,MEDIUM,22,commercial,idea,"automated invoicing,invoice software,invoice management,invoice api"
tax automation software,210,197.36,0.14,LOW,33,commercial,idea,"automated invoicing,invoice software,invoice management,invoice api"
accounting software list,210,15.39,0.33,LOW,36,commercial,idea,"automated invoicing,invoice software,invoice management,invoice api"
receipt software,210,28.39,0.47,MEDIUM,37,commercial,idea,"automated invoicing,invoice software,invoice management,invoice api"
virtua billing,210,26.48,0.02,LOW,62,navigational,idea,"automated invoicing,invoice software,invoice management,invoice api"
best accounting software for freelancers,210,43.41,0.1,LOW,20,commercial,idea,"automated invoicing,invoice software,invoice management,invoice api"
process costing system,210,58.96,0.03,LOW,4,commercial,idea,"automated invoicing,invoice software,invoice management,invoice api"
saas billing,210,59.09,0.26,LOW,12,navigational,idea,"automated invoicing,invoice software,invoice management,invoice api"
contractor payroll software,210,221.65,0.15,LOW,7,commercial,idea,"automated invoicing,invoice software,invoice management,invoice api"
ada compliance software,210,62.4,0.55,MEDIUM,85,commercial,idea,"automated invoicing,invoice software,invoice management,invoice api"
different accounting software,210,10.24,0.38,MEDIUM,4,commercial,idea,"automated invoicing,invoice software,invoice management,invoice api"
accounts payable software for small business,170,90.37,0.39,MEDIUM,0,commercial,idea|related,"automated invoicing,invoice software,invoice management,invoice api|invoice automation|invoice processing"
zoho invoice pricing,170,15.82,0.23,LOW,19,commercial,idea|related,"automated invoicing,invoice software,invoice management,invoice api|invoice automation"
ai invoice,170,47.69,0.72,HIGH,10,commercial,idea|related|suggestion,"ai invoice|automated invoicing,invoice software,invoice management,invoice api|invoice automation,ai invoice generator,invoice processing,invoice ocr"
ai invoice generator free,170,18.5,0.74,HIGH,31,commercial,related|suggestion,ai invoice|ai invoice generator|invoice ai
invoice ocr software,170,55.21,0.05,LOW,0,commercial,idea|related|suggestion,"automated invoicing,invoice software,invoice management,invoice api|invoice ocr|invoice software"
invoice scanner software,170,137.06,0.31,LOW,4,commercial,related|suggestion,invoice scanner|invoice software
ocr invoice software,170,55.21,0.05,LOW,0,commercial,suggestion,invoice ocr|invoice software
what is invoice processing,170,,0.03,LOW,5,informational,suggestion,invoice processing
invoice management systems,170,111.72,0.45,MEDIUM,12,commercial,suggestion,invoice management
invoice management system,170,111.72,0.45,MEDIUM,12,commercial,suggestion,invoice management
opentext vendor invoice management,170,28.95,0.39,MEDIUM,0,commercial,suggestion,invoice management
vendor invoice management system,170,10.57,0.04,LOW,1,commercial,suggestion,invoice management
vendor invoice management opentext,170,28.95,0.39,MEDIUM,0,commercial,suggestion,invoice management
scanning invoice software,170,137.06,0.31,LOW,4,commercial,suggestion,invoice software
invoice scanning software,170,137.06,0.31,LOW,4,commercial,suggestion,invoice software
invoice reconciliation software,170,122.08,0.07,LOW,0,commercial,suggestion,invoice software
billing and invoice software,170,56.26,0.17,LOW,58,commercial,suggestion,invoice software
billing invoice software,170,56.26,0.17,LOW,61,commercial,suggestion,invoice software
invoice scan software,170,137.06,0.31,LOW,4,commercial,suggestion,invoice software
simple invoice software,170,58.5,0.96,HIGH,55,commercial,suggestion,invoice software
easiest invoice software,170,58.5,0.96,HIGH,66,commercial,suggestion,invoice software
plumbing invoice software,170,484.5,0.18,LOW,27,commercial,idea|suggestion,"automated invoicing,invoice software,invoice management,invoice api|invoice software"
invoice capture software,170,123.91,0.08,LOW,22,commercial,suggestion,invoice software
billing software invoice,170,56.26,0.17,LOW,57,commercial,suggestion,invoice software
invoice app for iphone,170,22.45,0.66,MEDIUM,22,commercial,suggestion,invoice app
free invoice app for iphone,170,13.97,0.67,MEDIUM,7,transactional,suggestion,invoice app
invoice app iphone free,170,13.97,0.67,MEDIUM,7,informational,suggestion,invoice app
free invoice app iphone,170,13.97,0.67,MEDIUM,14,transactional,suggestion,invoice app
invoice app for iphone free,170,13.97,0.67,MEDIUM,7,informational,suggestion,invoice app
invoice app iphone,170,22.45,0.66,MEDIUM,9,transactional,suggestion,invoice app
iphone invoice app,170,22.45,0.66,MEDIUM,12,transactional,suggestion,invoice app
free iphone invoice app,170,13.97,0.67,MEDIUM,7,transactional,suggestion,invoice app
iphone invoice app free,170,13.97,0.67,MEDIUM,7,informational,suggestion,invoice app
recurring invoice,170,49.63,0.28,LOW,3,informational,suggestion,recurring invoice
invoice approval,170,,0.31,LOW,0,informational,idea|suggestion,"invoice approval|invoice automation,ai invoice generator,invoice processing,invoice ocr"
automation of accounts payable,170,245.29,0.03,LOW,24,commercial,idea|suggestion,"accounts payable automation|invoice automation,ai invoice generator,invoice processing,invoice ocr"
accounts payable ap automation,170,245.29,0.03,LOW,29,commercial,suggestion,accounts payable automation
wise invoice,170,29.2,0.35,MEDIUM,0,navigational,idea,"automated invoicing,invoice software,invoice management,invoice api|invoice automation,ai invoice generator,invoice processing,invoice ocr"
invoice manager,170,12.7,0.52,MEDIUM,12,commercial,idea,"automated invoicing,invoice software,invoice management,invoice api|invoice automation,ai invoice generator,invoice processing,invoice ocr"
bill accounts payable,170,77.01,0.02,LOW,30,informational,idea,"invoice automation,ai invoice generator,invoice processing,invoice ocr"
bonsai invoicing,170,28.8,0.66,MEDIUM,5,navigational,idea,"automated invoicing,invoice software,invoice management,invoice api|invoice automation,ai invoice generator,invoice processing,invoice ocr"
accounts payable ucla,170,,0,LOW,3,navigational,idea,"invoice automation,ai invoice generator,invoice processing,invoice ocr"
commercial invoice generator,170,18.21,0.17,LOW,25,commercial,idea,"automated invoicing,invoice software,invoice management,invoice api|invoice automation,ai invoice generator,invoice processing,invoice ocr"
stripe invoicing fees,170,4.19,0.41,MEDIUM,24,informational,idea,"automated invoicing,invoice software,invoice management,invoice api|invoice automation,ai invoice generator,invoice processing,invoice ocr"
master invoice,170,7.61,0.51,MEDIUM,1,informational,idea,"automated invoicing,invoice software,invoice management,invoice api|invoice automation,ai invoice generator,invoice processing,invoice ocr"
openai invoice,170,6.39,0.01,LOW,3,transactional,idea,"automated invoicing,invoice software,invoice management,invoice api|invoice automation,ai invoice generator,invoice processing,invoice ocr"
invoice details,170,0.03,0.2,LOW,0,informational,idea,"automated invoicing,invoice software,invoice management,invoice api|invoice automation,ai invoice generator,invoice processing,invoice ocr"
accounts payable workflow,170,23.82,0.36,MEDIUM,0,commercial,idea,"invoice automation,ai invoice generator,invoice processing,invoice ocr"
pos invoicing,170,64.29,0.12,LOW,13,commercial,idea,"automated invoicing,invoice software,invoice management,invoice api|invoice automation,ai invoice generator,invoice processing,invoice ocr"
accounts payable duke,170,,0,LOW,1,navigational,idea,"invoice automation,ai invoice generator,invoice processing,invoice ocr"
enterprise invoice,170,0.02,0.02,LOW,0,commercial,idea,"automated invoicing,invoice software,invoice management,invoice api|invoice automation,ai invoice generator,invoice processing,invoice ocr"
consolidated invoice,170,,0.1,LOW,0,informational,idea,"automated invoicing,invoice software,invoice management,invoice api|invoice automation,ai invoice generator,invoice processing,invoice ocr"
difference between bill and invoice,170,0.16,0.06,LOW,0,informational,idea,"invoice automation,ai invoice generator,invoice processing,invoice ocr"
invoice due,170,8.29,0.04,LOW,0,informational,idea,"automated invoicing,invoice software,invoice management,invoice api|invoice automation,ai invoice generator,invoice processing,invoice ocr"
order invoice,170,14.99,1,HIGH,0,transactional,idea,"automated invoicing,invoice software,invoice management,invoice api|invoice automation,ai invoice generator,invoice processing,invoice ocr"
invoice amount,170,,0.08,LOW,7,informational,idea,"automated invoicing,invoice software,invoice management,invoice api|invoice automation,ai invoice generator,invoice processing,invoice ocr"
invoice due date,170,,0.03,LOW,0,informational,idea,"automated invoicing,invoice software,invoice management,invoice api|invoice automation,ai invoice generator,invoice processing,invoice ocr"
concur invoice,170,8.96,0.39,MEDIUM,34,commercial,idea,"automated invoicing,invoice software,invoice management,invoice api|invoice automation,ai invoice generator,invoice processing,invoice ocr"
invoice estimate,170,38.21,0.94,HIGH,6,informational,idea,"automated invoicing,invoice software,invoice management,invoice api|invoice automation,ai invoice generator,invoice processing,invoice ocr"
receiving invoice,170,22.83,0.15,LOW,7,informational,idea,"automated invoicing,invoice software,invoice management,invoice api|invoice automation,ai invoice generator,invoice processing,invoice ocr"
restocking fee meaning,170,,0,LOW,0,informational,idea,"invoice automation,ai invoice generator,invoice processing,invoice ocr"
estimate invoice,170,22.82,1,HIGH,7,informational,idea,"automated invoicing,invoice software,invoice management,invoice api|invoice automation,ai invoice generator,invoice processing,invoice ocr"
engrossed bill,170,,0,LOW,8,informational,idea,"invoice automation,ai invoice generator,invoice processing,invoice ocr"
invoice ach,170,71.23,0.54,MEDIUM,1,transactional,idea,"automated invoicing,invoice software,invoice management,invoice api|invoice automation,ai invoice generator,invoice processing,invoice ocr"
time tracking and invoicing,170,59.77,0.18,LOW,26,commercial,idea,"automated invoicing,invoice software,invoice management,invoice api|invoice automation,ai invoice generator,invoice processing,invoice ocr"
invoice standards,170,4.09,0.97,HIGH,6,informational,idea,"automated invoicing,invoice software,invoice management,invoice api|invoice automation,ai invoice generator,invoice processing,invoice ocr"
period cost meaning,170,,0,LOW,0,informational,idea,"invoice automation,ai invoice generator,invoice processing,invoice ocr"
open invoice meaning,170,7.89,0.03,LOW,0,informational,idea,"invoice automation,ai invoice generator,invoice processing,invoice ocr"
stripe create invoice,170,4.29,0.4,MEDIUM,36,transactional,idea,"automated invoicing,invoice software,invoice management,invoice api|invoice automation,ai invoice generator,invoice processing,invoice ocr"
contractors invoice book,170,0.77,1,HIGH,0,informational,idea,"invoice automation,ai invoice generator,invoice processing,invoice ocr"
lowe's accounts receivable,170,,0.01,LOW,16,navigational,idea,"invoice automation,ai invoice generator,invoice processing,invoice ocr"
e invoice solution,170,,0.06,LOW,18,commercial,idea,"invoice automation,ai invoice generator,invoice processing,invoice ocr"
bill of cost,170,,0,LOW,0,informational,idea,"invoice automation,ai invoice generator,invoice processing,invoice ocr"
billing management software,170,47.44,0.18,LOW,43,commercial,idea,"automated invoicing,invoice software,invoice management,invoice api"
billing and invoicing software,170,56.26,0.17,LOW,43,commercial,idea,"automated invoicing,invoice software,invoice management,invoice api"
simple invoicing software,170,58.5,0.96,HIGH,58,commercial,idea,"automated invoicing,invoice software,invoice management,invoice api"
automated reconciliation software,170,59.38,0.06,LOW,5,commercial,idea,"automated invoicing,invoice software,invoice management,invoice api"
compliance reporting software,170,,0.02,LOW,0,commercial,idea,"automated invoicing,invoice software,invoice management,invoice api"
quickbooks billing software,170,28.53,0.17,LOW,31,commercial,idea,"automated invoicing,invoice software,invoice management,invoice api"
timesheet software for small business,170,96.45,0.12,LOW,27,commercial,idea,"automated invoicing,invoice software,invoice management,invoice api"
google invoice generator,170,10.59,0.7,HIGH,16,commercial,idea,"automated invoicing,invoice software,invoice management,invoice api"
open source budgeting software,170,16.81,0.18,LOW,27,commercial,idea,"automated invoicing,invoice software,invoice management,invoice api"
basic accounting software for small business,170,40.29,0.96,HIGH,50,commercial,idea,"automated invoicing,invoice software,invoice management,invoice api"
make free invoice online,170,19.22,0.8,HIGH,41,transactional,idea,"automated invoicing,invoice software,invoice management,invoice api"
online invoice system,170,99.81,0.38,MEDIUM,58,commercial,idea,"automated invoicing,invoice software,invoice management,invoice api"
mint accounting software,170,29.35,0.64,MEDIUM,26,transactional,idea,"automated invoicing,invoice software,invoice management,invoice api"
best buy invoice,170,0.02,0,LOW,0,transactional,idea,"automated invoicing,invoice software,invoice management,invoice api"
best timekeeping software for small business,170,105.73,0.13,LOW,25,commercial,idea,"automated invoicing,invoice software,invoice management,invoice api"
accounting software for small business mac,170,40.15,0.34,MEDIUM,13,commercial,idea,"automated invoicing,invoice software,invoice management,invoice api"
job order costing system,170,,0.06,LOW,0,commercial,idea,"automated invoicing,invoice software,invoice management,invoice api"
free invoice service,170,33.49,0.78,HIGH,58,commercial,idea,"automated invoicing,invoice software,invoice management,invoice api"
taxcut software,170,62.05,1,HIGH,14,commercial,idea,"automated invoicing,invoice software,invoice management,invoice api"
cheap inventory management software,170,35.45,0.65,MEDIUM,13,commercial,idea,"automated invoicing,invoice software,invoice management,invoice api"
teammate audit software,170,34.34,0.45,MEDIUM,14,commercial,idea,"automated invoicing,invoice software,invoice management,invoice api"
in-house payroll software for small business,170,69.57,0.96,HIGH,21,commercial,idea,"automated invoicing,invoice software,invoice management,invoice api"
quick invoice generator,170,20.35,0.75,HIGH,60,commercial,idea,"automated invoicing,invoice software,invoice management,invoice api"
quick invoice maker,170,20.35,0.75,HIGH,55,transactional,idea,"automated invoicing,invoice software,invoice management,invoice api"
small business receipt,170,7.46,1,HIGH,5,transactional,idea,"automated invoicing,invoice software,invoice management,invoice api"
accounting software examples,170,14.1,0.43,MEDIUM,34,commercial,idea,"automated invoicing,invoice software,invoice management,invoice api"
online invoice service,170,,0.37,MEDIUM,67,commercial,idea,"automated invoicing,invoice software,invoice management,invoice api"
square send invoice,170,9.18,0.56,MEDIUM,31,transactional,idea,"automated invoicing,invoice software,invoice management,invoice api"
budget planner software,170,43.5,0.21,LOW,74,commercial,idea,"automated invoicing,invoice software,invoice management,invoice api"
create your own invoice,170,18.28,0.94,HIGH,55,transactional,idea,"automated invoicing,invoice software,invoice management,invoice api"
cpa software,170,35.24,0.52,MEDIUM,27,commercial,idea,"automated invoicing,invoice software,invoice management,invoice api"
free finance tracking apps,170,7.58,0.56,MEDIUM,53,commercial,idea,"automated invoicing,invoice software,invoice management,invoice api"
ap automation companies,140,322.52,0.38,MEDIUM,38,navigational,related,accounts payable automation|invoice automation
free app to keep track of bills due,140,4.03,0.71,HIGH,33,informational,related,invoice automation
ai invoice template,140,17.85,0.62,MEDIUM,13,commercial,related|suggestion,ai invoice|ai invoice generator|invoice ai
create invoice online free pdf,140,11.52,0.76,HIGH,50,transactional,related,ai invoice|ai invoice generator|invoice generator ai
simple invoice generator,140,19.42,0.78,HIGH,55,commercial,related,ai invoice|ai invoice generator|invoice ai|invoice generator ai
zoho free invoice generator,140,17.58,0.11,LOW,57,commercial,related,ai invoice|ai invoice generator|invoice generator ai
ai invoice processing,140,154.17,0.21,LOW,17,commercial,idea|related|suggestion,"ai invoice|automate invoicing|automated invoicing,invoice software,invoice management,invoice api|invoice ai|invoice automation,ai invoice generator,invoice processing,invoice ocr|invoice processing"
invoice processing jobs,140,1.49,0.22,LOW,0,commercial,related|suggestion,invoice processing
invoice automation system,140,31.59,0.4,MEDIUM,24,commercial,suggestion,invoice automation
invoice template ai,140,17.85,0.62,MEDIUM,25,commercial,suggestion,ai invoice
invoice ai template,140,17.85,0.62,MEDIUM,13,commercial,suggestion,ai invoice
automated invoice system,140,31.59,0.4,MEDIUM,24,commercial,idea|suggestion,"automated invoice|automated invoicing,invoice software,invoice management,invoice api|invoice automation,ai invoice generator,invoice processing,invoice ocr"
invoice processing accounts payable,140,82.39,0.21,LOW,0,commercial,suggestion,invoice processing
online invoice payment processing,140,61.64,0.6,MEDIUM,71,commercial,suggestion,invoice processing
account payable invoice processing,140,82.39,0.21,LOW,8,commercial,suggestion,invoice processing
invoice processing in accounts payable,140,82.39,0.21,LOW,0,commercial,suggestion,invoice processing
accounts payable invoice processing,140,82.39,0.21,LOW,0,commercial,idea|suggestion,"automated invoicing,invoice software,invoice management,invoice api|invoice automation,ai invoice generator,invoice processing,invoice ocr|invoice processing"
artificial intelligence invoice processing,140,154.17,0.21,LOW,0,commercial,suggestion,invoice processing
invoice processing careers,140,1.49,0.22,LOW,0,informational,suggestion,invoice processing
online invoice and payment processing,140,61.64,0.6,MEDIUM,36,commercial,suggestion,invoice processing
free invoice and quotation software,140,25.56,0.84,HIGH,58,commercial,suggestion,invoice software
hvac invoice software,140,198.56,0.52,MEDIUM,1,commercial,suggestion,invoice software
quotation and invoice software free,140,25.56,0.84,HIGH,58,commercial,suggestion,invoice software
invoice and quotation software free,140,25.56,0.84,HIGH,53,informational,suggestion,invoice software
invoice quote software free,140,25.56,0.84,HIGH,45,commercial,suggestion,invoice software
quote invoice software free,140,25.56,0.84,HIGH,51,commercial,suggestion,invoice software
free invoice and quote software,140,25.56,0.84,HIGH,57,commercial,suggestion,invoice software
invoice matching software,140,99.74,0.13,LOW,0,commercial,suggestion,invoice software
landscaping invoice software,140,103.73,0.47,MEDIUM,12,commercial,suggestion,invoice software
free quotation and invoice software,140,25.56,0.84,HIGH,62,commercial,suggestion,invoice software
invoice quotation software free,140,25.56,0.84,HIGH,57,commercial,suggestion,invoice software
free software for quotation and invoice,140,25.56,0.84,HIGH,53,commercial,suggestion,invoice software
free quote invoice software,140,25.56,0.84,HIGH,53,commercial,suggestion,invoice software
quote and invoice software free,140,25.56,0.84,HIGH,57,commercial,suggestion,invoice software
free quote and invoice software,140,25.56,0.84,HIGH,63,commercial,suggestion,invoice software
estimate and invoice app,140,50.38,0.18,LOW,27,commercial,suggestion,invoice app
estimate invoice app,140,50.38,0.18,LOW,14,commercial,idea|suggestion,"automated invoicing,invoice software,invoice management,invoice api|invoice app"
cash app invoice,140,15.09,0.47,MEDIUM,0,transactional,suggestion,invoice app
invoice generator app,140,30.04,0.58,MEDIUM,53,commercial,idea|suggestion,"automated invoicing,invoice software,invoice management,invoice api|invoice app"
what is lightning invoice on cash app,140,,0,LOW,0,informational,suggestion,invoice app
invoice estimate app,140,50.38,0.18,LOW,45,commercial,suggestion,invoice app
invoice and estimate app,140,50.38,0.18,LOW,33,commercial,suggestion,invoice app
bookipi invoice app,140,2.64,0.32,LOW,16,navigational,suggestion,invoice app
free invoice app for small business,140,22.73,0.67,MEDIUM,61,commercial,idea|suggestion,"automated invoicing,invoice software,invoice management,invoice api|invoice app"
how to print invoice from amazon app,140,,0,LOW,0,informational,suggestion,invoice app
api invoice,140,35.91,0.27,LOW,15,commercial,suggestion,invoice api
invoice api,140,35.91,0.27,LOW,18,commercial,suggestion,invoice api
invoice reminder email sample,140,,0,LOW,16,informational,suggestion,invoice reminder
invoice reminder email template,140,,0,LOW,13,informational,suggestion,invoice reminder
benefits of accounts payable automation,140,20.96,0.06,LOW,9,informational,suggestion,accounts payable automation
accounts payable automation benefits,140,20.96,0.06,LOW,9,informational,idea|suggestion,"accounts payable automation|invoice automation,ai invoice generator,invoice processing,invoice ocr"
accounts payable automation companies,140,322.52,0.38,MEDIUM,20,commercial,suggestion,accounts payable automation
will medical billing and coding be replaced by ai,140,2.33,0.08,LOW,0,informational,suggestion,ai billing
google ai billing,140,,0.02,LOW,18,transactional,suggestion,ai billing
is ai taking over medical billing and coding,140,4.92,0.17,LOW,1,informational,suggestion,ai billing
accounts payable invoice,140,15.07,0.26,LOW,5,informational,idea,"invoice automation,ai invoice generator,invoice processing,invoice ocr"
accounts payable invoice process,140,82.39,0.21,LOW,0,informational,idea,"invoice automation,ai invoice generator,invoice processing,invoice ocr"
oracle accounts payable,140,32.35,0.36,MEDIUM,0,commercial,idea,"invoice automation,ai invoice generator,invoice processing,invoice ocr"
rent receipt generator,140,4.68,0.52,MEDIUM,6,informational,idea,"invoice automation,ai invoice generator,invoice processing,invoice ocr"
accounts payable process flow,140,63.75,0.25,LOW,5,informational,idea,"invoice automation,ai invoice generator,invoice processing,invoice ocr"
odoo invoicing,140,18.36,0.27,LOW,25,commercial,idea,"automated invoicing,invoice software,invoice management,invoice api|invoice automation,ai invoice generator,invoice processing,invoice ocr"
monthly invoicing,140,7.17,0.31,LOW,8,commercial,idea,"automated invoicing,invoice software,invoice management,invoice api|invoice automation,ai invoice generator,invoice processing,invoice ocr"
gusto invoicing,140,45.6,0.38,MEDIUM,0,transactional,idea,"automated invoicing,invoice software,invoice management,invoice api|invoice automation,ai invoice generator,invoice processing,invoice ocr"
blank commercial invoice,140,6.57,0.97,HIGH,1,informational,idea,"automated invoicing,invoice software,invoice management,invoice api|invoice automation,ai invoice generator,invoice processing,invoice ocr"
invoice gen,140,10.97,0.64,MEDIUM,50,commercial,idea,"automated invoicing,invoice software,invoice management,invoice api|invoice automation,ai invoice generator,invoice processing,invoice ocr"
invoice model,140,9.49,0.99,HIGH,43,informational,idea,"automated invoicing,invoice software,invoice management,invoice api|invoice automation,ai invoice generator,invoice processing,invoice ocr"
quickbooks progress invoicing,140,47.41,0.11,LOW,0,commercial,idea,"automated invoicing,invoice software,invoice management,invoice api|invoice automation,ai invoice generator,invoice processing,invoice ocr"
salesforce invoicing,140,24.98,0.33,LOW,1,commercial,idea,"automated invoicing,invoice software,invoice management,invoice api|invoice automation,ai invoice generator,invoice processing,invoice ocr"
accounts payable invoices,140,15.07,0.26,LOW,4,informational,idea,"invoice automation,ai invoice generator,invoice processing,invoice ocr"
accounts payable schedule,140,12.33,0.1,LOW,4,informational,idea,"invoice automation,ai invoice generator,invoice processing,invoice ocr"
accounts payable function,140,,0.13,LOW,4,informational,idea,"invoice automation,ai invoice generator,invoice processing,invoice ocr"
duplicate invoice,140,26.78,0.57,MEDIUM,0,informational,idea,"automated invoicing,invoice software,invoice management,invoice api|invoice automation,ai invoice generator,invoice processing,invoice ocr"
commercial invoice meaning,140,,0.04,LOW,5,informational,idea,"invoice automation,ai invoice generator,invoice processing,invoice ocr"
accounts receivable t account,140,,0.04,LOW,0,informational,idea,"invoice automation,ai invoice generator,invoice processing,invoice ocr"
dummy invoice,140,14.72,0.39,MEDIUM,55,informational,idea,"automated invoicing,invoice software,invoice management,invoice api|invoice automation,ai invoice generator,invoice processing,invoice ocr"
schedule of accounts payable,140,12.33,0.1,LOW,0,informational,idea,"invoice automation,ai invoice generator,invoice processing,invoice ocr"
full cycle accounts payable,140,11.96,0.27,LOW,0,informational,idea,"invoice automation,ai invoice generator,invoice processing,invoice ocr"
invoicing information,140,0.01,0.16,LOW,9,informational,idea,"automated invoicing,invoice software,invoice management,invoice api|invoice automation,ai invoice generator,invoice processing,invoice ocr"
invoice sap,140,7.08,0.35,MEDIUM,0,commercial,idea,"automated invoicing,invoice software,invoice management,invoice api|invoice automation,ai invoice generator,invoice processing,invoice ocr"
commercial vs pro forma invoice,140,78.58,0.05,LOW,4,informational,idea,"automated invoicing,invoice software,invoice management,invoice api|invoice automation,ai invoice generator,invoice processing,invoice ocr"
invoice grab,140,,0,LOW,0,informational,idea,"automated invoicing,invoice software,invoice management,invoice api|invoice automation,ai invoice generator,invoice processing,invoice ocr"
difference between proforma invoice and commercial invoice,140,,0.05,LOW,0,informational,idea,"automated invoicing,invoice software,invoice management,invoice api|invoice automation,ai invoice generator,invoice processing,invoice ocr"
two way match accounts payable,140,5.33,0.39,MEDIUM,0,navigational,idea,"invoice automation,ai invoice generator,invoice processing,invoice ocr"
invoice factoring rates,140,99.72,0.22,LOW,0,informational,idea,"automated invoicing,invoice software,invoice management,invoice api|invoice automation,ai invoice generator,invoice processing,invoice ocr"
comed sample bill,140,,0.01,LOW,0,informational,idea,"invoice automation,ai invoice generator,invoice processing,invoice ocr"
staples invoice,140,1.21,1,HIGH,8,navigational,idea,"automated invoicing,invoice software,invoice management,invoice api|invoice automation,ai invoice generator,invoice processing,invoice ocr"
summary invoice,140,,0.12,LOW,0,informational,idea,"invoice automation,ai invoice generator,invoice processing,invoice ocr"
invoice definition in business,140,,0.14,LOW,5,informational,idea,"automated invoicing,invoice software,invoice management,invoice api|invoice automation,ai invoice generator,invoice processing,invoice ocr"
2 way matching in accounts payable,140,5.33,0.39,MEDIUM,0,informational,idea,"invoice automation,ai invoice generator,invoice processing,invoice ocr"
two-way matching in accounts payable,140,5.33,0.39,MEDIUM,0,informational,idea,"invoice automation,ai invoice generator,invoice processing,invoice ocr"
two way matching in accounts payable,140,5.33,0.39,MEDIUM,0,informational,idea,"invoice automation,ai invoice generator,invoice processing,invoice ocr"
2-way matching in accounts payable,140,5.33,0.39,MEDIUM,0,informational,idea,"invoice automation,ai invoice generator,invoice processing,invoice ocr"
itemized bill example,140,3.72,0.07,LOW,0,informational,idea,"invoice automation,ai invoice generator,invoice processing,invoice ocr"
fee schedule meaning,140,0.59,0,LOW,0,informational,idea,"invoice automation,ai invoice generator,invoice processing,invoice ocr"
services rendered invoice,140,7.14,1,HIGH,0,informational,idea,"invoice automation,ai invoice generator,invoice processing,invoice ocr"
note vs account payable,140,,0.01,LOW,0,informational,idea,"invoice automation,ai invoice generator,invoice processing,invoice ocr"
invoice definition accounting,140,,0.07,LOW,1,informational,idea,"invoice automation,ai invoice generator,invoice processing,invoice ocr"
invoice receipt difference,140,22.83,0.1,LOW,0,informational,idea,"invoice automation,ai invoice generator,invoice processing,invoice ocr"
accounts receivable pay,140,18.76,0.05,LOW,0,informational,idea,"invoice automation,ai invoice generator,invoice processing,invoice ocr"
invoice for services rendered,140,7.14,1,HIGH,9,informational,idea,"invoice automation,ai invoice generator,invoice processing,invoice ocr"
adp open invoice,140,4.93,0.1,LOW,0,transactional,idea,"invoice automation,ai invoice generator,invoice processing,invoice ocr"
receipt and invoice difference,140,22.83,0.1,LOW,0,informational,idea,"invoice automation,ai invoice generator,invoice processing,invoice ocr"
bill pay spreadsheet,140,2.69,1,HIGH,0,informational,idea,"invoice automation,ai invoice generator,invoice processing,invoice ocr"
free billing software,140,31.43,0.73,HIGH,58,commercial,idea,"automated invoicing,invoice software,invoice management,invoice api"
best invoicing system for small business,140,44.08,0.89,HIGH,58,commercial,idea,"automated invoicing,invoice software,invoice management,invoice api"
e invoice system,140,52.56,0.29,LOW,22,commercial,idea,"automated invoicing,invoice software,invoice management,invoice api"
asc 842 lease accounting software,140,254.91,0.44,MEDIUM,0,commercial,idea,"automated invoicing,invoice software,invoice management,invoice api"
best online accounting software for small business,140,77.28,0.62,MEDIUM,65,commercial,idea,"automated invoicing,invoice software,invoice management,invoice api"
best online bookkeeping software,140,51.35,0.86,HIGH,51,commercial,idea,"automated invoicing,invoice software,invoice management,invoice api"
myob accounting software,140,11.24,0.39,MEDIUM,0,transactional,idea,"automated invoicing,invoice software,invoice management,invoice api"
google accounting software,140,27.32,0.77,HIGH,10,commercial,idea,"automated invoicing,invoice software,invoice management,invoice api"
conest software,140,50.05,0.24,LOW,13,navigational,idea,"automated invoicing,invoice software,invoice management,invoice api"
best audit software,140,,0.29,LOW,16,commercial,idea,"automated invoicing,invoice software,invoice management,invoice api"
checkbook software for pc,140,4.58,1,HIGH,2,transactional,idea,"automated invoicing,invoice software,invoice management,invoice api"
balance billing california,140,,0.01,LOW,0,informational,idea,"automated invoicing,invoice software,invoice management,invoice api"
best small business payroll and accounting software,140,84,0.83,HIGH,45,commercial,idea,"automated invoicing,invoice software,invoice management,invoice api"
accounting billing,140,,0.16,LOW,11,commercial,idea,"automated invoicing,invoice software,invoice management,invoice api"
royalty management software,140,38.32,0.08,LOW,0,commercial,idea,"automated invoicing,invoice software,invoice management,invoice api"
imposition software,140,2.49,0.3,LOW,6,commercial,idea,"automated invoicing,invoice software,invoice management,invoice api"
duke budget billing,140,,0.03,LOW,0,informational,idea,"automated invoicing,invoice software,invoice management,invoice api"
personal checkbook software,140,4.36,1,HIGH,6,commercial,idea,"automated invoicing,invoice software,invoice management,invoice api"
saas billing software,140,164,0.33,LOW,14,commercial,idea,"automated invoicing,invoice software,invoice management,invoice api"
balance billing charges,140,,0.04,LOW,6,informational,idea,"automated invoicing,invoice software,invoice management,invoice api"
accounting free software,140,26.04,0.63,MEDIUM,50,commercial,idea,"automated invoicing,invoice software,invoice management,invoice api"
m3 accounting software,140,19.7,0.48,MEDIUM,20,commercial,idea,"automated invoicing,invoice software,invoice management,invoice api"
netsuite invoicing,110,46.68,0.33,LOW,0,navigational,idea|related,"automated invoicing|automated invoicing,invoice software,invoice management,invoice api|invoice automation|invoice automation,ai invoice generator,invoice processing,invoice ocr"
bill app login,110,4.42,0.01,LOW,87,navigational,related,invoice automation
ocr invoice processing,110,125.42,0.29,LOW,13,commercial,related|suggestion,invoice ocr|invoice processing
best invoicing software for contractors,110,99.78,0.35,MEDIUM,13,commercial,idea|related,"automated invoicing,invoice software,invoice management,invoice api|invoice management software"
ap invoice automation,110,462.66,0.43,MEDIUM,25,commercial,suggestion,invoice automation
a p invoice automation,110,462.66,0.43,MEDIUM,25,transactional,suggestion,invoice automation
invoice ocr processing,110,125.42,0.29,LOW,0,transactional,suggestion,invoice ocr|invoice processing
invoice processing ocr,110,125.42,0.29,LOW,13,commercial,suggestion,invoice ocr|invoice processing
invoice processing outsourcing,110,,0.04,LOW,0,commercial,idea|suggestion,"automated invoicing,invoice software,invoice management,invoice api|invoice automation,ai invoice generator,invoice processing,invoice ocr|invoice processing"
outsource invoice processing,110,,0.04,LOW,0,commercial,suggestion,invoice processing
outsourced invoice processing,110,,0.04,LOW,0,commercial,idea|suggestion,"automated invoicing,invoice software,invoice management,invoice api|invoice automation,ai invoice generator,invoice processing,invoice ocr|invoice processing"
invoice processing platform,110,84.51,0.52,MEDIUM,11,commercial,suggestion,invoice processing
vendor invoice management sap,110,47.96,0.32,LOW,0,navigational,suggestion,invoice management
sap vendor invoice management,110,47.96,0.32,LOW,0,commercial,suggestion,invoice management
vendor invoice management in sap,110,47.96,0.32,LOW,0,commercial,suggestion,invoice management
free auto repair shop invoice software,110,25.07,0.83,HIGH,8,commercial,suggestion,invoice software
best freelance invoice software,110,29.47,0.14,LOW,16,commercial,suggestion,invoice software
free automotive repair invoice software,110,25.07,0.83,HIGH,3,commercial,suggestion,invoice software
automotive repair invoice software free,110,25.07,0.83,HIGH,3,commercial,suggestion,invoice software
pest control invoice software,110,164.32,0.2,LOW,1,commercial,suggestion,invoice software
best invoice software for freelancers,110,29.47,0.14,LOW,18,commercial,suggestion,invoice software
what is the best invoice software,110,25.35,0.04,LOW,43,commercial,suggestion,invoice software
best contractor invoice software,110,99.78,0.35,MEDIUM,13,commercial,suggestion,invoice software
auto shop invoice software free,110,25.07,0.83,HIGH,4,commercial,suggestion,invoice software
invoice payment software,110,97.67,0.45,MEDIUM,56,commercial,suggestion,invoice software
free auto repair invoice software,110,25.07,0.83,HIGH,0,commercial,suggestion,invoice software
cheap invoice software,110,42.12,0.89,HIGH,57,commercial,idea|suggestion,"automated invoicing,invoice software,invoice management,invoice api|invoice software"
best invoice software for contractors,110,99.78,0.35,MEDIUM,13,commercial,suggestion,invoice software
field service invoice software,110,47.46,0.11,LOW,0,commercial,suggestion,invoice software
auto repair invoice software free,110,25.07,0.83,HIGH,4,commercial,suggestion,invoice software
free auto shop invoice software,110,25.07,0.83,HIGH,0,commercial,suggestion,invoice software
cheapest invoice software,110,42.12,0.89,HIGH,58,commercial,suggestion,invoice software
invoice and payment software,110,97.67,0.45,MEDIUM,68,commercial,idea|suggestion,"automated invoicing,invoice software,invoice management,invoice api|invoice software"
affordable invoice software,110,42.12,0.89,HIGH,57,commercial,suggestion,invoice software
android invoice app,110,27.83,0.59,MEDIUM,22,transactional,suggestion,invoice app
best invoice app for contractors,110,55.78,0.58,MEDIUM,35,commercial,suggestion,invoice app
invoice making app,110,49.9,0.61,MEDIUM,57,commercial,suggestion,invoice app
create an invoice app,110,49.9,0.61,MEDIUM,62,commercial,suggestion,invoice app
best contractor invoice app,110,55.78,0.58,MEDIUM,45,commercial,idea|suggestion,"automated invoicing,invoice software,invoice management,invoice api|invoice app"
contractors invoice app,110,67.26,0.35,MEDIUM,12,commercial,suggestion,invoice app
contractor invoice app,110,67.26,0.35,MEDIUM,22,commercial,suggestion,invoice app
invoice app android,110,27.83,0.59,MEDIUM,23,transactional,suggestion,invoice app
lightning invoice cash app,110,7.96,0.07,LOW,0,transactional,suggestion,invoice app
invoice app for android,110,27.83,0.59,MEDIUM,22,transactional,suggestion,invoice app
invoice android app,110,27.83,0.59,MEDIUM,22,transactional,suggestion,invoice app
create invoice app,110,49.9,0.61,MEDIUM,62,commercial,suggestion,invoice app
invoice simple invoice maker app,110,4.5,0,LOW,21,transactional,suggestion,invoice app
recurring invoice quickbooks online,110,22.56,0.2,LOW,1,transactional,suggestion,recurring invoice
quickbooks online recurring invoice,110,22.56,0.2,LOW,0,transactional,suggestion,recurring invoice
invoice reminder sample,110,,0.07,LOW,0,informational,suggestion,invoice reminder
invoice reminder template,110,,0.07,LOW,4,informational,suggestion,invoice reminder
invoice reminder templates,110,,0.07,LOW,1,informational,suggestion,invoice reminder
accounts payable automation process,110,,0.05,LOW,25,commercial,suggestion,accounts payable automation
accounts payable automation services,110,,0.01,LOW,29,commercial,suggestion,accounts payable automation
ai medical billing software,110,101.04,0.49,MEDIUM,0,commercial,suggestion,ai billing
ai billing software,110,48.45,0.51,MEDIUM,0,commercial,suggestion,ai billing
will ai replace medical billing and coding,110,5.25,0.12,LOW,1,informational,suggestion,ai billing
ocr accounts payable,110,106.64,0.26,LOW,0,informational,idea,"invoice automation,ai invoice generator,invoice processing,invoice ocr"
sap accounts payable,110,43.41,0.53,MEDIUM,0,navigational,idea,"automated invoicing,invoice software,invoice management,invoice api|invoice automation,ai invoice generator,invoice processing,invoice ocr"
ap accounts payable,110,,0.16,LOW,14,navigational,idea,"invoice automation,ai invoice generator,invoice processing,invoice ocr"
accounts payable abbreviation,110,,0.03,LOW,8,informational,idea,"invoice automation,ai invoice generator,invoice processing,invoice ocr"
invoice reconciliation meaning,110,,0.02,LOW,0,informational,idea,"automated invoicing,invoice software,invoice management,invoice api|invoice automation,ai invoice generator,invoice processing,invoice ocr"
accounts payable t account,110,,0.05,LOW,3,informational,idea,"invoice automation,ai invoice generator,invoice processing,invoice ocr"
bill of sale vs invoice,110,,0.03,LOW,0,informational,idea,"invoice automation,ai invoice generator,invoice processing,invoice ocr"
personal invoice,110,7.25,1,HIGH,43,informational,idea,"automated invoicing,invoice software,invoice management,invoice api|invoice automation,ai invoice generator,invoice processing,invoice ocr"
invoice synonyms,110,,0,LOW,0,informational,idea,"automated invoicing,invoice software,invoice management,invoice api|invoice automation,ai invoice generator,invoice processing,invoice ocr"
toast invoice,110,16.91,0.43,MEDIUM,0,informational,idea,"automated invoicing,invoice software,invoice management,invoice api|invoice automation,ai invoice generator,invoice processing,invoice ocr"
accounts payable tool,110,102.25,0.08,LOW,25,commercial,idea,"invoice automation,ai invoice generator,invoice processing,invoice ocr"
tuition invoice,110,38.76,0.09,LOW,8,informational,idea,"automated invoicing,invoice software,invoice management,invoice api|invoice automation,ai invoice generator,invoice processing,invoice ocr"
honeybook invoicing,110,7.74,0.56,MEDIUM,0,navigational,idea,"automated invoicing,invoice software,invoice management,invoice api|invoice automation,ai invoice generator,invoice processing,invoice ocr"
payable vs expense,110,,0.05,LOW,0,informational,idea,"invoice automation,ai invoice generator,invoice processing,invoice ocr"
detailed invoice,110,13.35,0.46,MEDIUM,17,informational,idea,"automated invoicing,invoice software,invoice management,invoice api|invoice automation,ai invoice generator,invoice processing,invoice ocr"
invoice parts,110,7.13,0.8,HIGH,4,commercial,idea,"automated invoicing,invoice software,invoice management,invoice api|invoice automation,ai invoice generator,invoice processing,invoice ocr"
invoice note,110,1.33,0.56,MEDIUM,5,informational,idea,"automated invoicing,invoice software,invoice management,invoice api|invoice automation,ai invoice generator,invoice processing,invoice ocr"
part time accounts payable,110,5.47,0.14,LOW,0,informational,idea,"invoice automation,ai invoice generator,invoice processing,invoice ocr"
retainage payable,110,,0.02,LOW,9,informational,idea,"invoice automation,ai invoice generator,invoice processing,invoice ocr"
lowes invoice,110,3.22,0.03,LOW,15,transactional,idea,"automated invoicing,invoice software,invoice management,invoice api|invoice automation,ai invoice generator,invoice processing,invoice ocr"
edmunds dealer invoice,110,3.71,0.15,LOW,20,commercial,idea,"automated invoicing,invoice software,invoice management,invoice api|invoice automation,ai invoice generator,invoice processing,invoice ocr"
invoice for,110,26.08,0.19,LOW,22,informational,idea,"automated invoicing,invoice software,invoice management,invoice api|invoice automation,ai invoice generator,invoice processing,invoice ocr"
invoice status,110,,0.03,LOW,5,informational,idea,"automated invoicing,invoice software,invoice management,invoice api|invoice automation,ai invoice generator,invoice processing,invoice ocr"
retainer invoice,110,,0.13,LOW,0,transactional,idea,"automated invoicing,invoice software,invoice management,invoice api|invoice automation,ai invoice generator,invoice processing,invoice ocr"
account payable title,110,22.98,0.02,LOW,6,transactional,idea,"invoice automation,ai invoice generator,invoice processing,invoice ocr"
invoice matching,110,30.02,0.21,LOW,0,informational,idea,"invoice automation,ai invoice generator,invoice processing,invoice ocr"
honeybook invoice,110,7.74,0.56,MEDIUM,2,navigational,idea,"invoice automation,ai invoice generator,invoice processing,invoice ocr"
invoice slips,110,2.81,1,HIGH,5,informational,idea,"invoice automation,ai invoice generator,invoice processing,invoice ocr"
money bill counter,110,2.59,1,HIGH,15,informational,idea,"invoice automation,ai invoice generator,invoice processing,invoice ocr"
invoice vs bill of sale,110,,0.03,LOW,0,informational,idea,"invoice automation,ai invoice generator,invoice processing,invoice ocr"
ci travel invoice,110,,0,LOW,0,informational,idea,"invoice automation,ai invoice generator,invoice processing,invoice ocr"
po for invoice,110,,0.12,LOW,0,informational,idea,"invoice automation,ai invoice generator,invoice processing,invoice ocr"
itemised bill,110,,0,LOW,0,informational,idea,"invoice automation,ai invoice generator,invoice processing,invoice ocr"
invoice terms net 30,110,4.96,0.13,LOW,14,informational,idea,"invoice automation,ai invoice generator,invoice processing,invoice ocr"
requirements of an invoice,110,9.02,0.19,LOW,10,informational,idea,"invoice automation,ai invoice generator,invoice processing,invoice ocr"
free money management software,110,7.98,0.72,HIGH,53,commercial,idea,"automated invoicing,invoice software,invoice management,invoice api"
peppol e-invoicing,110,25.03,0.37,MEDIUM,24,navigational,idea,"automated invoicing,invoice software,invoice management,invoice api"
best invoicing software for freelancers,110,29.47,0.14,LOW,16,commercial,idea,"automated invoicing,invoice software,invoice management,invoice api"
quoting software for small business,110,68.76,0.6,MEDIUM,0,commercial,idea,"automated invoicing,invoice software,invoice management,invoice api"
ariba invoicing,110,11.52,0.52,MEDIUM,0,commercial,idea,"automated invoicing,invoice software,invoice management,invoice api"
earned value management software,110,26.98,0.24,LOW,16,commercial,idea,"automated invoicing,invoice software,invoice management,invoice api"
easy payroll software for small business,110,308.5,0.69,HIGH,29,commercial,idea,"automated invoicing,invoice software,invoice management,invoice api"
expense tracking software for small business,110,108.89,0.55,MEDIUM,20,commercial,idea,"automated invoicing,invoice software,invoice management,invoice api"
report generator software,110,18.22,0.32,LOW,13,commercial,idea,"automated invoicing,invoice software,invoice management,invoice api"
what is the best invoicing software,110,25.35,0.04,LOW,39,commercial,idea,"automated invoicing,invoice software,invoice management,invoice api"
free payroll app for small business,110,127.29,0.81,HIGH,16,commercial,idea,"automated invoicing,invoice software,invoice management,invoice api"
accounting software web based,110,62.05,0.32,LOW,52,commercial,idea,"automated invoicing,invoice software,invoice management,invoice api"
small business accounting software comparison,110,33.03,0.34,MEDIUM,51,commercial,idea,"automated invoicing,invoice software,invoice management,invoice api"
contractor invoicing app,110,67.26,0.35,MEDIUM,44,commercial,idea,"automated invoicing,invoice software,invoice management,invoice api"
small business expense tracking software,110,108.89,0.55,MEDIUM,20,commercial,idea,"automated invoicing,invoice software,invoice management,invoice api"
xero small business accounting software,110,24.06,0.55,MEDIUM,31,commercial,idea,"automated invoicing,invoice software,invoice management,invoice api"
field service invoicing software,110,47.46,0.11,LOW,1,commercial,idea,"automated invoicing,invoice software,invoice management,invoice api"
best accounts payable software,90,125.31,0.41,MEDIUM,0,commercial,related,accounts payable automation|automate invoicing|automated invoicing|invoice automation
invoice meaning in accounting,90,,0.03,LOW,0,informational,related,invoice automation
invoice generator ai,90,18.74,0.72,HIGH,8,commercial,related|suggestion,ai invoice|ai invoice generator|invoice generator ai
invoice processing system,90,87.64,0.22,LOW,10,commercial,idea|related|suggestion,"automated invoicing,invoice software,invoice management,invoice api|invoice automation,ai invoice generator,invoice processing,invoice ocr|invoice processing"
invoice processing services,90,45.52,0.24,LOW,0,commercial,idea|related|suggestion,"automated invoicing,invoice software,invoice management,invoice api|invoice automation,ai invoice generator,invoice processing,invoice ocr|invoice processing"
invoice data extraction,90,54.04,0.31,LOW,0,informational,idea|related|suggestion,"automated invoicing,invoice software,invoice management,invoice api|invoice automation,ai invoice generator,invoice processing,invoice ocr|invoice data extraction|invoice extraction"
invoice automation solutions,90,,0.19,LOW,20,commercial,suggestion,invoice automation
quickbooks invoice automation,90,43.98,0.36,MEDIUM,12,commercial,suggestion,invoice automation
invoice automation solution,90,,0.19,LOW,3,commercial,idea|suggestion,"automated invoicing,invoice software,invoice management,invoice api|invoice automation|invoice automation,ai invoice generator,invoice processing,invoice ocr"
invoice automation quickbooks,90,43.98,0.36,MEDIUM,15,commercial,suggestion,invoice automation
quickbooks ai invoice generator,90,14.14,0.08,LOW,30,transactional,suggestion,ai invoice|ai invoice generator
automated invoice generator,90,34.7,0.83,HIGH,55,commercial,suggestion,automated invoice
automated invoice generation,90,34.7,0.83,HIGH,55,commercial,suggestion,automated invoice
automatic invoice quickbooks,90,43.98,0.36,MEDIUM,1,commercial,suggestion,automatic invoice
automatic invoice generator,90,34.7,0.83,HIGH,55,commercial,idea|suggestion,"automated invoicing,invoice software,invoice management,invoice api|automatic invoice|invoice automation,ai invoice generator,invoice processing,invoice ocr"
ocr invoice processing software,90,,0.05,LOW,13,commercial,idea|suggestion,"automated invoicing,invoice software,invoice management,invoice api|invoice ocr|invoice processing|invoice software"
ocr software invoice processing,90,,0.05,LOW,0,commercial,suggestion,invoice ocr|invoice processing|invoice software
automate invoice processing,90,54.04,0.25,LOW,20,commercial,idea|suggestion,"automated invoicing,invoice software,invoice management,invoice api|invoice automation,ai invoice generator,invoice processing,invoice ocr|invoice processing"
invoice processing solution,90,,0.09,LOW,8,commercial,suggestion,invoice processing
invoice processing systems,90,87.64,0.22,LOW,8,commercial,suggestion,invoice processing
invoice processing solutions,90,,0.09,LOW,0,commercial,idea|suggestion,"automated invoicing,invoice software,invoice management,invoice api|invoice automation,ai invoice generator,invoice processing,invoice ocr|invoice processing"
invoice and payment processing,90,38.27,0.64,MEDIUM,26,commercial,suggestion,invoice processing
invoice processing service,90,45.52,0.24,LOW,12,commercial,suggestion,invoice processing
retail invoice software,90,21.85,0.2,LOW,12,commercial,suggestion,invoice software
accounting invoice software small business,90,48.51,0.29,LOW,76,commercial,suggestion,invoice software
invoice and accounting software for small business,90,48.51,0.29,LOW,91,commercial,suggestion,invoice software
invoice estimate software free,90,36.25,0.89,HIGH,45,commercial,suggestion,invoice software
lawn care invoice software,90,,0.06,LOW,25,commercial,suggestion,invoice software
invoice open source software,90,10.8,0.55,MEDIUM,61,commercial,suggestion,invoice software
estimate invoice software free,90,36.25,0.89,HIGH,45,commercial,suggestion,invoice software
invoice and estimate software free,90,36.25,0.89,HIGH,57,commercial,suggestion,invoice software
digital invoice software,90,37.14,0.02,LOW,68,commercial,suggestion,invoice software
free estimate and invoice software,90,36.25,0.89,HIGH,45,commercial,suggestion,invoice software
invoice software for mac,90,23.06,0.75,HIGH,4,commercial,suggestion,invoice software
free invoice software for android,90,27.45,0.77,HIGH,25,transactional,suggestion,invoice software
free invoice and estimate software,90,36.25,0.89,HIGH,45,commercial,suggestion,invoice software
open source invoice software,90,10.8,0.55,MEDIUM,61,commercial,idea|suggestion,"automated invoicing,invoice software,invoice management,invoice api|invoice software"
estimate and invoice software free,90,36.25,0.89,HIGH,55,commercial,suggestion,invoice software
wave invoice software review,90,8.87,0.58,MEDIUM,21,commercial,suggestion,invoice software
mac invoice software,90,23.06,0.75,HIGH,17,commercial,suggestion,invoice software
open source billing and invoice software,90,10.8,0.55,MEDIUM,63,commercial,suggestion,invoice software
invoice software mac,90,23.06,0.75,HIGH,8,commercial,suggestion,invoice software
small business invoice and accounting software,90,48.51,0.29,LOW,62,commercial,suggestion,invoice software
invoice software open source,90,10.8,0.55,MEDIUM,63,commercial,suggestion,invoice software
invoice coding software,90,,0.11,LOW,0,commercial,suggestion,invoice software
how to send a paypal invoice on app,90,7.95,0.22,LOW,48,informational,suggestion,invoice app
e invoice app,90,38.23,0.61,MEDIUM,60,transactional,suggestion,invoice app
joist app invoice,90,6.97,0.62,MEDIUM,13,navigational,suggestion,invoice app
invoice app for android free,90,27.45,0.77,HIGH,26,transactional,suggestion,invoice app
how to send invoice on paypal app,90,7.95,0.22,LOW,18,informational,suggestion,invoice app
open source invoice app,90,10.8,0.55,MEDIUM,56,commercial,suggestion,invoice app
digital invoice app,90,38.23,0.61,MEDIUM,57,commercial,suggestion,invoice app
android invoice app free,90,27.45,0.77,HIGH,25,informational,suggestion,invoice app
hvac invoice app,90,90.36,0.54,MEDIUM,0,commercial,suggestion,invoice app
free android invoice app,90,27.45,0.77,HIGH,26,transactional,suggestion,invoice app
freshbooks invoice app,90,10.57,0.02,LOW,19,navigational,suggestion,invoice app
how to send invoice paypal app,90,7.95,0.22,LOW,24,informational,suggestion,invoice app
how to send a invoice on paypal app,90,7.95,0.22,LOW,24,informational,suggestion,invoice app
e-invoice app,90,38.23,0.61,MEDIUM,28,transactional,suggestion,invoice app
free invoice app for android,90,27.45,0.77,HIGH,19,transactional,suggestion,invoice app
electronic invoice app,90,38.23,0.61,MEDIUM,25,commercial,suggestion,invoice app
joist invoice app,90,6.97,0.62,MEDIUM,12,navigational,suggestion,invoice app
free invoice app android,90,27.45,0.77,HIGH,36,transactional,suggestion,invoice app
shopify invoice app,90,2.01,0.26,LOW,17,transactional,suggestion,invoice app
free invoice generator app,90,17.37,0.73,HIGH,44,commercial,suggestion,invoice app
how to send paypal invoice on app,90,7.95,0.22,LOW,18,informational,suggestion,invoice app
wave app invoice,90,5.08,0.59,MEDIUM,17,navigational,idea|suggestion,"automated invoicing,invoice software,invoice management,invoice api|invoice app"
invoice app shopify,90,2.01,0.26,LOW,9,commercial,suggestion,invoice app
how to send an invoice on paypal app,90,7.95,0.22,LOW,18,informational,suggestion,invoice app
shopify app invoice,90,2.01,0.26,LOW,9,commercial,suggestion,invoice app
invoice overdue reminder,90,16.89,0.21,LOW,0,informational,suggestion,invoice reminder
overdue invoice reminder,90,16.89,0.21,LOW,1,informational,suggestion,invoice reminder
reminder to pay invoice,90,,0.08,LOW,0,transactional,suggestion,invoice reminder
reminder for invoice payment,90,,0.08,LOW,1,transactional,suggestion,invoice reminder
invoice payment reminder,90,,0.08,LOW,16,informational,suggestion,invoice reminder
reminder of invoice payment,90,,0.08,LOW,0,informational,suggestion,invoice reminder
quickbooks accounts payable automation,90,126.42,0.28,LOW,0,commercial,suggestion,accounts payable automation
sage intacct accounts payable automation,90,270.5,0.34,MEDIUM,0,navigational,suggestion,accounts payable automation
accounts payable automation best practices,90,,0.05,LOW,0,informational,suggestion,accounts payable automation
sage accounts payable automation,90,268.15,0.49,MEDIUM,0,navigational,suggestion,accounts payable automation
accounts payable automation quickbooks,90,126.42,0.28,LOW,0,commercial,suggestion,accounts payable automation
medical billing automation,90,45.66,0.13,LOW,0,commercial,suggestion,billing automation
ai in medical billing,90,16.96,0.36,MEDIUM,5,commercial,suggestion,ai billing
medical billing ai,90,23.35,0.56,MEDIUM,12,commercial,suggestion,ai billing
free invoice system,90,26.93,0.78,HIGH,58,commercial,idea,"automated invoicing,invoice software,invoice management,invoice api|invoice automation,ai invoice generator,invoice processing,invoice ocr"
accounts payable images,90,,0,LOW,1,informational,idea,"invoice automation,ai invoice generator,invoice processing,invoice ocr"
invoice receipt generator,90,32.7,0.89,HIGH,21,commercial,idea,"automated invoicing,invoice software,invoice management,invoice api|invoice automation,ai invoice generator,invoice processing,invoice ocr"
invoice receipt maker,90,19.96,0.71,HIGH,30,transactional,idea,"invoice automation,ai invoice generator,invoice processing,invoice ocr"
note payable vs account payable,90,,0.01,LOW,0,informational,idea,"invoice automation,ai invoice generator,invoice processing,invoice ocr"
revised invoice meaning,90,,0.01,LOW,0,informational,idea,"automated invoicing,invoice software,invoice management,invoice api|invoice automation,ai invoice generator,invoice processing,invoice ocr"
sponsorship invoice,90,14.88,0.5,MEDIUM,0,informational,idea,"automated invoicing,invoice software,invoice management,invoice api|invoice automation,ai invoice generator,invoice processing,invoice ocr"
accounts payable segregation of duties,90,12.39,0.17,LOW,0,navigational,idea,"invoice automation,ai invoice generator,invoice processing,invoice ocr"
invoice no,90,11.39,0.02,LOW,0,informational,idea,"automated invoicing,invoice software,invoice management,invoice api|invoice automation,ai invoice generator,invoice processing,invoice ocr"
jhu accounts payable,90,,0,LOW,70,navigational,idea,"invoice automation,ai invoice generator,invoice processing,invoice ocr"
napa accounts payable,90,,0,LOW,0,navigational,idea,"invoice automation,ai invoice generator,invoice processing,invoice ocr"
accounts payable memes,90,,0,LOW,0,informational,idea,"invoice automation,ai invoice generator,invoice processing,invoice ocr"
accounts payable meme,90,,0,LOW,0,informational,idea,"invoice automation,ai invoice generator,invoice processing,invoice ocr"
note payable vs accounts payable,90,,0.01,LOW,0,informational,idea,"invoice automation,ai invoice generator,invoice processing,invoice ocr"
ryder invoicing,90,9.35,0.08,LOW,4,commercial,idea,"automated invoicing,invoice software,invoice management,invoice api|invoice automation,ai invoice generator,invoice processing,invoice ocr"
invoice cost,90,7.32,0.36,MEDIUM,7,informational,idea,"automated invoicing,invoice software,invoice management,invoice api|invoice automation,ai invoice generator,invoice processing,invoice ocr"
oracle accounts receivable,90,43.75,0.29,LOW,0,navigational,idea,"invoice automation,ai invoice generator,invoice processing,invoice ocr"
difference between proforma invoice and invoice,90,10.39,0.03,LOW,0,informational,idea,"automated invoicing,invoice software,invoice management,invoice api|invoice automation,ai invoice generator,invoice processing,invoice ocr"
accounts receivable dashboard,90,35.05,0.15,LOW,0,navigational,idea,"invoice automation,ai invoice generator,invoice processing,invoice ocr"
quickbooks invoice example,90,10.28,0.77,HIGH,6,informational,idea,"automated invoicing,invoice software,invoice management,invoice api|invoice automation,ai invoice generator,invoice processing,invoice ocr"
u m accounts payable,90,,0,LOW,0,navigational,idea,"invoice automation,ai invoice generator,invoice processing,invoice ocr"
u-m accounts payable,90,,0,LOW,0,navigational,idea,"invoice automation,ai invoice generator,invoice processing,invoice ocr"
revenue recognition netsuite,90,19.88,0.41,MEDIUM,0,navigational,idea,"invoice automation,ai invoice generator,invoice processing,invoice ocr"
commercial invoice for export,90,16.27,0.22,LOW,19,transactional,idea,"invoice automation,ai invoice generator,invoice processing,invoice ocr"
pearson invoice,90,,0,LOW,0,navigational,idea,"invoice automation,ai invoice generator,invoice processing,invoice ocr"
quicken invoice,90,12.94,0.72,HIGH,0,commercial,idea,"invoice automation,ai invoice generator,invoice processing,invoice ocr"
avid invoice,90,12.38,0.49,MEDIUM,8,navigational,idea,"invoice automation,ai invoice generator,invoice processing,invoice ocr"
astro invoice,90,,0,LOW,4,informational,idea,"invoice automation,ai invoice generator,invoice processing,invoice ocr"
att invoice,90,5.44,0.11,LOW,1,commercial,idea,"invoice automation,ai invoice generator,invoice processing,invoice ocr"
invoice fee,90,18.13,0.35,MEDIUM,10,informational,idea,"invoice automation,ai invoice generator,invoice processing,invoice ocr"
product invoice,90,1.81,0.98,HIGH,24,informational,idea,"invoice automation,ai invoice generator,invoice processing,invoice ocr"
proposal invoice,90,19.14,1,HIGH,0,informational,idea,"invoice automation,ai invoice generator,invoice processing,invoice ocr"
fha disputed accounts guidelines,90,,0,LOW,0,navigational,idea,"invoice automation,ai invoice generator,invoice processing,invoice ocr"
enverus open invoice,90,13.53,0.37,MEDIUM,0,navigational,idea,"invoice automation,ai invoice generator,invoice processing,invoice ocr"
line item invoice,90,12.46,0.24,LOW,0,informational,idea,"invoice automation,ai invoice generator,invoice processing,invoice ocr"
manual invoice,90,4.15,0.96,HIGH,9,informational,idea,"invoice automation,ai invoice generator,invoice processing,invoice ocr"
wrap fee accounts,90,,0.05,LOW,13,transactional,idea,"invoice automation,ai invoice generator,invoice processing,invoice ocr"
small business invoicing and accounting software,90,48.51,0.29,LOW,57,commercial,idea,"automated invoicing,invoice software,invoice management,invoice api"
create invoice for small business,90,55.43,0.82,HIGH,57,transactional,idea,"automated invoicing,invoice software,invoice management,invoice api"
small business software programs,90,37.96,0.88,HIGH,50,commercial,idea,"automated invoicing,invoice software,invoice management,invoice api"
unt account management system,90,5.09,0,LOW,47,navigational,idea,"automated invoicing,invoice software,invoice management,invoice api"
zoho invoice reviews,90,13.13,0.47,MEDIUM,15,informational,idea,"automated invoicing,invoice software,invoice management,invoice api"
wix invoice,90,13.96,0.29,LOW,15,transactional,idea,"automated invoicing,invoice software,invoice management,invoice api"
dte budget wise billing,90,,0,LOW,0,informational,idea,"automated invoicing,invoice software,invoice management,invoice api"
open source accounting software for small business,90,13.05,0.88,HIGH,50,commercial,idea,"automated invoicing,invoice software,invoice management,invoice api"
invoice ninja self hosted,90,18,0.07,LOW,24,navigational,idea,"automated invoicing,invoice software,invoice management,invoice api"
sage accounting software for small business,90,32.18,0.36,MEDIUM,12,commercial,idea,"automated invoicing,invoice software,invoice management,invoice api"
zoho quickbooks integration,90,15.59,0.37,MEDIUM,1,navigational,idea,"automated invoicing,invoice software,invoice management,invoice api"
factoring software,90,45.63,0.44,MEDIUM,11,commercial,idea,"automated invoicing,invoice software,invoice management,invoice api"
intuit quickbooks invoice,90,7.74,0.56,MEDIUM,43,transactional,idea,"automated invoicing,invoice software,invoice management,invoice api"
ebay invoice generator,90,22.04,0.22,LOW,1,commercial,idea,"automated invoicing,invoice software,invoice management,invoice api"
automated reporting software,90,,0.01,LOW,1,commercial,idea,"automated invoicing,invoice software,invoice management,invoice api"
invoicing software mac,90,23.06,0.75,HIGH,7,commercial,idea,"automated invoicing,invoice software,invoice management,invoice api"
bill management system,90,91.01,0.3,LOW,1,commercial,idea,"automated invoicing,invoice software,invoice management,invoice api"
accounting cs software,90,57.23,0.62,MEDIUM,7,commercial,idea,"automated invoicing,invoice software,invoice management,invoice api"
quarterly billing cycle,90,,0.02,LOW,0,informational,idea,"automated invoicing,invoice software,invoice management,invoice api"
quickbooks automatic invoicing,90,43.98,0.36,MEDIUM,12,commercial,idea,"automated invoicing,invoice software,invoice management,invoice api"
project financial management software,90,,0.05,LOW,0,commercial,idea,"automated invoicing,invoice software,invoice management,invoice api"
audit management system software,90,,0.01,LOW,18,commercial,idea,"automated invoicing,invoice software,invoice management,invoice api"
myob software,90,43.06,0.34,MEDIUM,0,commercial,idea,"automated invoicing,invoice software,invoice management,invoice api"
best ap automation software for small business,70,464.65,0.1,LOW,0,commercial,related,accounts payable automation|automate invoicing|automated invoicing|invoice automation
invoice meaning in payment,70,31.15,0.2,LOW,0,informational,related,invoice automation
bill mobile app,70,34.13,0.3,LOW,39,navigational,related,invoice automation
ap automation software comparison,70,206.12,0.04,LOW,8,commercial,related,accounts payable automation|invoice automation
accounts payable software for large business,70,,0.39,MEDIUM,0,commercial,related,accounts payable automation|invoice automation
accounts payable approval software,70,93.35,0.13,LOW,3,commercial,related,invoice automation
invoice accounting entry,70,,0.04,LOW,1,informational,related,invoice automation
receipt in arabic,70,18.83,0.02,LOW,0,informational,related,invoice automation
ai invoice maker,70,36.19,0.74,HIGH,11,commercial,related|suggestion,ai invoice
invoice processing companies,70,,0.25,LOW,11,commercial,related|suggestion,invoice processing
invoice ocr api,70,,0.04,LOW,0,informational,related|suggestion,invoice api|invoice ocr
invoice workflow,70,84.34,0.26,LOW,0,commercial,related,invoice workflow
accounts payable invoice automation,70,192.08,0.02,LOW,30,commercial,idea|suggestion,"accounts payable automation|automated invoicing,invoice software,invoice management,invoice api|invoice automation|invoice automation,ai invoice generator,invoice processing,invoice ocr"
account payable invoice automation,70,192.08,0.02,LOW,30,transactional,suggestion,invoice automation
ai invoice processing software,70,,0.05,LOW,7,commercial,suggestion,ai invoice|invoice processing|invoice software
open ai invoice,70,,0.03,LOW,5,transactional,suggestion,ai invoice
benefits of automated invoice processing,70,,0,LOW,1,informational,idea|suggestion,"automated invoice|automated invoicing,invoice software,invoice management,invoice api|invoice automation,ai invoice generator,invoice processing,invoice ocr|invoice processing"
automated invoice processing benefits,70,,0,LOW,0,commercial,idea|suggestion,"automated invoice|automated invoicing,invoice software,invoice management,invoice api|invoice automation,ai invoice generator,invoice processing,invoice ocr|invoice processing"
ocr software for invoice processing,70,43.25,0.21,LOW,0,commercial,suggestion,invoice ocr|invoice processing|invoice software
invoice scanning ocr,70,71.49,0.31,LOW,0,transactional,suggestion,invoice ocr
ocr invoice scanning,70,71.49,0.31,LOW,5,commercial,suggestion,invoice ocr
invoice ocr scanning,70,71.49,0.31,LOW,0,transactional,suggestion,invoice ocr
ap invoice processing,70,27.41,0.21,LOW,7,commercial,suggestion,invoice processing
vendor invoice processing,70,26.07,0.32,LOW,3,commercial,idea|suggestion,"automated invoicing,invoice software,invoice management,invoice api|invoice automation,ai invoice generator,invoice processing,invoice ocr|invoice processing"
invoice processing company,70,,0.25,LOW,4,commercial,suggestion,invoice processing
supplier invoice processing,70,26.07,0.32,LOW,0,commercial,suggestion,invoice processing
invoice parser,70,55.57,0.35,MEDIUM,0,commercial,idea|suggestion,"automated invoicing,invoice software,invoice management,invoice api|invoice automation,ai invoice generator,invoice processing,invoice ocr|invoice parser"
vendor invoice management training,70,0.57,0.18,LOW,0,commercial,suggestion,invoice management
sap central invoice management,70,8.3,0.18,LOW,0,navigational,suggestion,invoice management
easy invoice billing software,70,64.69,0.87,HIGH,43,commercial,suggestion,invoice software
landscape invoice software,70,49.7,0.27,LOW,0,commercial,suggestion,invoice software
timesheet and invoice software,70,112.16,0.12,LOW,20,commercial,suggestion,invoice software
invoice reminder software,70,17.71,0.16,LOW,0,commercial,suggestion,invoice reminder|invoice software
easy invoice software,70,64.69,0.87,HIGH,42,commercial,idea|suggestion,"automated invoicing,invoice software,invoice management,invoice api|invoice software"
timesheet invoice software,70,112.16,0.12,LOW,20,transactional,suggestion,invoice software
invoice and quote software small business,70,66.1,0.8,HIGH,58,commercial,idea|suggestion,"automated invoicing,invoice software,invoice management,invoice api|invoice software"
invoice numbering software,70,,0.13,LOW,19,commercial,suggestion,invoice software
accounting and invoice software free,70,26.46,0.16,LOW,50,commercial,suggestion,invoice software
free invoice accounting software,70,26.46,0.16,LOW,57,commercial,suggestion,invoice software
free invoice and accounting software,70,26.46,0.16,LOW,57,commercial,suggestion,invoice software
scheduling and invoice software,70,78.09,0.54,MEDIUM,42,commercial,suggestion,invoice software
invoice accounting software free,70,26.46,0.16,LOW,58,commercial,suggestion,invoice software
free accounting invoice software,70,26.46,0.16,LOW,50,commercial,suggestion,invoice software
quote and invoice software for small business,70,66.1,0.8,HIGH,58,commercial,suggestion,invoice software
invoice software for electricians,70,68,0.25,LOW,0,commercial,suggestion,invoice software
payroll and invoice software,70,62.76,0.71,HIGH,70,commercial,suggestion,invoice software
invoice and payroll software,70,62.76,0.71,HIGH,100,commercial,suggestion,invoice software
electrical invoice software,70,68,0.25,LOW,0,commercial,suggestion,invoice software
free accounting and invoice software,70,26.46,0.16,LOW,50,commercial,suggestion,invoice software
invoice quote software small business,70,66.1,0.8,HIGH,58,commercial,suggestion,invoice software
wave invoice maker app,70,,0,LOW,58,transactional,suggestion,invoice app
invoice online app,70,27.06,0.49,MEDIUM,66,transactional,suggestion,invoice app
zoho invoice billing app,70,,0,LOW,37,navigational,suggestion,invoice app
invoice creation app,70,25.38,0.75,HIGH,62,commercial,suggestion,invoice app
mechanic invoice app,70,30.32,0.77,HIGH,11,commercial,suggestion,invoice app
invoice and payment app,70,82.39,0.58,MEDIUM,57,commercial,suggestion,invoice app
printing invoice from amazon app,70,,0,LOW,0,transactional,suggestion,invoice app
plumbing invoice app,70,,0.06,LOW,0,informational,suggestion,invoice app
print invoice from amazon app,70,,0,LOW,0,transactional,suggestion,invoice app
time tracking invoice app,70,,0.13,LOW,57,transactional,suggestion,invoice app
invoice time tracking app,70,,0.13,LOW,15,commercial,suggestion,invoice app
app invoice simple,70,13.13,0.75,HIGH,29,informational,suggestion,invoice app
invoice app online,70,27.06,0.49,MEDIUM,62,navigational,suggestion,invoice app
online invoice app,70,27.06,0.49,MEDIUM,58,commercial,suggestion,invoice app
business invoice app,70,32.48,0.79,HIGH,62,commercial,suggestion,invoice app
time tracker and invoice app,70,,0.13,LOW,29,transactional,suggestion,invoice app
easy invoice app,70,28.77,0.74,HIGH,11,commercial,suggestion,invoice app
print invoice amazon app,70,,0,LOW,1,transactional,suggestion,invoice app
invoice payment app,70,82.39,0.58,MEDIUM,62,commercial,suggestion,invoice app
paypal recurring invoice,70,4.73,0.23,LOW,21,informational,suggestion,recurring invoice
recurring invoice in quickbooks online,70,14.03,0.29,LOW,0,transactional,suggestion,recurring invoice
recurring invoice paypal,70,4.73,0.23,LOW,19,informational,suggestion,recurring invoice
past due invoice reminder,70,12.74,0.37,MEDIUM,17,informational,suggestion,invoice reminder
reminder for unpaid invoice,70,,0.03,LOW,1,transactional,suggestion,invoice reminder
invoice reminder xero,70,,0,LOW,0,transactional,suggestion,invoice reminder
invoice unpaid reminder,70,,0.03,LOW,17,informational,suggestion,invoice reminder
reminder invoice email,70,,0.08,LOW,0,informational,suggestion,invoice reminder
reminder invoice unpaid,70,,0.03,LOW,0,informational,suggestion,invoice reminder
invoice reminder email,70,,0.08,LOW,16,informational,suggestion,invoice reminder
unpaid invoice reminder,70,,0.03,LOW,0,informational,suggestion,invoice reminder
reminder of unpaid invoice,70,,0.03,LOW,2,informational,suggestion,invoice reminder
email invoice reminder,70,,0.08,LOW,16,informational,suggestion,invoice reminder
xero invoice reminder,70,,0,LOW,0,transactional,suggestion,invoice reminder
reminder unpaid invoice,70,,0.03,LOW,0,informational,suggestion,invoice reminder
invoice workflow approval,70,63.13,0.34,MEDIUM,0,commercial,suggestion,invoice approval
invoice approval workflow,70,63.13,0.34,MEDIUM,0,informational,suggestion,invoice approval
avidxchange accounts payable automation,70,62.59,0.1,LOW,0,commercial,suggestion,accounts payable automation
esker accounts payable automation,70,45.25,0.56,MEDIUM,0,navigational,suggestion,accounts payable automation
accounts payable automation sap,70,72.57,0.06,LOW,0,commercial,suggestion,accounts payable automation
accounts payable automation definition,70,,0,LOW,18,informational,suggestion,accounts payable automation
top accounts payable automation software,70,,0.18,LOW,8,commercial,suggestion,accounts payable automation
accounts payable automation software comparison,70,206.12,0.04,LOW,12,commercial,suggestion,accounts payable automation
accounts payable workflow automation,70,,0.01,LOW,23,commercial,suggestion,accounts payable automation
basware accounts payable automation,70,367.53,0.26,LOW,6,commercial,suggestion,accounts payable automation
sap accounts payable automation,70,72.57,0.06,LOW,0,navigational,suggestion,accounts payable automation
billing automation,70,163.4,0.26,LOW,1,commercial,suggestion,billing automation
ai medical billing and coding,70,79.52,0.7,HIGH,12,commercial,suggestion,ai billing
ai for medical billing,70,39.19,0.42,MEDIUM,3,commercial,suggestion,ai billing
ai studio billing,70,1.22,0.04,LOW,21,commercial,suggestion,ai billing
accounts payable netsuite,70,238.88,0.41,MEDIUM,0,navigational,idea,"automated invoicing,invoice software,invoice management,invoice api|invoice automation,ai invoice generator,invoice processing,invoice ocr"
accounts payable certification free,70,5.8,0.69,HIGH,11,informational,idea,"invoice automation,ai invoice generator,invoice processing,invoice ocr"
new invoice,70,19.8,0.48,MEDIUM,33,informational,idea,"automated invoicing,invoice software,invoice management,invoice api|invoice automation,ai invoice generator,invoice processing,invoice ocr"
wmu accounts payable,70,,0,LOW,0,navigational,idea,"invoice automation,ai invoice generator,invoice processing,invoice ocr"
lsu accounts payable,70,,0,LOW,0,navigational,idea,"invoice automation,ai invoice generator,invoice processing,invoice ocr"
accounts payable process steps,70,12.74,0.24,LOW,0,informational,idea,"invoice automation,ai invoice generator,invoice processing,invoice ocr"
novo invoicing,70,66.05,0.54,MEDIUM,6,commercial,idea,"automated invoicing,invoice software,invoice management,invoice api|invoice automation,ai invoice generator,invoice processing,invoice ocr"
accounts payable process flow chart,70,13.39,0.26,LOW,0,informational,idea,"invoice automation,ai invoice generator,invoice processing,invoice ocr"
invoice bee,70,40.63,0.49,MEDIUM,9,transactional,idea,"automated invoicing,invoice software,invoice management,invoice api|invoice automation,ai invoice generator,invoice processing,invoice ocr"
payroll and invoicing software,70,62.76,0.71,HIGH,56,commercial,idea,"automated invoicing,invoice software,invoice management,invoice api|invoice automation,ai invoice generator,invoice processing,invoice ocr"
accounts payable training free,70,5.21,0.57,MEDIUM,4,informational,idea,"invoice automation,ai invoice generator,invoice processing,invoice ocr"
bill of entry,70,,0.01,LOW,0,informational,idea,"invoice automation,ai invoice generator,invoice processing,invoice ocr"
invoice list,70,17.33,0.19,LOW,0,informational,idea,"automated invoicing,invoice software,invoice management,invoice api|invoice automation,ai invoice generator,invoice processing,invoice ocr"
wholesale invoice,70,10.51,1,HIGH,0,commercial,idea,"automated invoicing,invoice software,invoice management,invoice api|invoice automation,ai invoice generator,invoice processing,invoice ocr"
oracle invoicing,70,18.06,0.34,MEDIUM,0,commercial,idea,"automated invoicing,invoice software,invoice management,invoice api|invoice automation,ai invoice generator,invoice processing,invoice ocr"
e-invoicing mandates,70,14.92,0.57,MEDIUM,1,commercial,idea,"automated invoicing,invoice software,invoice management,invoice api|invoice automation,ai invoice generator,invoice processing,invoice ocr"
invoicing vs billing,70,107.9,0.06,LOW,0,informational,idea,"automated invoicing,invoice software,invoice management,invoice api|invoice automation,ai invoice generator,invoice processing,invoice ocr"
accounts payable spreadsheet,70,68.9,0.95,HIGH,0,informational,idea,"invoice automation,ai invoice generator,invoice processing,invoice ocr"
accounts payable icon,70,1.18,0.01,LOW,0,navigational,idea,"invoice automation,ai invoice generator,invoice processing,invoice ocr"
accounts payable sheet,70,68.9,0.95,HIGH,0,informational,idea,"invoice automation,ai invoice generator,invoice processing,invoice ocr"
accounts payable voucher,70,4.07,0.56,MEDIUM,0,transactional,idea,"invoice automation,ai invoice generator,invoice processing,invoice ocr"
comcast accounts payable,70,5.72,0.04,LOW,6,navigational,idea,"invoice automation,ai invoice generator,invoice processing,invoice ocr"
csuf accounts payable,70,,0,LOW,5,navigational,idea,"invoice automation,ai invoice generator,invoice processing,invoice ocr"
proforma vs invoice,70,,0.05,LOW,0,informational,idea,"automated invoicing,invoice software,invoice management,invoice api|invoice automation,ai invoice generator,invoice processing,invoice ocr"
create custom invoice,70,24.82,0.9,HIGH,60,transactional,idea,"automated invoicing,invoice software,invoice management,invoice api|invoice automation,ai invoice generator,invoice processing,invoice ocr"
invoice total,70,18.17,0.12,LOW,0,informational,idea,"automated invoicing,invoice software,invoice management,invoice api|invoice automation,ai invoice generator,invoice processing,invoice ocr"
wawf invoicing,70,,0.08,LOW,9,navigational,idea,"automated invoicing,invoice software,invoice management,invoice api|invoice automation,ai invoice generator,invoice processing,invoice ocr"
accounts payable icons,70,1.18,0.01,LOW,0,informational,idea,"invoice automation,ai invoice generator,invoice processing,invoice ocr"
nmt accounts payable,70,,0,LOW,0,navigational,idea,"invoice automation,ai invoice generator,invoice processing,invoice ocr"
fastrak charge vs invoice,70,,0,LOW,0,informational,idea,"automated invoicing,invoice software,invoice management,invoice api|invoice automation,ai invoice generator,invoice processing,invoice ocr"
accounts receivable icon,70,,0,LOW,0,navigational,idea,"invoice automation,ai invoice generator,invoice processing,invoice ocr"
at&t accounts payable,70,2.65,0.06,LOW,17,navigational,idea,"invoice automation,ai invoice generator,invoice processing,invoice ocr"
accounts payable turnover days,70,,0.06,LOW,0,informational,idea,"invoice automation,ai invoice generator,invoice processing,invoice ocr"
invoice simple reviews,70,30.5,0.6,MEDIUM,18,informational,idea,"automated invoicing,invoice software,invoice management,invoice api|invoice automation,ai invoice generator,invoice processing,invoice ocr"
invoice ninja pricing,70,26.07,0.39,MEDIUM,12,commercial,idea,"automated invoicing,invoice software,invoice management,invoice api|invoice automation,ai invoice generator,invoice processing,invoice ocr"
square create invoice,70,7.07,0.53,MEDIUM,40,transactional,idea,"automated invoicing,invoice software,invoice management,invoice api|invoice automation,ai invoice generator,invoice processing,invoice ocr"
invoice log,70,5.24,0.59,MEDIUM,62,navigational,idea,"automated invoicing,invoice software,invoice management,invoice api|invoice automation,ai invoice generator,invoice processing,invoice ocr"
e-invoicing requirements,70,16.02,0.49,MEDIUM,3,commercial,idea,"invoice automation,ai invoice generator,invoice processing,invoice ocr"
create an invoice for freelance work,70,24.57,0.36,MEDIUM,0,transactional,idea,"automated invoicing,invoice software,invoice management,invoice api|invoice automation,ai invoice generator,invoice processing,invoice ocr"
budget invoice,70,0.07,0.04,LOW,0,informational,idea,"invoice automation,ai invoice generator,invoice processing,invoice ocr"
invoice register,70,0.45,0.37,MEDIUM,0,transactional,idea,"invoice automation,ai invoice generator,invoice processing,invoice ocr"
fraud in accounts payable,70,,0.05,LOW,0,informational,idea,"invoice automation,ai invoice generator,invoice processing,invoice ocr"
u-haul accounts payable,70,,0,LOW,16,navigational,idea,"invoice automation,ai invoice generator,invoice processing,invoice ocr"
wave free invoicing,70,2.9,0.67,HIGH,44,commercial,idea,"invoice automation,ai invoice generator,invoice processing,invoice ocr"
refund invoice,70,2.23,0.11,LOW,0,informational,idea,"invoice automation,ai invoice generator,invoice processing,invoice ocr"
ledger invoice,70,0.84,0.77,HIGH,4,transactional,idea,"invoice automation,ai invoice generator,invoice processing,invoice ocr"
invoice ledger,70,0.84,0.77,HIGH,1,transactional,idea,"invoice automation,ai invoice generator,invoice processing,invoice ocr"
invoice capture,70,8.48,0.43,MEDIUM,1,commercial,idea,"invoice automation,ai invoice generator,invoice processing,invoice ocr"
invoice 1099,70,14.3,0.47,MEDIUM,1,informational,idea,"invoice automation,ai invoice generator,invoice processing,invoice ocr"
b2b invoice,70,23.42,0.21,LOW,0,commercial,idea,"invoice automation,ai invoice generator,invoice processing,invoice ocr"
accounts payable turnover in days,70,,0.06,LOW,0,informational,idea,"invoice automation,ai invoice generator,invoice processing,invoice ocr"
invoice data entry,70,,0.13,LOW,0,commercial,idea,"invoice automation,ai invoice generator,invoice processing,invoice ocr"
itemized invoice example,70,1.85,1,HIGH,0,informational,idea,"invoice automation,ai invoice generator,invoice processing,invoice ocr"
chase business invoice,70,20.64,0.35,MEDIUM,2,commercial,idea,"automated invoicing,invoice software,invoice management,invoice api|invoice automation,ai invoice generator,invoice processing,invoice ocr"
itemized invoice sample,70,1.85,1,HIGH,0,informational,idea,"invoice automation,ai invoice generator,invoice processing,invoice ocr"
opposite of invoice,70,,0,LOW,0,informational,idea,"invoice automation,ai invoice generator,invoice processing,invoice ocr"
po versus invoice,70,2.29,0.19,LOW,0,informational,idea,"invoice automation,ai invoice generator,invoice processing,invoice ocr"
commercial invoice requirements,70,,0.11,LOW,24,informational,idea,"invoice automation,ai invoice generator,invoice processing,invoice ocr"
bill com accounts receivable,70,1.32,0.4,MEDIUM,6,navigational,idea,"invoice automation,ai invoice generator,invoice processing,invoice ocr"
xero invoice reminders,70,,0,LOW,0,navigational,idea,"invoice automation,ai invoice generator,invoice processing,invoice ocr"
invoice self employed,70,33.2,0.95,HIGH,0,informational,idea,"invoice automation,ai invoice generator,invoice processing,invoice ocr"
freelance writer invoice,70,32.21,0.51,MEDIUM,0,transactional,idea,"invoice automation,ai invoice generator,invoice processing,invoice ocr"
accounts payable step by step process,70,12.74,0.24,LOW,0,informational,idea,"invoice automation,ai invoice generator,invoice processing,invoice ocr"
invoice discounting company,70,,0.3,LOW,3,commercial,idea,"invoice automation,ai invoice generator,invoice processing,invoice ocr"
wave free invoice,70,2.9,0.67,HIGH,34,commercial,idea,"invoice automation,ai invoice generator,invoice processing,invoice ocr"
alegra software contable,70,11.25,0.28,LOW,34,navigational,idea,"automated invoicing,invoice software,invoice management,invoice api"
automated audit software,70,64.13,0.09,LOW,29,commercial,idea,"automated invoicing,invoice software,invoice management,invoice api"
create a business invoice,70,44.2,0.88,HIGH,60,transactional,idea,"automated invoicing,invoice software,invoice management,invoice api"
business tracking software,70,41.63,0.37,MEDIUM,51,commercial,idea,"automated invoicing,invoice software,invoice management,invoice api"
zoho accounting software reviews,70,7.83,0.67,HIGH,22,commercial,idea,"automated invoicing,invoice software,invoice management,invoice api"
best legal billing software,70,159.81,0.62,MEDIUM,26,commercial,idea,"automated invoicing,invoice software,invoice management,invoice api"
best recurring billing software,70,,0.03,LOW,5,commercial,idea,"automated invoicing,invoice software,invoice management,invoice api"
small business asset management software,70,74.31,0.55,MEDIUM,14,commercial,idea,"automated invoicing,invoice software,invoice management,invoice api"
pcmars farm accounting software,70,20.6,0.57,MEDIUM,2,navigational,idea,"automated invoicing,invoice software,invoice management,invoice api"
edicom e-invoicing,70,35.38,0.59,MEDIUM,24,transactional,idea,"automated invoicing,invoice software,invoice management,invoice api"
asset management software for small business,70,74.31,0.55,MEDIUM,17,commercial,idea,"automated invoicing,invoice software,invoice management,invoice api"
free invoicing and accounting software,70,26.46,0.16,LOW,57,commercial,idea,"automated invoicing,invoice software,invoice management,invoice api"
free accounting and invoicing software,70,26.46,0.16,LOW,50,commercial,idea,"automated invoicing,invoice software,invoice management,invoice api"
custom software for small business,70,54.87,0.22,LOW,0,commercial,idea,"automated invoicing,invoice software,invoice management,invoice api"
tabelog system usage fee,70,,0.01,LOW,0,informational,idea,"automated invoicing,invoice software,invoice management,invoice api"
wordpress invoice plugin,70,7.62,0.52,MEDIUM,20,commercial,idea,"automated invoicing,invoice software,invoice management,invoice api"
woocommerce invoice plugin,70,5.79,0.23,LOW,58,commercial,idea,"automated invoicing,invoice software,invoice management,invoice api"
cashe software,70,,0.06,LOW,11,commercial,idea,"automated invoicing,invoice software,invoice management,invoice api"
electrical invoicing software,70,68,0.25,LOW,8,commercial,idea,"automated invoicing,invoice software,invoice management,invoice api"
proforma software,70,70.61,0.43,MEDIUM,16,commercial,idea,"automated invoicing,invoice software,invoice management,invoice api"
receipt tracking software,70,32.34,0.5,MEDIUM,47,commercial,idea,"automated invoicing,invoice software,invoice management,invoice api"
electrical contractor invoicing software,70,177.65,0.4,MEDIUM,2,commercial,idea,"automated invoicing,invoice software,invoice management,invoice api"
invoice automation tools,50,114.63,0.21,LOW,4,commercial,related|suggestion,invoice automation
best automated invoice processing software,50,235.21,0.22,LOW,16,commercial,related|suggestion,automate invoicing|automated invoice|automated invoicing|invoice automation|invoice processing|invoice software
bill in arabic,50,,0.01,LOW,0,informational,related,invoice automation
is zoho invoice free,50,20.18,0.14,LOW,26,informational,related,invoice automation
free invoice generator software,50,26.99,0.73,HIGH,50,commercial,related|suggestion,ai invoice|ai invoice generator|invoice generator ai|invoice software
free invoice maker app for iphone,50,11.35,0.82,HIGH,13,transactional,related|suggestion,ai invoice|ai invoice generator|invoice app|invoice generator ai
invoice processing jobs remote,50,2.12,0.34,MEDIUM,0,commercial,related|suggestion,invoice processing
invoice data extraction software,50,,0.05,LOW,0,commercial,related|suggestion,invoice data extraction|invoice extraction|invoice ocr|invoice software
best ocr software for invoice processing,50,,0.17,LOW,0,commercial,related|suggestion,invoice ocr|invoice processing|invoice scanner|invoice software
invoice approval workflow software,50,,0.1,LOW,0,commercial,related|suggestion,invoice approval|invoice software|invoice workflow
invoice approval process,50,55.91,0.38,MEDIUM,0,informational,idea|related|suggestion,"invoice approval|invoice automation,ai invoice generator,invoice processing,invoice ocr|invoice workflow"
invoice automation tool,50,114.63,0.21,LOW,5,commercial,suggestion,invoice automation
accounts payable invoice automation software,50,,0.09,LOW,32,commercial,suggestion,accounts payable automation|invoice automation|invoice software
best invoice automation software,50,,0,LOW,17,commercial,suggestion,invoice automation|invoice software
invoice workflow automation,50,,0,LOW,0,commercial,suggestion,invoice automation
invoice management automation,50,,0.02,LOW,16,commercial,suggestion,invoice automation|invoice management
accounts payable invoice workflow automation,50,,0.23,LOW,0,commercial,suggestion,accounts payable automation|invoice automation
free ai invoice generator,50,25.7,0.65,MEDIUM,21,commercial,suggestion,ai invoice|ai invoice generator
automated invoice management system,50,,0.06,LOW,8,commercial,suggestion,automated invoice|invoice management
automated invoice processing system,50,,0.04,LOW,3,commercial,suggestion,automated invoice|invoice processing
ocr invoice scanning software,50,,0.08,LOW,4,commercial,suggestion,invoice ocr|invoice software
ocr for invoice processing,50,,0.2,LOW,8,commercial,suggestion,invoice ocr|invoice processing
how to automate invoice processing,50,89.79,0.09,LOW,15,informational,suggestion,invoice processing
invoice processing workflow,50,76.71,0.38,MEDIUM,0,commercial,idea|suggestion,"automated invoicing,invoice software,invoice management,invoice api|invoice automation,ai invoice generator,invoice processing,invoice ocr|invoice processing"
remote invoice processing jobs,50,0.68,0.32,LOW,0,commercial,suggestion,invoice processing
electronic invoice processing,50,,0.21,LOW,8,commercial,suggestion,invoice processing
processing invoice meaning,50,,0.03,LOW,1,informational,suggestion,invoice processing
e invoice processing,50,,0.21,LOW,13,commercial,suggestion,invoice processing
invoice data extraction api,50,,0.03,LOW,12,commercial,suggestion,invoice api|invoice data extraction|invoice extraction
waste management invoice,50,,0.01,LOW,8,transactional,suggestion,invoice management
invoice management solutions,50,,0.11,LOW,0,commercial,suggestion,invoice management
what is vendor invoice management in sap,50,,0.05,LOW,0,informational,suggestion,invoice management
invoice management sap,50,8.54,0.23,LOW,0,commercial,suggestion,invoice management
ariba invoice management,50,8.28,0.24,LOW,0,navigational,suggestion,invoice management
invoice management jobs,50,2.97,0.17,LOW,0,informational,suggestion,invoice management
sap invoice management,50,8.54,0.23,LOW,2,commercial,idea|suggestion,"automated invoicing,invoice software,invoice management,invoice api|invoice automation,ai invoice generator,invoice processing,invoice ocr|invoice management"
invoice management tool,50,51.6,0.06,LOW,37,commercial,idea|suggestion,"automated invoicing,invoice software,invoice management,invoice api|invoice automation,ai invoice generator,invoice processing,invoice ocr|invoice management"
invoice management solution,50,,0.11,LOW,0,commercial,suggestion,invoice management
invoice management application,50,23.76,0.22,LOW,9,commercial,suggestion,invoice management
invoice management tools,50,51.6,0.06,LOW,24,commercial,suggestion,invoice management
invoice management apps,50,23.76,0.22,LOW,56,commercial,suggestion,invoice management
sap ariba invoice management,50,8.28,0.24,LOW,0,navigational,idea|suggestion,"automated invoicing,invoice software,invoice management,invoice api|invoice management"
invoice management app,50,23.76,0.22,LOW,56,commercial,suggestion,invoice app|invoice management
free invoice generating software,50,26.99,0.73,HIGH,58,commercial,suggestion,invoice software
invoice purchase order software,50,63.74,0.38,MEDIUM,6,commercial,suggestion,invoice software
free software for invoice generation,50,26.99,0.73,HIGH,53,commercial,suggestion,invoice software
travel agent invoice software,50,,0.81,HIGH,0,commercial,suggestion,invoice software
invoice maker software free,50,26.99,0.73,HIGH,26,commercial,suggestion,invoice software
invoice software for mac free,50,30.41,0.37,MEDIUM,32,commercial,suggestion,invoice software
wholesale invoice software,50,14.99,0.22,LOW,0,commercial,suggestion,invoice software
invoice and bookkeeping software,50,27.04,0.33,LOW,76,commercial,suggestion,invoice software
invoice workflow software,50,104.51,0.11,LOW,0,commercial,suggestion,invoice software
open invoice software,50,39.77,0.5,MEDIUM,14,commercial,suggestion,invoice software
legal invoice software,50,337.77,0.12,LOW,9,commercial,suggestion,invoice software
free mac invoice software,50,30.41,0.37,MEDIUM,32,commercial,suggestion,invoice software
invoice software ipad,50,10.94,0.7,HIGH,32,transactional,suggestion,invoice software
invoice generator free software,50,26.99,0.73,HIGH,33,commercial,suggestion,invoice software
handyman invoice software,50,24.61,0.36,MEDIUM,0,commercial,suggestion,invoice software
sales and invoice software,50,181.38,0.1,LOW,69,commercial,suggestion,invoice software
create invoice software free,50,26.99,0.73,HIGH,38,commercial,suggestion,invoice software
purchase order invoice software,50,63.74,0.38,MEDIUM,17,commercial,suggestion,invoice software
sales invoice software,50,181.38,0.1,LOW,58,commercial,suggestion,invoice software
invoice software for travel agency,50,,0.81,HIGH,0,commercial,suggestion,invoice software
invoice verification software,50,,0.04,LOW,0,commercial,suggestion,invoice software
mechanic invoice software,50,48.06,0.58,MEDIUM,13,commercial,suggestion,invoice software
best invoice software for small business free,50,37.72,0.85,HIGH,53,commercial,suggestion,invoice software
repair shop invoice software,50,94.48,0.32,LOW,10,commercial,suggestion,invoice software
purchase order and invoice software,50,63.74,0.38,MEDIUM,17,transactional,suggestion,invoice software
invoice factoring software,50,33.34,0.17,LOW,9,commercial,suggestion,invoice software
invoice software free mac,50,30.41,0.37,MEDIUM,32,transactional,suggestion,invoice software
invoice validation software,50,,0.06,LOW,0,commercial,suggestion,invoice software
software for sales invoice,50,181.38,0.1,LOW,58,commercial,suggestion,invoice software
accounting and invoice software,50,27.04,0.33,LOW,78,commercial,suggestion,invoice software
free invoice maker software,50,26.99,0.73,HIGH,62,commercial,suggestion,invoice software
commercial invoice software,50,,0.86,HIGH,37,commercial,suggestion,invoice software
invoice tracker software,50,59.87,0.13,LOW,29,commercial,suggestion,invoice software
invoice and purchase order software,50,63.74,0.38,MEDIUM,25,commercial,suggestion,invoice software
free invoice software for mac,50,30.41,0.37,MEDIUM,24,commercial,suggestion,invoice software
electrician invoice software,50,39.28,0.54,MEDIUM,0,commercial,suggestion,invoice software
invoice software sale,50,181.38,0.1,LOW,40,commercial,suggestion,invoice software
invoice generator software free,50,26.99,0.73,HIGH,44,commercial,suggestion,invoice software
travel agency invoice software,50,,0.81,HIGH,0,commercial,suggestion,invoice software
free invoice software mac,50,30.41,0.37,MEDIUM,32,transactional,suggestion,invoice software
sale invoice software,50,181.38,0.1,LOW,58,commercial,suggestion,invoice software
simple invoice software for small business,50,48.21,0.97,HIGH,58,commercial,suggestion,invoice software
best free invoice software for small business,50,37.72,0.85,HIGH,56,commercial,suggestion,invoice software
mac invoice software free,50,30.41,0.37,MEDIUM,32,informational,suggestion,invoice software
invoice generating software free,50,26.99,0.73,HIGH,54,commercial,suggestion,invoice software
po and invoice software,50,63.74,0.38,MEDIUM,8,commercial,suggestion,invoice software
invoice template app free,50,12.97,0.78,HIGH,58,informational,suggestion,invoice app
invoice app for contractors,50,55.37,0.56,MEDIUM,44,commercial,suggestion,invoice app
how to view invoice on amazon app,50,,0,LOW,0,informational,suggestion,invoice app
best free invoice app for small business,50,14.54,0.55,MEDIUM,58,commercial,suggestion,invoice app
cheapest invoice app,50,20.96,0.81,HIGH,52,commercial,suggestion,invoice app
wave invoice app android,50,1.05,0.16,LOW,27,navigational,suggestion,invoice app
best free invoice app for android,50,24.52,0.8,HIGH,36,commercial,suggestion,invoice app
best free invoice app android,50,24.52,0.8,HIGH,36,commercial,suggestion,invoice app
invoice to go app,50,16.79,0.56,MEDIUM,12,transactional,suggestion,invoice app
free invoice template app,50,12.97,0.78,HIGH,58,transactional,suggestion,invoice app
invoice app ipad,50,10.94,0.7,HIGH,31,transactional,suggestion,invoice app
best free android invoice app,50,24.52,0.8,HIGH,36,commercial,suggestion,invoice app
invoice app for ipad,50,10.94,0.7,HIGH,34,transactional,suggestion,invoice app
invoice maker and estimate app,50,36.91,0.7,HIGH,25,commercial,suggestion,invoice app
invoice manager app,50,23.76,0.22,LOW,9,commercial,suggestion,invoice app
what is the best invoice app,50,35.9,0.79,HIGH,36,commercial,suggestion,invoice app
best invoice maker app,50,32.37,0.81,HIGH,36,commercial,suggestion,invoice app
handyman invoice app,50,41.55,0.17,LOW,3,navigational,suggestion,invoice app
ipad invoice app,50,10.94,0.7,HIGH,34,transactional,suggestion,invoice app
home invoice app,50,4.1,0.59,MEDIUM,11,navigational,suggestion,invoice app
download invoice from amazon app,50,,0.01,LOW,0,transactional,suggestion,invoice app
invoice parsing api,50,,0.11,LOW,0,informational,suggestion,invoice api
quickbooks invoice api,50,16.33,0.13,LOW,7,commercial,suggestion,invoice api
quickbooks api invoice,50,16.33,0.13,LOW,5,commercial,suggestion,invoice api
invoice ninja api,50,,0.03,LOW,22,commercial,suggestion,invoice api
how to create a recurring invoice in quickbooks online,50,13.19,0.22,LOW,0,informational,suggestion,recurring invoice
square recurring invoice,50,16.54,0.38,MEDIUM,23,informational,suggestion,recurring invoice
recurring invoice square,50,16.54,0.38,MEDIUM,8,informational,suggestion,recurring invoice
how to stop recurring invoice in quickbooks online,50,,0.1,LOW,0,informational,suggestion,recurring invoice
overdue invoice reminder email,50,,0.11,LOW,10,informational,suggestion,invoice reminder
accounts payable automation case study,50,,0.04,LOW,0,commercial,idea|suggestion,"accounts payable automation|invoice automation,ai invoice generator,invoice processing,invoice ocr"
ai accounts payable automation,50,263.06,0.55,MEDIUM,31,commercial,suggestion,accounts payable automation
robotic process automation in accounts payable,50,,0.04,LOW,0,commercial,suggestion,accounts payable automation
best accounts payable automation,50,,0.33,LOW,24,commercial,suggestion,accounts payable automation
will medical billing be replaced by ai,50,,0.01,LOW,3,commercial,suggestion,ai billing
ai modifier in medical billing,50,,0.19,LOW,0,commercial,suggestion,ai billing
will ai take over medical billing and coding jobs,50,,0.06,LOW,0,commercial,suggestion,ai billing
medical billing and coding ai,50,67.11,0.61,MEDIUM,12,commercial,suggestion,ai billing
invoice financing solutions,50,,0,LOW,12,commercial,idea,"automated invoicing,invoice software,invoice management,invoice api|invoice automation,ai invoice generator,invoice processing,invoice ocr"
accounts payable utrgv,50,,0,LOW,0,navigational,idea,"invoice automation,ai invoice generator,invoice processing,invoice ocr"
paid invoice generator,50,35,0.76,HIGH,33,commercial,idea,"automated invoicing,invoice software,invoice management,invoice api|invoice automation,ai invoice generator,invoice processing,invoice ocr"
accounts payable tasks,50,1.25,0.19,LOW,0,informational,idea,"invoice automation,ai invoice generator,invoice processing,invoice ocr"
unm accounts payable,50,,0,LOW,35,navigational,idea,"invoice automation,ai invoice generator,invoice processing,invoice ocr"
ucsf accounts payable,50,,0,LOW,0,navigational,idea,"invoice automation,ai invoice generator,invoice processing,invoice ocr"
accounting invoice template,50,2.97,0.85,HIGH,6,informational,idea,"automated invoicing,invoice software,invoice management,invoice api|invoice automation,ai invoice generator,invoice processing,invoice ocr"
refrens invoice,50,46.16,0.44,MEDIUM,33,informational,idea,"automated invoicing,invoice software,invoice management,invoice api|invoice automation,ai invoice generator,invoice processing,invoice ocr"
accounts payable workflow chart,50,32.73,0.46,MEDIUM,0,informational,idea,"invoice automation,ai invoice generator,invoice processing,invoice ocr"
procore invoicing,50,21.79,0.57,MEDIUM,0,commercial,idea,"automated invoicing,invoice software,invoice management,invoice api|invoice automation,ai invoice generator,invoice processing,invoice ocr"
cash invoice,50,7.93,0.97,HIGH,0,informational,idea,"automated invoicing,invoice software,invoice management,invoice api|invoice automation,ai invoice generator,invoice processing,invoice ocr"
anchor invoicing,50,26.32,0.53,MEDIUM,0,commercial,idea,"automated invoicing,invoice software,invoice management,invoice api|invoice automation,ai invoice generator,invoice processing,invoice ocr"
newegg invoice,50,,0.01,LOW,0,commercial,idea,"automated invoicing,invoice software,invoice management,invoice api|invoice automation,ai invoice generator,invoice processing,invoice ocr"
invoice with discount,50,0.41,0.86,HIGH,0,commercial,idea,"automated invoicing,invoice software,invoice management,invoice api|invoice automation,ai invoice generator,invoice processing,invoice ocr"
export invoice,50,,0.19,LOW,3,informational,idea,"automated invoicing,invoice software,invoice management,invoice api|invoice automation,ai invoice generator,invoice processing,invoice ocr"
invoice graphic,50,0.01,0.92,HIGH,3,commercial,idea,"automated invoicing,invoice software,invoice management,invoice api|invoice automation,ai invoice generator,invoice processing,invoice ocr"
invoice discrepancy,50,,0.01,LOW,0,informational,idea,"automated invoicing,invoice software,invoice management,invoice api|invoice automation,ai invoice generator,invoice processing,invoice ocr"
notion invoice,50,5.63,0.26,LOW,0,informational,idea,"automated invoicing,invoice software,invoice management,invoice api|invoice automation,ai invoice generator,invoice processing,invoice ocr"
timesheet invoice,50,73.61,0.58,MEDIUM,0,transactional,idea,"automated invoicing,invoice software,invoice management,invoice api|invoice automation,ai invoice generator,invoice processing,invoice ocr"
accounts payable dashboard,50,11.05,0.15,LOW,0,navigational,idea,"invoice automation,ai invoice generator,invoice processing,invoice ocr"
invoice amount meaning,50,,0,LOW,7,informational,idea,"invoice automation,ai invoice generator,invoice processing,invoice ocr"
journal entry for salary payable,50,,0,LOW,0,transactional,idea,"invoice automation,ai invoice generator,invoice processing,invoice ocr"
pgcps accounts payable,50,,0,LOW,0,navigational,idea,"invoice automation,ai invoice generator,invoice processing,invoice ocr"
umd accounts payable,50,,0,LOW,4,navigational,idea,"invoice automation,ai invoice generator,invoice processing,invoice ocr"
utrgv accounts payable,50,,0,LOW,0,navigational,idea,"invoice automation,ai invoice generator,invoice processing,invoice ocr"
accounts payable subledger,50,,0.02,LOW,0,navigational,idea,"invoice automation,ai invoice generator,invoice processing,invoice ocr"
accounts payable clipart,50,,0.03,LOW,0,informational,idea,"invoice automation,ai invoice generator,invoice processing,invoice ocr"
project invoice,50,6.89,0.29,LOW,0,informational,idea,"automated invoicing,invoice software,invoice management,invoice api|invoice automation,ai invoice generator,invoice processing,invoice ocr"
invoice items,50,7.85,0.07,LOW,0,informational,idea,"automated invoicing,invoice software,invoice management,invoice api|invoice automation,ai invoice generator,invoice processing,invoice ocr"
proper invoice,50,2.22,0.78,HIGH,29,informational,idea,"automated invoicing,invoice software,invoice management,invoice api|invoice automation,ai invoice generator,invoice processing,invoice ocr"
invoicing solutions,50,108.35,0.29,LOW,61,commercial,idea,"automated invoicing,invoice software,invoice management,invoice api|invoice automation,ai invoice generator,invoice processing,invoice ocr"
processing invoices meaning,50,,0.03,LOW,0,informational,idea,"invoice automation,ai invoice generator,invoice processing,invoice ocr"
account payable vs note payable,50,,0.01,LOW,0,informational,idea,"invoice automation,ai invoice generator,invoice processing,invoice ocr"
invoice and w9,50,16.74,0.59,MEDIUM,25,informational,idea,"automated invoicing,invoice software,invoice management,invoice api|invoice automation,ai invoice generator,invoice processing,invoice ocr"
accounts payable osu,50,,0,LOW,4,navigational,idea,"invoice automation,ai invoice generator,invoice processing,invoice ocr"
accounts payable umd,50,,0,LOW,1,navigational,idea,"invoice automation,ai invoice generator,invoice processing,invoice ocr"
quickbooks send invoice,50,30.77,0.6,MEDIUM,18,transactional,idea,"automated invoicing,invoice software,invoice management,invoice api|invoice automation,ai invoice generator,invoice processing,invoice ocr"
uncollectible accounts expense,50,,0.03,LOW,2,informational,idea,"invoice automation,ai invoice generator,invoice processing,invoice ocr"
accounts payable workflow solutions,50,,0,LOW,40,commercial,idea,"invoice automation,ai invoice generator,invoice processing,invoice ocr"
accounts payable days outstanding,50,,0.05,LOW,13,informational,idea,"invoice automation,ai invoice generator,invoice processing,invoice ocr"
sop for accounts payable,50,17.27,0.47,MEDIUM,0,informational,idea,"invoice automation,ai invoice generator,invoice processing,invoice ocr"
quickbooks accounts payable tutorial,50,10.33,0.44,MEDIUM,0,informational,idea,"invoice automation,ai invoice generator,invoice processing,invoice ocr"
accounts payable quickbooks tutorial,50,10.33,0.44,MEDIUM,1,informational,idea,"invoice automation,ai invoice generator,invoice processing,invoice ocr"
international invoice,50,18.06,0.43,MEDIUM,16,informational,idea,"invoice automation,ai invoice generator,invoice processing,invoice ocr"
advance invoice,50,63.09,0.29,LOW,0,commercial,idea,"invoice automation,ai invoice generator,invoice processing,invoice ocr"
food invoice,50,6.21,0.77,HIGH,0,informational,idea,"invoice automation,ai invoice generator,invoice processing,invoice ocr"
invoice adjustments,50,,0.03,LOW,0,commercial,idea,"invoice automation,ai invoice generator,invoice processing,invoice ocr"
illustration invoice,50,0.01,0.67,HIGH,0,informational,idea,"invoice automation,ai invoice generator,invoice processing,invoice ocr"
invoice structure,50,10.26,0.98,HIGH,0,informational,idea,"invoice automation,ai invoice generator,invoice processing,invoice ocr"
split invoice,50,,0.14,LOW,0,informational,idea,"invoice automation,ai invoice generator,invoice processing,invoice ocr"
invoice & estimate maker,50,50,0.71,HIGH,3,commercial,idea,"invoice automation,ai invoice generator,invoice processing,invoice ocr"
proforma invoice generator,50,8.38,0.63,MEDIUM,5,commercial,idea,"invoice automation,ai invoice generator,invoice processing,invoice ocr"
days outstanding accounts payable,50,,0.05,LOW,13,informational,idea,"invoice automation,ai invoice generator,invoice processing,invoice ocr"
other names for accounts payable,50,,0,LOW,10,informational,idea,"invoice automation,ai invoice generator,invoice processing,invoice ocr"
invoice data capture,50,,0.29,LOW,0,commercial,idea,"invoice automation,ai invoice generator,invoice processing,invoice ocr"
commercial proforma invoice,50,50.82,0.27,LOW,7,commercial,idea,"invoice automation,ai invoice generator,invoice processing,invoice ocr"
commercial invoice proforma,50,50.82,0.27,LOW,6,commercial,idea,"invoice automation,ai invoice generator,invoice processing,invoice ocr"
simple invoicing software for small business,50,48.21,0.97,HIGH,58,commercial,idea,"automated invoicing,invoice software,invoice management,invoice api"
jira billing,50,2.92,0.17,LOW,31,commercial,idea,"automated invoicing,invoice software,invoice management,invoice api"
digital asset management software for small business,50,47.63,0.44,MEDIUM,14,commercial,idea,"automated invoicing,invoice software,invoice management,invoice api"
online invoicing for small business,50,133.94,0.22,LOW,58,commercial,idea,"automated invoicing,invoice software,invoice management,invoice api"
architecture invoicing software,50,68.99,0.19,LOW,0,commercial,idea,"automated invoicing,invoice software,invoice management,invoice api"
sap e-invoice,50,106.57,0.28,LOW,0,informational,idea,"automated invoicing,invoice software,invoice management,invoice api"
netsuite e-invoicing,50,26.25,0.49,MEDIUM,0,navigational,idea,"automated invoicing,invoice software,invoice management,invoice api"
stripe pdf invoice,50,,0,LOW,5,informational,idea,"automated invoicing,invoice software,invoice management,invoice api"
desktop payroll software for small business,50,50.66,0.97,HIGH,45,commercial,idea,"automated invoicing,invoice software,invoice management,invoice api"
inexpensive accounting software for small business,50,44.95,0.96,HIGH,32,commercial,idea,"automated invoicing,invoice software,invoice management,invoice api"
record keeping software for small business,50,80.16,0.7,HIGH,51,commercial,idea,"automated invoicing,invoice software,invoice management,invoice api"
best free invoicing app for small business,50,14.54,0.55,MEDIUM,44,commercial,idea,"automated invoicing,invoice software,invoice management,invoice api"
accounting management software,50,54.95,0.35,MEDIUM,38,commercial,idea,"automated invoicing,invoice software,invoice management,invoice api"
legal invoicing software,50,337.77,0.12,LOW,23,commercial,idea,"automated invoicing,invoice software,invoice management,invoice api"
oge average monthly billing,50,,0,LOW,0,informational,idea,"automated invoicing,invoice software,invoice management,invoice api"
netsuite quickbooks,50,74.29,0.26,LOW,0,navigational,idea,"automated invoicing,invoice software,invoice management,invoice api"
fixed asset software for small businesses,50,37.04,0.65,MEDIUM,4,commercial,idea,"automated invoicing,invoice software,invoice management,invoice api"
budget pa system,50,0.56,1,HIGH,4,informational,idea,"automated invoicing,invoice software,invoice management,invoice api"
rge budget billing,50,,0,LOW,0,commercial,idea,"automated invoicing,invoice software,invoice management,invoice api"
budgetwise billing dte,50,,0,LOW,0,informational,idea,"automated invoicing,invoice software,invoice management,invoice api"
ifs erp software,50,8.42,0.45,MEDIUM,15,commercial,idea,"automated invoicing,invoice software,invoice management,invoice api"
ai accounts payable software,40,32.4,0.19,LOW,37,commercial,related,accounts payable automation|invoice automation
fully automatic invoice in excel free download,40,10.29,0.42,MEDIUM,25,transactional,related|suggestion,automate invoicing|automated invoicing|automatic invoice|invoice automation
how to create invoice in excel with database,40,,0.33,LOW,8,informational,related,automate invoicing|automated invoicing|invoice automation
invoice receipt meaning,40,,0.05,LOW,1,informational,related,invoice automation
free invoice generator ai,40,16.35,0.75,HIGH,31,commercial,related|suggestion,ai invoice|ai invoice generator|invoice generator ai
free invoice maker app for android,40,20.48,0.78,HIGH,20,transactional,related|suggestion,ai invoice|ai invoice generator|invoice app|invoice generator ai
best free invoice maker app,40,13.35,0.8,HIGH,58,commercial,related|suggestion,ai invoice|ai invoice generator|invoice app|invoice generator ai
best invoice management software,40,26.56,0.05,LOW,36,commercial,related|suggestion,invoice management|invoice management software|invoice software
free invoice app download,40,29.28,0.72,HIGH,50,transactional,related|suggestion,invoice app|invoice management software
invoice automation benefits,40,9.26,0.05,LOW,0,informational,suggestion,invoice automation
benefits of invoice automation,40,9.26,0.05,LOW,0,informational,suggestion,invoice automation
accounts receivable invoice automation,40,,0.17,LOW,24,commercial,idea|suggestion,"invoice automation|invoice automation,ai invoice generator,invoice processing,invoice ocr"
invoice payment automation,40,,0.12,LOW,11,commercial,suggestion,invoice automation
ai invoice automation,40,,0.14,LOW,8,commercial,suggestion,ai invoice|invoice automation
ar invoice automation,40,,0.17,LOW,13,commercial,suggestion,invoice automation
automated invoice management,40,,0.05,LOW,8,commercial,suggestion,automated invoice|invoice management
how to turn off automatic invoice reminders in quickbooks online,40,26.89,0.05,LOW,1,informational,suggestion,automatic invoice
square invoice processing fee,40,23.87,0.36,MEDIUM,37,informational,suggestion,invoice processing
invoice processing in sap,40,3.94,0.53,MEDIUM,0,commercial,suggestion,invoice processing
ramp invoice processing,40,25,0.58,MEDIUM,1,commercial,suggestion,invoice processing
invoice processing sap,40,3.94,0.53,MEDIUM,0,commercial,suggestion,invoice processing
invoice processing platform ipp,40,21.97,0.45,MEDIUM,3,navigational,suggestion,invoice processing
outsource invoice processing services,40,,0.02,LOW,0,commercial,suggestion,invoice processing
sap invoice processing,40,3.94,0.53,MEDIUM,0,commercial,suggestion,invoice processing
po invoice processing,40,16.4,0.28,LOW,0,commercial,suggestion,invoice processing
invoice processing means,40,,0.03,LOW,0,commercial,suggestion,invoice processing
invoice processing meaning,40,,0.03,LOW,0,informational,suggestion,invoice processing
accounts payable invoice processing software,40,,0.07,LOW,37,commercial,suggestion,invoice processing|invoice software
define invoice processing,40,,0.03,LOW,0,informational,suggestion,invoice processing
outsourcing invoice processing services,40,,0.02,LOW,0,commercial,suggestion,invoice processing
invoice extraction,40,41.29,0.49,MEDIUM,0,informational,idea|suggestion,"invoice automation,ai invoice generator,invoice processing,invoice ocr|invoice extraction"
property management invoice template,40,10.23,0.97,HIGH,0,informational,suggestion,invoice management
leading vendor invoice management tools for vendor management industry,40,,0,LOW,0,commercial,suggestion,invoice management
sap opentext invoice management,40,,0.03,LOW,0,navigational,suggestion,invoice management
sap invoice management by opentext,40,,0.03,LOW,0,navigational,suggestion,invoice management
top invoice management tools for streamlining accounts payable,40,,0,LOW,0,commercial,suggestion,invoice management
open text sap invoice management,40,,0.03,LOW,2,informational,suggestion,invoice management
invoice management platform,40,,0,LOW,69,commercial,suggestion,invoice management
hotel invoice software,40,,0,LOW,1,commercial,suggestion,invoice software
automotive invoice software free,40,29.25,0.77,HIGH,0,commercial,suggestion,invoice software
pool service invoice software,40,,0,LOW,14,commercial,suggestion,invoice software
free auto invoice software,40,29.25,0.77,HIGH,58,commercial,suggestion,invoice software
self-hosted invoice software,40,,0.38,MEDIUM,52,commercial,suggestion,invoice software
free mechanic invoice software,40,29.25,0.77,HIGH,0,commercial,suggestion,invoice software
custom invoice software,40,13.22,0.67,HIGH,70,commercial,suggestion,invoice software
free automotive invoice software,40,29.25,0.77,HIGH,0,commercial,idea|suggestion,"automated invoicing,invoice software,invoice management,invoice api|invoice software"
trucking invoice software,40,33.77,0.5,MEDIUM,0,commercial,suggestion,invoice software
invoice software for auto repair shops,40,40.99,0.31,LOW,3,commercial,suggestion,invoice software
small business invoice and inventory software,40,30.63,0.84,HIGH,16,commercial,idea|suggestion,"automated invoicing,invoice software,invoice management,invoice api|invoice software"
invoice software for auto repair shop,40,40.99,0.31,LOW,16,commercial,suggestion,invoice software
mechanic shop invoice software,40,110.31,0.6,MEDIUM,26,commercial,suggestion,invoice software
software for invoice making,40,114.21,0.68,HIGH,56,commercial,suggestion,invoice software
inventory and invoice software for small business,40,30.63,0.84,HIGH,20,commercial,suggestion,invoice software
company invoice software,40,65.33,0.4,MEDIUM,58,commercial,suggestion,invoice software
xero invoice software,40,6.12,0.16,LOW,16,commercial,suggestion,invoice software
invoice data capture software,40,,0.02,LOW,10,commercial,suggestion,invoice software
customized invoice software,40,13.22,0.67,HIGH,62,commercial,suggestion,invoice software
car invoice software,40,47.32,0.36,MEDIUM,6,commercial,suggestion,invoice software
mechanic invoice software free,40,29.25,0.77,HIGH,0,commercial,suggestion,invoice software
customizable invoice software,40,13.22,0.67,HIGH,55,commercial,suggestion,invoice software
auto mechanic invoice software,40,47.32,0.36,MEDIUM,26,commercial,suggestion,invoice software
self hosted invoice software,40,,0.38,MEDIUM,52,commercial,suggestion,invoice software
b2b invoice software,40,,0.26,LOW,21,commercial,suggestion,invoice software
truck invoice software,40,33.77,0.5,MEDIUM,0,commercial,idea|suggestion,"automated invoicing,invoice software,invoice management,invoice api|invoice software"
best invoice app for freelancers,40,15.55,0.08,LOW,13,commercial,suggestion,invoice app
easy invoice maker app,40,29.59,0.83,HIGH,45,commercial,suggestion,invoice app
best estimate and invoice app for contractors,40,70.03,0.81,HIGH,17,commercial,suggestion,invoice app
how to send invoice ebay app,40,22.53,0.07,LOW,0,informational,suggestion,invoice app
how do i send invoice on ebay app,40,22.53,0.07,LOW,0,informational,suggestion,invoice app
google invoice app,40,10.47,0.61,MEDIUM,9,navigational,suggestion,invoice app
best invoice app for iphone,40,21.71,0.26,LOW,8,commercial,suggestion,invoice app
top rated invoice generator app,40,,0.06,LOW,36,commercial,suggestion,invoice app
quote and invoice app,40,42.21,0.81,HIGH,33,navigational,suggestion,invoice app
best freelance invoice app,40,15.55,0.08,LOW,27,commercial,suggestion,invoice app
how to send an invoice on ebay app,40,22.53,0.07,LOW,0,informational,suggestion,invoice app
invoice and quote app,40,42.21,0.81,HIGH,44,navigational,suggestion,invoice app
tiny invoice app,40,13.21,0.66,MEDIUM,0,transactional,suggestion,invoice app
how to find invoice on paypal app,40,,0.01,LOW,2,informational,suggestion,invoice app
best iphone invoice app,40,21.71,0.26,LOW,8,commercial,suggestion,invoice app
best android invoice app,40,43.6,0.8,HIGH,18,commercial,suggestion,invoice app
best invoice app for android,40,43.6,0.8,HIGH,23,commercial,suggestion,invoice app
how to send invoice on ebay app,40,22.53,0.07,LOW,0,informational,suggestion,invoice app
best invoice app android,40,43.6,0.8,HIGH,25,commercial,suggestion,invoice app
cash app lightning invoice,40,,0,LOW,0,transactional,suggestion,invoice app
quotation and invoice app,40,42.21,0.81,HIGH,17,navigational,suggestion,invoice app
invoice and quotation app,40,42.21,0.81,HIGH,52,navigational,suggestion,invoice app
invoice app icon,40,,0,LOW,0,transactional,suggestion,invoice app
electrician invoice app,40,59.95,0.32,LOW,0,commercial,suggestion,invoice app
best invoice app iphone,40,21.71,0.26,LOW,8,commercial,suggestion,invoice app
how do i send an invoice on ebay app,40,22.53,0.07,LOW,0,informational,suggestion,invoice app
how to create recurring invoice in quickbooks online,40,39.4,0.23,LOW,1,informational,suggestion,recurring invoice
what is recurring invoice,40,,0.05,LOW,0,informational,suggestion,recurring invoice
what is a recurring invoice,40,,0.05,LOW,0,informational,suggestion,recurring invoice
stripe recurring invoice,40,27.88,0.34,MEDIUM,13,informational,suggestion,recurring invoice
quickbooks invoice reminder,40,,0.16,LOW,1,transactional,suggestion,invoice reminder
quickbooks reminder invoice,40,,0.16,LOW,1,transactional,suggestion,invoice reminder
accounts payable payment automation,40,,0.01,LOW,33,commercial,suggestion,accounts payable automation
accounts payable automation roi,40,,0,LOW,0,navigational,suggestion,accounts payable automation
accounts payable automation for small business,40,,0.17,LOW,26,commercial,suggestion,accounts payable automation
what is accounts payable automation software,40,,0.07,LOW,24,informational,suggestion,accounts payable automation
subscription billing automation,40,,0,LOW,8,commercial,suggestion,billing automation
chatgpt invoice generator,40,21.92,0.7,HIGH,0,transactional,suggestion,invoice chatgpt
max ai inc medical billing,40,8.66,0.57,MEDIUM,0,navigational,suggestion,ai billing
cursor ai billing,40,1.44,0.23,LOW,8,commercial,suggestion,ai billing
will ai take over medical billing,40,,0.14,LOW,4,informational,suggestion,ai billing
vertex ai billing,40,,0.01,LOW,4,commercial,suggestion,ai billing
use ai billing,40,19.49,0.41,MEDIUM,0,transactional,suggestion,ai billing
ai for medical billing and coding,40,21.72,0.26,LOW,12,commercial,suggestion,ai billing
invoice smart,40,8.42,0.41,MEDIUM,8,commercial,suggestion,smart invoice
smart invoice,40,8.42,0.41,MEDIUM,0,commercial,idea|suggestion,"automated invoicing,invoice software,invoice management,invoice api|smart invoice"
bill of sale invoice,40,3.65,0.99,HIGH,24,transactional,idea,"invoice automation,ai invoice generator,invoice processing,invoice ocr"
invoicing plus,40,4.74,0.71,HIGH,5,commercial,idea,"automated invoicing,invoice software,invoice management,invoice api|invoice automation,ai invoice generator,invoice processing,invoice ocr"
paperless accounts payable process,40,,0.26,LOW,0,commercial,idea,"invoice automation,ai invoice generator,invoice processing,invoice ocr"
accounts payable month end close process,40,12.01,0.43,MEDIUM,0,informational,idea,"invoice automation,ai invoice generator,invoice processing,invoice ocr"
indy invoice,40,,0.49,MEDIUM,17,navigational,idea,"automated invoicing,invoice software,invoice management,invoice api|invoice automation,ai invoice generator,invoice processing,invoice ocr"
clockify invoicing,40,21.24,0.55,MEDIUM,0,commercial,idea,"automated invoicing,invoice software,invoice management,invoice api|invoice automation,ai invoice generator,invoice processing,invoice ocr"
your invoice,40,,0.24,LOW,28,informational,idea,"automated invoicing,invoice software,invoice management,invoice api|invoice automation,ai invoice generator,invoice processing,invoice ocr"
bill of quantity,40,,0.04,LOW,3,informational,idea,"invoice automation,ai invoice generator,invoice processing,invoice ocr"
agency partner invoice program,40,,0.14,LOW,,commercial,idea,"automated invoicing,invoice software,invoice management,invoice api|invoice automation,ai invoice generator,invoice processing,invoice ocr"
down payment invoice,40,5.47,0.53,MEDIUM,0,informational,idea,"automated invoicing,invoice software,invoice management,invoice api|invoice automation,ai invoice generator,invoice processing,invoice ocr"
ucla invoice submission,40,,0,LOW,12,informational,idea,"automated invoicing,invoice software,invoice management,invoice api|invoice automation,ai invoice generator,invoice processing,invoice ocr"
pre invoice meaning,40,,0.01,LOW,7,informational,idea,"invoice automation,ai invoice generator,invoice processing,invoice ocr"
invoice file,40,34.82,0.72,HIGH,44,informational,idea,"automated invoicing,invoice software,invoice management,invoice api|invoice automation,ai invoice generator,invoice processing,invoice ocr"
paperless invoicing,40,17.35,0.37,MEDIUM,0,commercial,idea,"automated invoicing,invoice software,invoice management,invoice api|invoice automation,ai invoice generator,invoice processing,invoice ocr"
melio invoicing,40,24.17,0.65,MEDIUM,0,navigational,idea,"automated invoicing,invoice software,invoice management,invoice api|invoice automation,ai invoice generator,invoice processing,invoice ocr"
utep accounts payable,40,,0,LOW,0,navigational,idea,"invoice automation,ai invoice generator,invoice processing,invoice ocr"
attn accounts payable,40,,0.05,LOW,1,navigational,idea,"invoice automation,ai invoice generator,invoice processing,invoice ocr"
ferguson accounts payable,40,,0.01,LOW,0,navigational,idea,"invoice automation,ai invoice generator,invoice processing,invoice ocr"
accounts payable ach,40,35.93,0.35,MEDIUM,27,navigational,idea,"invoice automation,ai invoice generator,invoice processing,invoice ocr"
csusb accounts payable,40,,0,LOW,0,navigational,idea,"invoice automation,ai invoice generator,invoice processing,invoice ocr"
intercompany accounts payable,40,,0.07,LOW,0,navigational,idea,"invoice automation,ai invoice generator,invoice processing,invoice ocr"
zoho accounting pricing,40,26.26,0.55,MEDIUM,7,commercial,idea,"automated invoicing,invoice software,invoice management,invoice api|invoice automation,ai invoice generator,invoice processing,invoice ocr"
quickbooks invoicing tutorial,40,10.71,0.32,LOW,0,informational,idea,"automated invoicing,invoice software,invoice management,invoice api|invoice automation,ai invoice generator,invoice processing,invoice ocr"
accounts payable utep,40,,0,LOW,0,navigational,idea,"invoice automation,ai invoice generator,invoice processing,invoice ocr"
accounts payable application,40,143.07,0.23,LOW,25,commercial,idea,"invoice automation,ai invoice generator,invoice processing,invoice ocr"
record accounts payable,40,,0.1,LOW,2,informational,idea,"invoice automation,ai invoice generator,invoice processing,invoice ocr"
accounts payable record,40,,0.1,LOW,6,informational,idea,"invoice automation,ai invoice generator,invoice processing,invoice ocr"
accounts payable period,40,,0,LOW,0,informational,idea,"invoice automation,ai invoice generator,invoice processing,invoice ocr"
recording accounts payable,40,,0.1,LOW,5,informational,idea,"invoice automation,ai invoice generator,invoice processing,invoice ocr"
accounts payable records,40,,0.1,LOW,9,informational,idea,"invoice automation,ai invoice generator,invoice processing,invoice ocr"
accounts payable payroll,40,,0.04,LOW,0,navigational,idea,"invoice automation,ai invoice generator,invoice processing,invoice ocr"
open source invoicing,40,,0.31,LOW,61,commercial,idea,"invoice automation,ai invoice generator,invoice processing,invoice ocr"
automated revenue,40,58.26,0.13,LOW,0,commercial,idea,"invoice automation,ai invoice generator,invoice processing,invoice ocr"
invoice with discount example,40,0.05,0.96,HIGH,0,informational,idea,"invoice automation,ai invoice generator,invoice processing,invoice ocr"
an invoice or a invoice,40,,0.04,LOW,16,informational,idea,"invoice automation,ai invoice generator,invoice processing,invoice ocr"
invoice is,40,,0.07,LOW,15,informational,idea,"invoice automation,ai invoice generator,invoice processing,invoice ocr"
corrected invoice,40,,0.05,LOW,0,informational,idea,"invoice automation,ai invoice generator,invoice processing,invoice ocr"
invoice components,40,,0.33,LOW,0,commercial,idea,"invoice automation,ai invoice generator,invoice processing,invoice ocr"
invoice date vs due date,40,,0,LOW,0,informational,idea,"invoice automation,ai invoice generator,invoice processing,invoice ocr"
invoice extractor,40,41.29,0.49,MEDIUM,2,commercial,idea,"invoice automation,ai invoice generator,invoice processing,invoice ocr"
twilio invoice,40,,0.06,LOW,4,navigational,idea,"invoice automation,ai invoice generator,invoice processing,invoice ocr"
brex invoice,40,,0.49,MEDIUM,4,informational,idea,"invoice automation,ai invoice generator,invoice processing,invoice ocr"
bill vs receipt,40,,0.01,LOW,0,informational,idea,"invoice automation,ai invoice generator,invoice processing,invoice ocr"
enterprise toll invoice,40,,0,LOW,0,commercial,idea,"invoice automation,ai invoice generator,invoice processing,invoice ocr"
accounts payable simple definition,40,,0,LOW,11,informational,idea,"invoice automation,ai invoice generator,invoice processing,invoice ocr"
credit note invoice,40,133.61,0.16,LOW,0,informational,idea,"invoice automation,ai invoice generator,invoice processing,invoice ocr"
invoice sample image,40,0.1,1,HIGH,14,informational,idea,"invoice automation,ai invoice generator,invoice processing,invoice ocr"
quickbooks invoice financing,40,31.21,0.62,MEDIUM,6,commercial,idea,"invoice automation,ai invoice generator,invoice processing,invoice ocr"
invoice vs order,40,,0.02,LOW,0,informational,idea,"invoice automation,ai invoice generator,invoice processing,invoice ocr"
self hosted invoicing software,40,,0.38,MEDIUM,53,commercial,idea,"automated invoicing,invoice software,invoice management,invoice api"
sap ariba invoicing,40,3.71,0.11,LOW,0,commercial,idea,"automated invoicing,invoice software,invoice management,invoice api"
billing software for restaurant,40,25.86,0.28,LOW,16,commercial,idea,"automated invoicing,invoice software,invoice management,invoice api"
b2b invoicing software,40,,0.26,LOW,24,commercial,idea,"automated invoicing,invoice software,invoice management,invoice api"
busy accounting software,40,,0.28,LOW,10,commercial,idea,"automated invoicing,invoice software,invoice management,invoice api"
costx software,40,27.28,0.53,MEDIUM,6,commercial,idea,"automated invoicing,invoice software,invoice management,invoice api"
juris billing software,40,58.93,0.53,MEDIUM,0,commercial,idea,"automated invoicing,invoice software,invoice management,invoice api"
best invoice system,40,32.89,0.73,HIGH,56,commercial,idea,"automated invoicing,invoice software,invoice management,invoice api"
stripe recurring invoices,40,27.88,0.34,MEDIUM,22,informational,idea,"automated invoicing,invoice software,invoice management,invoice api"
pc accounting software,40,22.39,0.48,MEDIUM,30,commercial,idea,"automated invoicing,invoice software,invoice management,invoice api"
time card software for small business,40,75.94,0.68,HIGH,27,commercial,idea,"automated invoicing,invoice software,invoice management,invoice api"
netsuite billing schedules,40,,0.25,LOW,0,navigational,idea,"automated invoicing,invoice software,invoice management,invoice api"
aplikasi invoice gratis,40,,0.29,LOW,0,commercial,idea,"automated invoicing,invoice software,invoice management,invoice api"
invoice through quickbooks,40,26.72,0.71,HIGH,23,transactional,idea,"automated invoicing,invoice software,invoice management,invoice api"
small business invoice example,40,0.52,1,HIGH,19,informational,idea,"automated invoicing,invoice software,invoice management,invoice api"
small accounting software,40,11,0.58,MEDIUM,52,commercial,idea,"automated invoicing,invoice software,invoice management,invoice api"
low cost accounting software for small business,40,54.29,0.97,HIGH,50,commercial,idea,"automated invoicing,invoice software,invoice management,invoice api"
best small business accounting software for mac,40,9.5,0.54,MEDIUM,40,commercial,idea,"automated invoicing,invoice software,invoice management,invoice api"
small business bills,40,32.32,0.54,MEDIUM,0,commercial,idea,"automated invoicing,invoice software,invoice management,invoice api"
zoho expense tracking,40,22.47,0.63,MEDIUM,27,navigational,idea,"automated invoicing,invoice software,invoice management,invoice api"
netsuite invoice template,30,31.92,0.13,LOW,0,transactional,related,automated invoicing|invoice automation
how to create an invoice in netsuite,30,,0.12,LOW,0,informational,related,automated invoicing|invoice automation
best accounts payable software for small business,30,84.22,0.34,MEDIUM,24,commercial,related,invoice automation
sales invoice in accounting,30,,0,LOW,0,informational,related,invoice automation
best ai invoice generator free,30,21.47,0.63,MEDIUM,,commercial,related|suggestion,ai invoice|ai invoice generator|invoice ai|invoice generator ai
invoice ai generator,30,47.81,0.85,HIGH,21,commercial,related|suggestion,ai invoice|ai invoice generator|invoice ai
invoice processing steps,30,106.13,0.29,LOW,0,informational,idea|related|suggestion,"automated invoicing,invoice software,invoice management,invoice api|invoice automation,ai invoice generator,invoice processing,invoice ocr|invoice processing"
billing and invoicing process,30,,0.28,LOW,0,informational,related,invoice processing
invoice processing flowchart,30,12.29,0.21,LOW,0,informational,idea|related|suggestion,"automated invoicing,invoice software,invoice management,invoice api|invoice automation,ai invoice generator,invoice processing,invoice ocr|invoice processing"
best invoice ocr software,30,67.24,0.16,LOW,0,commercial,related|suggestion,invoice ocr|invoice software
invoice software for small business free download,30,14.82,0.98,HIGH,58,transactional,related|suggestion,invoice management software|invoice software
accounts payable approval process,30,53.23,0.32,LOW,0,informational,related,invoice workflow
ap automation ai,30,282.54,0.29,LOW,24,informational,related,accounts payable automation
vendor invoice automation,30,,0,LOW,0,commercial,suggestion,invoice automation
invoice approval automation,30,,0.23,LOW,0,commercial,suggestion,invoice approval|invoice automation
ai generate invoice,30,32.03,0.78,HIGH,15,transactional,suggestion,ai invoice
ai invoice creator,30,38.62,0.82,HIGH,25,commercial,suggestion,ai invoice
google document ai invoice parser,30,42.03,0.36,MEDIUM,,commercial,suggestion,ai invoice|invoice parser
automated invoice processing cloud service,30,,0.09,LOW,11,commercial,suggestion,automated invoice|invoice processing
automated invoice capture software,30,,0.04,LOW,16,commercial,suggestion,automated invoice|invoice software
invoice scanning ocr technology,30,,0.04,LOW,0,commercial,suggestion,invoice ocr
ocr for invoice,30,26.7,0.22,LOW,6,transactional,suggestion,invoice ocr
invoice payment processing system,30,159.09,0.35,MEDIUM,23,commercial,suggestion,invoice processing
invoice processing rpa,30,,0,LOW,0,commercial,suggestion,invoice processing
small business invoice and payment processing,30,247.33,0.6,MEDIUM,58,commercial,suggestion,invoice processing
how to add credit card processing fee to quickbooks invoice,30,,0.1,LOW,0,informational,suggestion,invoice processing
accounts payable invoice processing best practices,30,,0.11,LOW,0,informational,idea|suggestion,"invoice automation,ai invoice generator,invoice processing,invoice ocr|invoice processing"
touchless invoice processing,30,,0.27,LOW,0,commercial,suggestion,invoice processing
automating invoice processing,30,,0,LOW,23,commercial,suggestion,invoice processing
workflow invoice processing,30,,0.2,LOW,0,commercial,suggestion,invoice processing
coupa invoice processing,30,26.06,0.43,MEDIUM,8,commercial,suggestion,invoice processing
best practices accounts payable invoice processing,30,,0.11,LOW,0,informational,idea|suggestion,"invoice automation,ai invoice generator,invoice processing,invoice ocr|invoice processing"
electronic invoice management,30,,0.11,LOW,17,commercial,suggestion,invoice management
sap invoice management system,30,,0,LOW,4,commercial,suggestion,invoice management
project management invoice,30,50.02,0.27,LOW,1,commercial,suggestion,invoice management
invoice and inventory management software,30,,0,LOW,0,commercial,suggestion,invoice management|invoice software
sap ariba central invoice management,30,13.78,0.26,LOW,0,navigational,suggestion,invoice management
lps invoice management,30,47.87,0.28,LOW,0,navigational,suggestion,invoice management
opentext vendor invoice management for sap,30,,0.18,LOW,0,navigational,suggestion,invoice management
procore invoice management,30,21.8,0.53,MEDIUM,0,navigational,suggestion,invoice management
sap vendor invoice management by opentext,30,,0.18,LOW,0,navigational,suggestion,invoice management
sap opentext vendor invoice management,30,,0.18,LOW,0,navigational,idea|suggestion,"automated invoicing,invoice software,invoice management,invoice api|invoice management"
invoice management data jobs,30,2.21,0.25,LOW,0,commercial,suggestion,invoice management
invoice management system sap,30,,0,LOW,2,commercial,suggestion,invoice management
telecom invoice management,30,,0.07,LOW,0,commercial,suggestion,invoice management
vendor invoice management solution,30,,0.03,LOW,11,commercial,idea|suggestion,"automated invoicing,invoice software,invoice management,invoice api|invoice management"
invoice project management,30,50.02,0.27,LOW,4,commercial,suggestion,invoice management
invoice management lps,30,47.87,0.28,LOW,0,commercial,suggestion,invoice management
vendor invoice management solutions,30,,0.03,LOW,3,commercial,suggestion,invoice management
property management invoice,30,8.9,0.41,MEDIUM,0,commercial,suggestion,invoice management
invoice finance software,30,,,,27,commercial,suggestion,invoice software
invoice and contract software,30,154.9,0.39,MEDIUM,28,commercial,suggestion,invoice software
gst invoice billing software,30,24.26,0.12,LOW,57,commercial,suggestion,invoice software
invoice and receipt software,30,19.08,0.57,MEDIUM,81,commercial,suggestion,invoice software
receipt and invoice software,30,19.08,0.57,MEDIUM,66,commercial,suggestion,invoice software
express invoice invoicing software,30,5.36,1,HIGH,12,commercial,suggestion,invoice software
free invoice software for small business download,30,14.82,0.98,HIGH,66,transactional,suggestion,invoice software
basic invoice software,30,87.71,0.97,HIGH,57,commercial,suggestion,invoice software
nch software express invoice,30,15.65,0.76,HIGH,0,transactional,suggestion,invoice software
freight invoice software,30,30.06,0.52,MEDIUM,0,commercial,suggestion,invoice software
crm and invoice software,30,47.08,0.86,HIGH,15,commercial,suggestion,invoice software
invoice financing software,30,,,,1,commercial,suggestion,invoice software
hosting invoice software,30,,0.17,LOW,73,commercial,suggestion,invoice software
gst invoice software,30,24.26,0.12,LOW,21,commercial,suggestion,invoice software
invoice software pc,30,6.78,0.59,MEDIUM,30,commercial,idea|suggestion,"automated invoicing,invoice software,invoice management,invoice api|invoice software"
free invoice software south africa,30,,,,26,commercial,suggestion,invoice software
express invoice by nch software,30,15.65,0.76,HIGH,58,transactional,suggestion,invoice software
consulting invoice software,30,,0.33,LOW,0,commercial,suggestion,invoice software
invoice receipt software,30,19.08,0.57,MEDIUM,54,commercial,suggestion,invoice software
proposal invoice software,30,75.29,0.88,HIGH,35,commercial,suggestion,invoice software
nch software invoice,30,15.65,0.76,HIGH,15,commercial,suggestion,invoice software
invoice to cash software,30,,0.27,LOW,6,commercial,suggestion,invoice software
top invoice software,30,9.13,0.67,HIGH,14,commercial,idea|suggestion,"automated invoicing,invoice software,invoice management,invoice api|invoice software"
bookkeeping invoice software,30,48.4,0.83,HIGH,65,commercial,suggestion,invoice software
express invoice nch software,30,15.65,0.76,HIGH,58,transactional,suggestion,invoice software
free invoice software for contractors,30,20.36,0.74,HIGH,57,commercial,suggestion,invoice software
electronic invoice approval software,30,,0,LOW,0,commercial,suggestion,invoice approval|invoice software
invoice recognition software,30,96.13,0.29,LOW,15,commercial,suggestion,invoice software
free invoice software download for small business,30,14.82,0.98,HIGH,66,transactional,suggestion,invoice software
best invoice scanning software,30,109.01,0.04,LOW,10,commercial,suggestion,invoice software
proposal and invoice software,30,75.29,0.88,HIGH,10,commercial,idea|suggestion,"automated invoicing,invoice software,invoice management,invoice api|invoice software"
pc invoice software,30,6.78,0.59,MEDIUM,36,commercial,suggestion,invoice software
invoice crm software,30,,0.29,LOW,11,commercial,suggestion,invoice software
crm invoice software,30,,0.29,LOW,9,commercial,suggestion,invoice software
courier invoice software,30,,0.36,MEDIUM,0,commercial,suggestion,invoice software
invoice software offline,30,11.92,1,HIGH,62,commercial,suggestion,invoice software
invoice collections software,30,,0.17,LOW,0,commercial,suggestion,invoice software
paperless invoice software,30,,0.27,LOW,9,commercial,suggestion,invoice software
invoice-to-cash software,30,,0.27,LOW,4,commercial,suggestion,invoice software
invoice software for pc,30,6.78,0.59,MEDIUM,22,commercial,idea|suggestion,"automated invoicing,invoice software,invoice management,invoice api|invoice software"
mobile mechanic invoice software,30,56.6,0.96,HIGH,14,commercial,suggestion,invoice software
invoice and proposal software,30,75.29,0.88,HIGH,58,commercial,suggestion,invoice software
software for gst invoice,30,24.26,0.12,LOW,16,commercial,suggestion,invoice software
offline invoice software,30,11.92,1,HIGH,62,commercial,suggestion,invoice software
customer invoice software,30,39.36,0.63,MEDIUM,56,commercial,suggestion,invoice software
invoice collection software,30,,0.17,LOW,16,commercial,suggestion,invoice software
invoice software south africa,30,,,,26,commercial,suggestion,invoice software
download free invoice software for small business,30,14.82,0.98,HIGH,58,transactional,suggestion,invoice software
software to create invoice,30,40.73,0.7,HIGH,57,commercial,suggestion,invoice software
small business invoice software free download,30,14.82,0.98,HIGH,66,transactional,suggestion,invoice software
invoice ninja app,30,8.07,0.53,MEDIUM,63,navigational,suggestion,invoice app
how to print invoice from amazon app on iphone,30,,0,LOW,0,informational,suggestion,invoice app
cash app invoice generator,30,9.59,0.76,HIGH,27,commercial,suggestion,invoice app
paypal invoice on app,30,11.22,0.29,LOW,18,informational,suggestion,invoice app
wave free invoice app,30,,0,LOW,45,transactional,suggestion,invoice app
invoice paypal app,30,11.22,0.29,LOW,19,transactional,suggestion,invoice app
invoice app for small business free,30,25.51,0.78,HIGH,60,commercial,suggestion,invoice app
paypal invoice app,30,11.22,0.29,LOW,48,transactional,suggestion,invoice app
clover invoice app,30,12.92,0.64,MEDIUM,0,transactional,suggestion,invoice app
invoice app login,30,9.58,0.12,LOW,55,navigational,suggestion,invoice app
invoice pro app,30,26.85,0.56,MEDIUM,1,commercial,suggestion,invoice app
invoice on paypal app,30,11.22,0.29,LOW,22,informational,suggestion,invoice app
best free invoice app for contractors,30,26.21,0.8,HIGH,60,commercial,suggestion,invoice app
free estimate and invoice app,30,33.84,0.81,HIGH,57,commercial,suggestion,invoice app
auto repair invoice app,30,28,0.87,HIGH,37,commercial,suggestion,invoice app
can you send an invoice through cash app,30,,0.28,LOW,,informational,suggestion,invoice app
how to download invoice from amazon app,30,,0,LOW,1,informational,suggestion,invoice app
paypal app invoice,30,11.22,0.29,LOW,18,informational,suggestion,invoice app
best free invoice app for iphone,30,10.94,0.76,HIGH,21,commercial,suggestion,invoice app
professional invoice app,30,26.85,0.56,MEDIUM,50,commercial,suggestion,invoice app
invoice template app,30,14.44,0.72,HIGH,58,transactional,suggestion,invoice app
how to print invoice from amazon app on android,30,,0,LOW,0,informational,suggestion,invoice app
lawn care invoice app,30,63.11,0.63,MEDIUM,15,commercial,suggestion,invoice app
is there a free invoice app,30,13.39,0.77,HIGH,58,informational,suggestion,invoice app
automotive repair invoice app,30,28,0.87,HIGH,45,commercial,suggestion,invoice app
how to create invoice on square app,30,9.35,0.27,LOW,,informational,suggestion,invoice app
paypal api invoice,30,48.14,0.18,LOW,49,commercial,suggestion,invoice api
zoho invoice api,30,,0.06,LOW,11,commercial,suggestion,invoice api
paypal invoice api,30,48.14,0.18,LOW,25,commercial,suggestion,invoice api
square invoice api,30,12.97,0.13,LOW,6,commercial,suggestion,invoice api
how to make recurring invoice in quickbooks online,30,11.67,0.25,LOW,0,informational,suggestion,recurring invoice
how to stop a recurring invoice in quickbooks online,30,,0.08,LOW,0,informational,suggestion,recurring invoice
past due invoice friendly reminder,30,,0.21,LOW,0,informational,suggestion,invoice reminder
friendly reminder past due invoice,30,,0.21,LOW,20,informational,suggestion,invoice reminder
friendly reminder of past due invoice,30,,0.21,LOW,17,informational,suggestion,invoice reminder
digital invoice approval,30,341.11,0.3,LOW,3,transactional,suggestion,invoice approval
accounts payable invoice approval process,30,,0,LOW,0,informational,suggestion,invoice approval
electronic invoice approval,30,341.11,0.3,LOW,0,informational,suggestion,invoice approval
invoice approval stamp template,30,0.01,0.22,LOW,0,informational,suggestion,invoice approval
xero accounts payable automation,30,,0,LOW,0,commercial,suggestion,accounts payable automation
accounts payable automation oracle,30,,0.27,LOW,0,commercial,suggestion,accounts payable automation
accounts payable automation technology,30,,0,LOW,18,commercial,suggestion,accounts payable automation
accounts payable automation ai,30,282.54,0.29,LOW,29,commercial,suggestion,accounts payable automation
oracle accounts payable automation,30,,0.27,LOW,0,commercial,idea|suggestion,"accounts payable automation|invoice automation,ai invoice generator,invoice processing,invoice ocr"
top rated ai tools for accounts payable automation,30,,0.02,LOW,7,commercial,suggestion,accounts payable automation
healthcare accounts payable automation,30,,0,LOW,0,commercial,suggestion,accounts payable automation
microsoft dynamics gp accounts payable automation,30,,0.08,LOW,0,commercial,suggestion,accounts payable automation
robotic process automation accounts payable,30,,0.21,LOW,0,commercial,suggestion,accounts payable automation
accounts payable automation providers,30,,0.07,LOW,41,commercial,suggestion,accounts payable automation
quadient accounts payable automation,30,84.18,0.56,MEDIUM,0,commercial,idea|suggestion,"accounts payable automation|invoice automation,ai invoice generator,invoice processing,invoice ocr"
concur accounts payable automation,30,42.86,0.65,MEDIUM,0,commercial,suggestion,accounts payable automation
robotic process automation for medical billing,30,,0.02,LOW,0,commercial,suggestion,billing automation
chatgpt invoice download,30,0.48,0.02,LOW,0,transactional,suggestion,invoice chatgpt
how to get chatgpt invoice,30,,0,LOW,,informational,suggestion,invoice chatgpt
chatgpt invoice history,30,,0,LOW,4,informational,suggestion,invoice chatgpt
ai billing and coding,30,62.16,0.79,HIGH,,commercial,suggestion,ai billing
can ai do medical billing and coding,30,20.64,0.46,MEDIUM,,commercial,suggestion,ai billing
ai in medical billing and coding,30,12.89,0.73,HIGH,12,commercial,suggestion,ai billing
ai dental billing,30,114.82,0.8,HIGH,,informational,suggestion,ai billing
will medical billing and coding be taken over by ai,30,0.05,0.1,LOW,0,commercial,suggestion,ai billing
will medical coding and billing be replaced by ai,30,,0.05,LOW,4,commercial,suggestion,ai billing
how does ai contribute to minimizing medical billing errors,30,,0.04,LOW,0,informational,suggestion,ai billing
will ai take over medical coding and billing,30,,0.19,LOW,0,informational,suggestion,ai billing
unc accounts payable,30,,0,LOW,0,navigational,idea,"invoice automation,ai invoice generator,invoice processing,invoice ocr"
uiw accounts payable,30,,0,LOW,4,navigational,idea,"invoice automation,ai invoice generator,invoice processing,invoice ocr"
uncg accounts payable,30,,0,LOW,24,navigational,idea,"invoice automation,ai invoice generator,invoice processing,invoice ocr"
ua accounts payable,30,,0,LOW,2,navigational,idea,"invoice automation,ai invoice generator,invoice processing,invoice ocr"
cash invoice template,30,5.37,1,HIGH,43,informational,idea,"automated invoicing,invoice software,invoice management,invoice api|invoice automation,ai invoice generator,invoice processing,invoice ocr"
invoice history,30,,0.01,LOW,5,informational,idea,"automated invoicing,invoice software,invoice management,invoice api|invoice automation,ai invoice generator,invoice processing,invoice ocr"
invoice or bill,30,,0.16,LOW,0,informational,idea,"invoice automation,ai invoice generator,invoice processing,invoice ocr"
auto invoice maker,30,60.63,0.78,HIGH,40,commercial,idea,"invoice automation,ai invoice generator,invoice processing,invoice ocr"
accounts payable processing services,30,,0,LOW,19,commercial,idea,"invoice automation,ai invoice generator,invoice processing,invoice ocr"
accounts payable duties for resume,30,2.7,0.09,LOW,1,transactional,idea,"invoice automation,ai invoice generator,invoice processing,invoice ocr"
elements financial pay bill,30,,0,LOW,0,informational,idea,"invoice automation,ai invoice generator,invoice processing,invoice ocr"
hourly rate invoice,30,4.76,0.74,HIGH,0,informational,idea,"automated invoicing,invoice software,invoice management,invoice api|invoice automation,ai invoice generator,invoice processing,invoice ocr"
ung invoice,30,,0,LOW,0,navigational,idea,"automated invoicing,invoice software,invoice management,invoice api|invoice automation,ai invoice generator,invoice processing,invoice ocr"
progress invoicing in qbo,30,,0.01,LOW,0,navigational,idea,"automated invoicing,invoice software,invoice management,invoice api|invoice automation,ai invoice generator,invoice processing,invoice ocr"
netsuite accounts receivable,30,98.45,0.46,MEDIUM,0,navigational,idea,"invoice automation,ai invoice generator,invoice processing,invoice ocr"
netsuite: accounts receivable,30,98.45,0.46,MEDIUM,2,navigational,idea,"invoice automation,ai invoice generator,invoice processing,invoice ocr"
accounts payable tracking,30,23.88,0.92,HIGH,0,commercial,idea,"invoice automation,ai invoice generator,invoice processing,invoice ocr"
rowan accounts payable,30,,0,LOW,0,navigational,idea,"invoice automation,ai invoice generator,invoice processing,invoice ocr"
uci accounts payable,30,,0,LOW,0,navigational,idea,"invoice automation,ai invoice generator,invoice processing,invoice ocr"
accounts payable umich,30,,0,LOW,0,navigational,idea,"invoice automation,ai invoice generator,invoice processing,invoice ocr"
accounts payable tracker,30,23.88,0.92,HIGH,0,commercial,idea,"invoice automation,ai invoice generator,invoice processing,invoice ocr"
accounts payable name,30,,0.06,LOW,20,informational,idea,"invoice automation,ai invoice generator,invoice processing,invoice ocr"
jmu accounts payable,30,,0,LOW,0,navigational,idea,"invoice automation,ai invoice generator,invoice processing,invoice ocr"
accounts payable statement,30,,0.18,LOW,10,informational,idea,"invoice automation,ai invoice generator,invoice processing,invoice ocr"
vcu accounts payable,30,,0,LOW,0,navigational,idea,"invoice automation,ai invoice generator,invoice processing,invoice ocr"
accounts payable transactions,30,,0.12,LOW,7,commercial,idea,"invoice automation,ai invoice generator,invoice processing,invoice ocr"
uva accounts payable,30,,0,LOW,0,navigational,idea,"invoice automation,ai invoice generator,invoice processing,invoice ocr"
accounts payable vendors,30,,0.22,LOW,4,commercial,idea,"invoice automation,ai invoice generator,invoice processing,invoice ocr"
csu accounts payable,30,,0,LOW,0,navigational,idea,"invoice automation,ai invoice generator,invoice processing,invoice ocr"
fsu accounts payable,30,,0,LOW,0,navigational,idea,"invoice automation,ai invoice generator,invoice processing,invoice ocr"
accounts payable association,30,5.7,0.13,LOW,0,navigational,idea,"invoice automation,ai invoice generator,invoice processing,invoice ocr"
how to invoice a company,30,24.12,0.72,HIGH,6,informational,idea,"automated invoicing,invoice software,invoice management,invoice api|invoice automation,ai invoice generator,invoice processing,invoice ocr"
off invoice allowance,30,,0.08,LOW,0,informational,idea,"automated invoicing,invoice software,invoice management,invoice api|invoice automation,ai invoice generator,invoice processing,invoice ocr"
invoice remaining balance,30,,0.18,LOW,0,informational,idea,"automated invoicing,invoice software,invoice management,invoice api|invoice automation,ai invoice generator,invoice processing,invoice ocr"
pandora invoice,30,,0.01,LOW,0,informational,idea,"invoice automation,ai invoice generator,invoice processing,invoice ocr"
pod invoice,30,,0.06,LOW,0,informational,idea,"invoice automation,ai invoice generator,invoice processing,invoice ocr"
accounts payable nyc,30,,0.13,LOW,0,commercial,idea,"invoice automation,ai invoice generator,invoice processing,invoice ocr"
unlv accounts payable,30,,0,LOW,0,navigational,idea,"invoice automation,ai invoice generator,invoice processing,invoice ocr"
accounts payable unlv,30,,0,LOW,0,navigational,idea,"invoice automation,ai invoice generator,invoice processing,invoice ocr"
retention invoice,30,0.03,0.29,LOW,0,informational,idea,"invoice automation,ai invoice generator,invoice processing,invoice ocr"
myob invoice,30,,0.07,LOW,0,navigational,idea,"invoice automation,ai invoice generator,invoice processing,invoice ocr"
production invoice,30,19.57,0.34,MEDIUM,0,informational,idea,"invoice automation,ai invoice generator,invoice processing,invoice ocr"
notes payable formula,30,,0.02,LOW,0,informational,idea,"invoice automation,ai invoice generator,invoice processing,invoice ocr"
accounts payable ledger example,30,,0.32,LOW,0,informational,idea,"invoice automation,ai invoice generator,invoice processing,invoice ocr"
nj transit accounts payable,30,,0,LOW,0,navigational,idea,"invoice automation,ai invoice generator,invoice processing,invoice ocr"
quickbooks accounts payable report,30,27.79,0.1,LOW,0,informational,idea,"invoice automation,ai invoice generator,invoice processing,invoice ocr"
accounts payable trial balance,30,,0.12,LOW,0,informational,idea,"invoice automation,ai invoice generator,invoice processing,invoice ocr"
list of accounts payable,30,,0.22,LOW,0,informational,idea,"invoice automation,ai invoice generator,invoice processing,invoice ocr"
invoice creative,30,0.1,1,HIGH,1,transactional,idea,"invoice automation,ai invoice generator,invoice processing,invoice ocr"
invoice antonyms,30,,0,LOW,0,informational,idea,"invoice automation,ai invoice generator,invoice processing,invoice ocr"
invoice account number,30,,0.11,LOW,0,informational,idea,"invoice automation,ai invoice generator,invoice processing,invoice ocr"
gi bill book stipend amount,30,,0,LOW,,informational,idea,"invoice automation,ai invoice generator,invoice processing,invoice ocr"
proforma invoice ups,30,8.9,0.15,LOW,0,commercial,idea,"invoice automation,ai invoice generator,invoice processing,invoice ocr"
gst billing software,30,24.26,0.12,LOW,31,commercial,idea,"automated invoicing,invoice software,invoice management,invoice api"
invoicing platforms for small business,30,62.61,0.93,HIGH,58,commercial,idea,"automated invoicing,invoice software,invoice management,invoice api"
offline invoicing software,30,11.92,1,HIGH,31,commercial,idea,"automated invoicing,invoice software,invoice management,invoice api"
free accounting software for pc,30,55.45,0.91,HIGH,50,commercial,idea,"automated invoicing,invoice software,invoice management,invoice api"
very small business accounting software,30,52.93,0.99,HIGH,52,commercial,idea,"automated invoicing,invoice software,invoice management,invoice api"
software to create invoices,30,40.73,0.7,HIGH,65,commercial,idea,"automated invoicing,invoice software,invoice management,invoice api"
germany e-invoicing,30,12.35,0.46,MEDIUM,0,commercial,idea,"automated invoicing,invoice software,invoice management,invoice api"
cash flow software for small business,30,,0.59,MEDIUM,19,commercial,idea,"automated invoicing,invoice software,invoice management,invoice api"
balance billing colorado,30,,0.01,LOW,0,informational,idea,"automated invoicing,invoice software,invoice management,invoice api"
simple invoice download,30,13.34,0.73,HIGH,53,informational,idea,"automated invoicing,invoice software,invoice management,invoice api"
gst software,30,18.18,0.34,MEDIUM,53,commercial,idea,"automated invoicing,invoice software,invoice management,invoice api"
small business billing services,30,151.15,0.6,MEDIUM,58,commercial,idea,"automated invoicing,invoice software,invoice management,invoice api"
popular bookkeeping software,30,18.08,0.66,MEDIUM,30,commercial,idea,"automated invoicing,invoice software,invoice management,invoice api"
basic invoicing software,30,87.71,0.97,HIGH,66,commercial,idea,"automated invoicing,invoice software,invoice management,invoice api"
quickbooks desktop invoice,30,,0.24,LOW,18,transactional,idea,"automated invoicing,invoice software,invoice management,invoice api"
netsuite invoice automation,20,235.81,0.71,HIGH,0,commercial,related|suggestion,invoice automation
bill invoice app,20,14.66,0.74,HIGH,44,transactional,related|suggestion,invoice app|invoice automation
netsuite a r automation,20,260.12,0.65,MEDIUM,2,navigational,related,invoice automation
automated invoice in excel,20,17.18,0.43,MEDIUM,14,commercial,related|suggestion,automate invoicing|automated invoice|automated invoicing|invoice automation
zoho invoice download,20,,0.26,LOW,11,navigational,idea|related,"automate invoicing|automated invoicing,invoice software,invoice management,invoice api|invoice automation"
bill app download,20,5.41,0.26,LOW,,transactional,related,invoice automation
accounts payable software examples,20,82.39,0.65,MEDIUM,,commercial,related,accounts payable automation|invoice automation
netsuite bill capture cost,20,308.13,0.65,MEDIUM,,informational,related,invoice automation
accounts payable ai software,20,127.08,0.59,MEDIUM,37,commercial,related,accounts payable automation|invoice automation
invoice meaning in hindi,20,,0,LOW,0,informational,related,invoice automation
what does invoice mean in shipping,20,,0.03,LOW,8,informational,related,invoice automation
zoho invoice generator free,20,4.22,0.37,MEDIUM,57,commercial,related,invoice automation
free invoice maker app download,20,22.68,0.57,MEDIUM,58,transactional,related|suggestion,ai invoice|ai invoice generator|invoice app|invoice generator ai
my invoice maker app,20,13.49,0.74,HIGH,,transactional,related|suggestion,ai invoice|ai invoice generator|invoice app|invoice generator ai
invoice processing procedure pdf,20,,0.46,MEDIUM,1,informational,related|suggestion,invoice processing
invoice processing department,20,7.58,0.27,LOW,19,commercial,related|suggestion,invoice processing
invoice scanner app,20,10.83,0.59,MEDIUM,47,transactional,related|suggestion,invoice app|invoice scanner
ai invoice scanner,20,54.82,0.55,MEDIUM,,commercial,related|suggestion,ai invoice|invoice scanner
bill scanner machine,20,1,0.69,HIGH,16,transactional,related,invoice scanner
invoice scanning software for quickbooks,20,29.55,0.95,HIGH,0,transactional,related|suggestion,invoice scanner|invoice software
simple invoice app free,20,19.87,0.79,HIGH,47,informational,related|suggestion,invoice app|invoice management software
power automate invoice processing,20,16.48,0.36,MEDIUM,0,transactional,related|suggestion,automate invoicing|invoice processing
best invoice approval software,20,,0.02,LOW,,commercial,related|suggestion,invoice approval|invoice software|invoice workflow
ramp bill pay demo,20,168.19,0.67,HIGH,,informational,related,accounts payable automation
invoice automation excel,20,17.18,0.43,MEDIUM,4,informational,suggestion,invoice automation
a p invoice automation software,20,,0.43,MEDIUM,42,commercial,suggestion,invoice automation|invoice software
invoice automation platform,20,,0,LOW,15,commercial,suggestion,invoice automation
ap invoice processing automation,20,,0,LOW,35,commercial,suggestion,invoice automation|invoice processing
ap invoice automation software,20,,0.43,MEDIUM,42,commercial,idea|suggestion,"automated invoicing,invoice software,invoice management,invoice api|invoice automation|invoice software"
invoice automation service,20,,0,LOW,,commercial,suggestion,invoice automation
invoice automation services,20,,0,LOW,,commercial,suggestion,invoice automation
accounts payable invoice automation gartner,20,,0,LOW,44,commercial,suggestion,accounts payable automation|invoice automation
what is invoice automation,20,,0.27,LOW,2,informational,suggestion,invoice automation
invoice processing ai,20,25.39,0.24,LOW,17,commercial,suggestion,ai invoice|invoice processing
ai for invoice,20,79.45,0.76,HIGH,7,transactional,suggestion,ai invoice
ai for invoice processing,20,167.71,0.29,LOW,1,commercial,suggestion,ai invoice|invoice processing
invoice maker ai,20,29,0.8,HIGH,11,commercial,suggestion,ai invoice
ai powered invoice processing,20,,0.1,LOW,,commercial,suggestion,ai invoice|invoice processing
ai invoice scanning,20,54.82,0.55,MEDIUM,,commercial,suggestion,ai invoice
relish invoice ai,20,19.09,0.61,MEDIUM,0,commercial,suggestion,ai invoice
automated invoice excel,20,17.18,0.43,MEDIUM,18,commercial,suggestion,automated invoice
automated invoice matching,20,,0.14,LOW,0,commercial,suggestion,automated invoice
automated invoice management software,20,,0,LOW,,commercial,idea|suggestion,"automated invoice|automated invoicing,invoice software,invoice management,invoice api|invoice management|invoice software"
automated invoice scanning,20,,0.29,LOW,6,commercial,suggestion,automated invoice
how to set up automatic invoice reminders in quickbooks online,20,,0.17,LOW,,informational,suggestion,automatic invoice
automatic invoice in excel,20,17.18,0.43,MEDIUM,23,commercial,suggestion,automatic invoice
quickbooks online automatic invoice reminders,20,,0.45,MEDIUM,19,informational,suggestion,automatic invoice
turn off automatic invoice reminders in quickbooks online,20,,0.02,LOW,12,transactional,suggestion,automatic invoice
quickbooks automatic invoice reminders,20,,0.28,LOW,0,informational,suggestion,automatic invoice
quickbooks automatic invoice reminder,20,,0.28,LOW,0,transactional,suggestion,automatic invoice|invoice reminder
sap invoice management ocr,20,,,,,navigational,suggestion,invoice management|invoice ocr
invoice scanner quickbooks,20,29.55,0.95,HIGH,0,transactional,suggestion,invoice scanner
quickbooks invoice scanner,20,29.55,0.95,HIGH,0,transactional,suggestion,invoice scanner
invoice scanner for quickbooks,20,29.55,0.95,HIGH,0,transactional,suggestion,invoice scanner
invoice processing procedures,20,,0,LOW,7,commercial,suggestion,invoice processing
invoice processing flow chart,20,3.21,0.26,LOW,0,informational,suggestion,invoice processing
invoice processing flow,20,,0.86,HIGH,0,commercial,suggestion,invoice processing
digital invoice processing,20,,0.06,LOW,24,transactional,suggestion,invoice processing
quickbooks add credit card processing fee to invoice,20,,0.07,LOW,29,transactional,suggestion,invoice processing
when processing an invoice what account is debited,20,,0,LOW,5,informational,suggestion,invoice processing
when processing an invoice what account is credited,20,,,,0,informational,suggestion,invoice processing
netsuite invoice processing,20,,0.01,LOW,1,navigational,suggestion,invoice processing
add credit card processing fee to quickbooks invoice,20,,0.09,LOW,29,transactional,suggestion,invoice processing
nexus invoice processing,20,11.96,0.58,MEDIUM,0,commercial,suggestion,invoice processing
cost of invoice processing,20,,0.04,LOW,10,informational,suggestion,invoice processing
invoice processing in oracle,20,13.95,0.48,MEDIUM,0,commercial,suggestion,invoice processing
workday invoice processing,20,23.16,0.59,MEDIUM,2,commercial,suggestion,invoice processing
oracle invoice processing,20,13.95,0.48,MEDIUM,0,commercial,idea|suggestion,"invoice automation,ai invoice generator,invoice processing,invoice ocr|invoice processing"
freight invoice processing,20,,0.03,LOW,0,commercial,suggestion,invoice processing
cost of processing an invoice,20,,0.04,LOW,15,informational,suggestion,invoice processing
paypal invoice processing fee,20,,0.03,LOW,,informational,suggestion,invoice processing
invoice processing process flow,20,,0.86,HIGH,0,informational,suggestion,invoice processing
average cost of processing an invoice,20,,0.04,LOW,29,commercial,suggestion,invoice processing
concur invoice processing,20,16.98,0.77,HIGH,33,commercial,suggestion,invoice processing
invoice processing procedure,20,,0,LOW,5,informational,suggestion,invoice processing
please find attached invoice for your payment processing,20,,0.04,LOW,0,transactional,suggestion,invoice processing
edi invoice processing,20,10.54,0.56,MEDIUM,0,commercial,suggestion,invoice processing
invoice processing definition,20,,0,LOW,6,informational,suggestion,invoice processing
erp invoice processing,20,,0.14,LOW,0,commercial,suggestion,invoice processing
sap vendor invoice management jobs,20,,0.07,LOW,0,navigational,suggestion,invoice management
recurring invoice management,20,,0.08,LOW,55,commercial,suggestion,invoice management|recurring invoice
invoice management services,20,,,,1,commercial,suggestion,invoice management
what is invoice management,20,5.21,0.03,LOW,0,informational,suggestion,invoice management
invoice management online,20,,0.43,MEDIUM,69,commercial,idea|suggestion,"automated invoicing,invoice software,invoice management,invoice api|invoice management"
supplier invoice management,20,,1,HIGH,0,commercial,suggestion,invoice management
vendor invoice management process,20,,0.06,LOW,0,commercial,suggestion,invoice management
invoice management excel,20,,0.06,LOW,0,commercial,suggestion,invoice management
supplier invoice management system,20,,0.17,LOW,0,commercial,suggestion,invoice management
online invoice management,20,,0.43,MEDIUM,69,commercial,suggestion,invoice management
expense and invoice management software,20,,0.86,HIGH,,commercial,suggestion,invoice management|invoice software
vendor invoice management portal,20,52.7,0.12,LOW,,navigational,suggestion,invoice management
invoice management process,20,,0,LOW,0,commercial,suggestion,invoice management
invoice management system software,20,,0,LOW,,commercial,idea|suggestion,"automated invoicing,invoice software,invoice management,invoice api|invoice management|invoice software"
free invoice and inventory software,20,22.03,0.86,HIGH,38,commercial,suggestion,invoice software
work order and invoice software,20,12.31,0.31,LOW,0,commercial,suggestion,invoice software
truck repair invoice software,20,67.19,0.36,MEDIUM,36,commercial,suggestion,invoice software
best business invoice software,20,32.18,0.77,HIGH,63,commercial,idea|suggestion,"automated invoicing,invoice software,invoice management,invoice api|invoice software"
inventory and invoice software free,20,22.03,0.86,HIGH,58,commercial,suggestion,invoice software
free invoice tracking software,20,31.46,0.83,HIGH,66,commercial,suggestion,invoice software
quicken invoice software,20,,0.56,MEDIUM,6,commercial,suggestion,invoice software
vat invoice software,20,,,,47,commercial,suggestion,invoice software
what is invoice software,20,,0.14,LOW,28,informational,suggestion,invoice software
invoice software linux,20,16.71,0.64,MEDIUM,52,commercial,suggestion,invoice software
invoice software to download,20,38.33,0.96,HIGH,66,transactional,suggestion,invoice software
service invoice software,20,17.59,0.45,MEDIUM,58,commercial,suggestion,invoice software
sage invoice software,20,79.23,0.32,LOW,49,commercial,suggestion,invoice software
construction estimate and invoice software,20,111.99,0.21,LOW,37,commercial,suggestion,invoice software
work order invoice software,20,12.31,0.31,LOW,10,commercial,suggestion,invoice software
downloadable invoice software,20,38.33,0.96,HIGH,57,commercial,suggestion,invoice software
zoho invoice software download,20,,0.26,LOW,11,navigational,suggestion,invoice software
free software for invoice and inventory,20,22.03,0.86,HIGH,58,commercial,suggestion,invoice software
free invoice tracker software,20,31.46,0.83,HIGH,67,commercial,suggestion,invoice software
contractor estimate and invoice software,20,155.66,0.93,HIGH,37,commercial,suggestion,invoice software
download invoice software,20,38.33,0.96,HIGH,70,transactional,suggestion,invoice software
email invoice software,20,,0.14,LOW,69,commercial,suggestion,invoice software
invoice routing software,20,202.04,0.43,MEDIUM,2,commercial,suggestion,invoice software
mechanics invoice software,20,46.79,0.82,HIGH,13,commercial,suggestion,invoice software
dental lab invoice software,20,9.28,0.3,LOW,1,commercial,suggestion,invoice software
invoice manager software,20,161.83,0.5,MEDIUM,18,commercial,suggestion,invoice software
my invoice software,20,20.64,1,HIGH,0,navigational,suggestion,invoice software
which software is best for invoice,20,,0.24,LOW,57,commercial,suggestion,invoice software
invoice making software free,20,16,0.74,HIGH,64,commercial,suggestion,invoice software
free invoice making software,20,16,0.74,HIGH,58,commercial,suggestion,invoice software
invoice software for mechanic shop,20,59.48,0.91,HIGH,26,commercial,suggestion,invoice software
repair invoice software,20,,0,LOW,52,commercial,suggestion,invoice software
best invoice capture software,20,,0.19,LOW,24,commercial,suggestion,invoice software
ap invoice software,20,,0,LOW,,commercial,suggestion,invoice software
harvest invoice software,20,,0.1,LOW,,commercial,idea|suggestion,"automated invoicing,invoice software,invoice management,invoice api|invoice software"
invoice software for linux,20,16.71,0.64,MEDIUM,15,commercial,suggestion,invoice software
free software for invoice making,20,16,0.74,HIGH,68,commercial,suggestion,invoice software
freight invoice auditing software,20,,0.04,LOW,5,commercial,suggestion,invoice software
best online invoice software,20,71.68,0.43,MEDIUM,57,commercial,suggestion,invoice software
best invoice and accounting software,20,25.84,0.73,HIGH,100,commercial,suggestion,invoice software
inventory invoice software free,20,22.03,0.86,HIGH,67,commercial,suggestion,invoice software
invoice fraud detection software,20,,0,LOW,2,commercial,suggestion,invoice software
manager invoice software,20,161.83,0.5,MEDIUM,16,commercial,suggestion,invoice software
linux invoice software,20,16.71,0.64,MEDIUM,52,commercial,suggestion,invoice software
invoice tracking software free,20,31.46,0.83,HIGH,58,commercial,suggestion,invoice software
free inventory invoice software,20,22.03,0.86,HIGH,57,commercial,suggestion,invoice software
best invoice and inventory software,20,,0.29,LOW,57,commercial,suggestion,invoice software
free invoice and payment software,20,37.92,0.84,HIGH,59,commercial,suggestion,invoice software
invoice and expense tracking software,20,,0.86,HIGH,76,commercial,suggestion,invoice software
business invoice software free,20,38.92,0.87,HIGH,53,commercial,suggestion,invoice software
auto repair invoice software free download,20,12.26,0.86,HIGH,3,navigational,suggestion,invoice software
free business invoice software,20,38.92,0.87,HIGH,59,commercial,suggestion,invoice software
invoice software download,20,38.33,0.96,HIGH,66,transactional,idea|suggestion,"automated invoicing,invoice software,invoice management,invoice api|invoice software"
shop invoice software,20,63.18,0.57,MEDIUM,26,commercial,suggestion,invoice software
invoice and inventory software free,20,22.03,0.86,HIGH,67,commercial,suggestion,invoice software
free invoice inventory software,20,22.03,0.86,HIGH,58,commercial,suggestion,invoice software
desktop invoice software,20,34.13,1,HIGH,58,commercial,suggestion,invoice software
web based invoice software,20,,0.16,LOW,74,commercial,suggestion,invoice software
is invoice maker app free,20,14.34,0.61,MEDIUM,,informational,suggestion,invoice app
invoice from app store,20,,0.02,LOW,6,transactional,suggestion,invoice app
invoice maker & estimate app,20,18.16,0.57,MEDIUM,35,commercial,suggestion,invoice app
free online invoice app,20,21.08,0.86,HIGH,57,transactional,suggestion,invoice app
best invoice app ipad,20,5.15,0.86,HIGH,5,commercial,suggestion,invoice app
amazon app print invoice,20,,0,LOW,1,transactional,suggestion,invoice app
invoice and receipt app,20,36.04,0.82,HIGH,53,transactional,suggestion,invoice app
best ipad invoice app,20,5.15,0.86,HIGH,10,commercial,suggestion,invoice app
how to print invoice from ebay app,20,,0,LOW,17,informational,suggestion,invoice app
free unlimited invoice app android,20,17.41,0.79,HIGH,25,transactional,suggestion,invoice app
invoice maker app for iphone,20,,0.29,LOW,21,commercial,suggestion,invoice app
best invoice app for small business free,20,20.29,0.8,HIGH,58,commercial,suggestion,invoice app
invoice app ui,20,,0,LOW,0,navigational,idea|suggestion,"automated invoicing,invoice software,invoice management,invoice api|invoice app"
how to create an invoice on square app,20,15.86,0.35,MEDIUM,,informational,suggestion,invoice app
how to get invoice on amazon app,20,,0,LOW,2,informational,suggestion,invoice app
what is the best free invoice app,20,19.15,0.51,MEDIUM,36,commercial,suggestion,invoice app
invoice maker: estimate app,20,20.06,0.74,HIGH,28,commercial,suggestion,invoice app
how to print invoice on amazon app,20,,0,LOW,0,informational,suggestion,invoice app
invoice maker & billing app,20,4.04,0.83,HIGH,25,commercial,suggestion,invoice app
free invoice and estimate app,20,20.16,0.77,HIGH,45,informational,suggestion,invoice app
free contractor invoice app,20,32.2,0.82,HIGH,22,informational,suggestion,invoice app
invoice scanning app,20,10.83,0.59,MEDIUM,33,transactional,suggestion,invoice app
completely free invoice app,20,13.37,0.8,HIGH,,informational,suggestion,invoice app
invoice maker free app,20,19.79,0.67,HIGH,45,commercial,suggestion,invoice app
zoho invoice mobile app,20,,0.06,LOW,54,navigational,suggestion,invoice app
how to print an invoice from amazon app,20,,0.02,LOW,0,informational,suggestion,invoice app
invoice maker app reviews,20,5.09,0.51,MEDIUM,15,commercial,suggestion,invoice app
print amazon invoice from app,20,,0,LOW,0,transactional,suggestion,invoice app
landscaping invoice app,20,153.25,0.45,MEDIUM,9,navigational,suggestion,invoice app
invoice maker estimate app,20,20.06,0.74,HIGH,28,commercial,suggestion,invoice app
best invoice app for ipad,20,5.15,0.86,HIGH,12,commercial,suggestion,invoice app
how to download invoice from amazon app on android,20,,0,LOW,0,informational,suggestion,invoice app
invoice simple app download,20,49.8,0.65,MEDIUM,16,navigational,suggestion,invoice app
how to download amazon invoice from app,20,,0,LOW,1,informational,suggestion,invoice app
best invoice and estimate app,20,79.31,0.8,HIGH,35,commercial,suggestion,invoice app
how to get invoice from walmart app,20,,0.07,LOW,,informational,suggestion,invoice app
invoice tracker app,20,14.76,0.69,HIGH,37,commercial,suggestion,invoice app
what is a good invoice app,20,30.89,0.75,HIGH,,informational,suggestion,invoice app
app para hacer invoice,20,22.07,0.81,HIGH,0,commercial,suggestion,invoice app
create free invoice app,20,16,0.77,HIGH,,transactional,suggestion,invoice app
can i send an invoice through cash app,20,31.06,0.29,LOW,,informational,suggestion,invoice app
invoice fly app reviews,20,11.72,0.5,MEDIUM,7,informational,suggestion,invoice app
free invoice app no subscription,20,19.7,0.77,HIGH,45,informational,suggestion,invoice app
billing invoice app,20,14.66,0.74,HIGH,61,commercial,suggestion,invoice app
best free estimate and invoice app,20,21.31,0.77,HIGH,55,commercial,suggestion,invoice app
invoice receipt app,20,36.04,0.82,HIGH,,transactional,suggestion,invoice app
easiest free invoice app,20,25.37,0.86,HIGH,,informational,suggestion,invoice app
app store invoice,20,,0.02,LOW,85,transactional,suggestion,invoice app
landscape invoice app,20,,0,LOW,7,navigational,suggestion,invoice app
free mobile invoice app,20,47.45,0.13,LOW,,transactional,suggestion,invoice app
how to get invoice from ebay app,20,,0,LOW,,informational,suggestion,invoice app
contractor estimate and invoice app,20,60.09,0.68,HIGH,,navigational,suggestion,invoice app
invoice app south africa,20,,,,8,navigational,suggestion,invoice app
how to create invoice on paypal app,20,7.99,0.33,LOW,53,informational,suggestion,invoice app
app for invoice tracking,20,14.76,0.69,HIGH,62,commercial,suggestion,invoice app
the best invoice app,20,95.86,0.8,HIGH,37,commercial,suggestion,invoice app
invoice scan app,20,10.83,0.59,MEDIUM,46,transactional,suggestion,invoice app
bookipi invoice app for iphone,20,,0,LOW,,transactional,suggestion,invoice app
how to generate invoice from amazon app,20,,0,LOW,3,informational,suggestion,invoice app
automotive invoice app,20,29.65,0.77,HIGH,54,commercial,suggestion,invoice app
invoice fly app cost,20,6.59,0.61,MEDIUM,,transactional,suggestion,invoice app
how to send invoice on square app,20,10.42,0.31,LOW,,informational,suggestion,invoice app
app para invoice gratis,20,13.44,0.78,HIGH,,informational,suggestion,invoice app
how to send an invoice on cash app,20,9.52,0.43,MEDIUM,33,informational,suggestion,invoice app
best invoice generator app,20,12.64,0.13,LOW,36,commercial,suggestion,invoice app
free invoice making app,20,16,0.77,HIGH,31,commercial,suggestion,invoice app
how to get order invoice from amazon app,20,,0,LOW,0,informational,suggestion,invoice app
how to get invoice from amazon app,20,,0,LOW,3,informational,suggestion,invoice app
how to create an invoice on paypal app,20,7.99,0.33,LOW,53,informational,suggestion,invoice app
xero api invoice,20,,0,LOW,14,transactional,suggestion,invoice api
quickbooks api create invoice,20,,0.19,LOW,2,transactional,suggestion,invoice api
stripe api create invoice,20,4.38,0.04,LOW,39,transactional,suggestion,invoice api
coupa invoice api,20,,0.14,LOW,0,commercial,suggestion,invoice api
open invoice api,20,7.13,0.39,MEDIUM,1,informational,suggestion,invoice api
stripe create invoice api,20,,0,LOW,59,transactional,suggestion,invoice api
xero invoice api,20,,0,LOW,17,transactional,suggestion,invoice api
hubspot invoice api,20,,0.04,LOW,8,commercial,suggestion,invoice api
edit recurring invoice in quickbooks online,20,,0.13,LOW,0,transactional,suggestion,recurring invoice
create recurring invoice in quickbooks online,20,,0.52,MEDIUM,0,transactional,suggestion,recurring invoice
how to make an invoice recurring in quickbooks online,20,35.62,0.31,LOW,0,informational,suggestion,recurring invoice
recurring invoice meaning,20,,0.07,LOW,0,informational,suggestion,recurring invoice
how to set up a recurring invoice in quickbooks online,20,18.43,0.29,LOW,0,informational,suggestion,recurring invoice
friendly reminder to pay invoice,20,2.79,0.23,LOW,17,navigational,suggestion,invoice reminder
email reminder for invoice payment,20,,0.11,LOW,17,transactional,suggestion,invoice reminder
quickbooks auto invoice reminder,20,,0.28,LOW,0,informational,suggestion,invoice reminder
stripe invoice reminder,20,,0,LOW,22,informational,suggestion,invoice reminder
reminder invoice due,20,,0.04,LOW,,informational,suggestion,invoice reminder
outstanding invoice reminder,20,,0.24,LOW,15,informational,suggestion,invoice reminder
invoice payment reminder email template,20,,0,LOW,3,transactional,suggestion,invoice reminder
reminder for outstanding invoice,20,,0.24,LOW,15,transactional,suggestion,invoice reminder
invoice payment reminder email,20,,0.11,LOW,1,informational,suggestion,invoice reminder
email reminder to pay invoice,20,,0.11,LOW,3,transactional,suggestion,invoice reminder
invoice due reminder,20,,0.04,LOW,0,informational,suggestion,invoice reminder
invoice approval stamps,20,,1,HIGH,0,transactional,suggestion,invoice approval
paperless invoice approval system,20,,0.38,MEDIUM,0,commercial,suggestion,invoice approval
invoice approval systems,20,142.29,0.3,LOW,5,commercial,suggestion,invoice approval
invoice approval system,20,142.29,0.3,LOW,0,commercial,idea|suggestion,"automated invoicing,invoice software,invoice management,invoice api|invoice approval|invoice automation,ai invoice generator,invoice processing,invoice ocr"
invoice approval stamp,20,,1,HIGH,0,informational,suggestion,invoice approval
accounts payable automation examples,20,19.79,0.24,LOW,18,informational,suggestion,accounts payable automation
quadient accounts payable automation by beanworks,20,,0.02,LOW,,navigational,suggestion,accounts payable automation
workday accounts payable automation,20,,0.49,MEDIUM,0,commercial,idea|suggestion,"accounts payable automation|invoice automation,ai invoice generator,invoice processing,invoice ocr"
accounts payable automation canada,20,,0.1,LOW,45,commercial,suggestion,accounts payable automation
automation in accounts payable,20,43.7,0.26,LOW,23,commercial,suggestion,accounts payable automation
how does accounts payable automation work,20,,0.06,LOW,,informational,suggestion,accounts payable automation
accounts payable automation small business,20,,0,LOW,25,commercial,suggestion,accounts payable automation
accounts payable automation australia,20,,0.64,MEDIUM,7,commercial,suggestion,accounts payable automation
chatgpt billing invoice,20,2.55,0.11,LOW,,commercial,suggestion,invoice chatgpt
how to download chatgpt invoice,20,,0,LOW,,informational,suggestion,invoice chatgpt
chatgpt invoice pdf,20,3.66,0.24,LOW,,informational,suggestion,invoice chatgpt
where to find chatgpt invoice,20,,0,LOW,,informational,suggestion,invoice chatgpt
how to find chatgpt invoice,20,,0,LOW,,informational,suggestion,invoice chatgpt
open ai api key billing,20,,0.12,LOW,25,transactional,suggestion,ai billing
open ai account billing,20,,0,LOW,25,transactional,suggestion,ai billing
ai in medical billing and coding aapc,20,16.14,0.55,MEDIUM,2,commercial,suggestion,ai billing
ai in healthcare billing,20,9.74,0.56,MEDIUM,,commercial,suggestion,ai billing
open ai platform billing,20,7.04,0.06,LOW,,transactional,suggestion,ai billing
open ai billing account,20,,0.01,LOW,,transactional,suggestion,ai billing
perplexity ai billing,20,,0.02,LOW,,informational,suggestion,ai billing
ai for billing,20,47.53,0.81,HIGH,28,commercial,suggestion,ai billing
ai and medical billing,20,,0.46,MEDIUM,,commercial,suggestion,ai billing
ai in medical coding and billing course,20,,0,LOW,,commercial,suggestion,ai billing
claude ai api billing,20,,0.01,LOW,,transactional,suggestion,ai billing
z ai billing,20,1.5,0.18,LOW,,transactional,suggestion,ai billing
ai medical billing companies,20,48.72,0.81,HIGH,,commercial,suggestion,ai billing
open ai billing login,20,,0,LOW,,navigational,suggestion,ai billing
ai legal billing software,20,92.24,0.74,HIGH,,commercial,suggestion,ai billing
google ai studio billing account,20,,0.01,LOW,,transactional,suggestion,ai billing
claude ai settings billing,20,,0,LOW,,transactional,suggestion,ai billing
open ai billing api,20,34.74,0.1,LOW,,commercial,suggestion,ai billing
how do ai tools enhance medical coding and billing processes,20,,0.22,LOW,,commercial,suggestion,ai billing
otter ai billing,20,3.08,0.1,LOW,,navigational,suggestion,ai billing
will ai replace medical billing,20,4.89,0.12,LOW,,commercial,suggestion,ai billing
medical billing ai software,20,136.16,0.48,MEDIUM,0,commercial,suggestion,ai billing
automated accounts receivable processing,20,,0,LOW,27,commercial,idea,"automated invoicing,invoice software,invoice management,invoice api|invoice automation,ai invoice generator,invoice processing,invoice ocr"
accounts payable houston,20,1.22,0.27,LOW,,navigational,idea,"invoice automation,ai invoice generator,invoice processing,invoice ocr"
stripe accounts payable,20,17.65,0.38,MEDIUM,,navigational,idea,"automated invoicing,invoice software,invoice management,invoice api|invoice automation,ai invoice generator,invoice processing,invoice ocr"
gwu accounts payable,20,,0,LOW,1,navigational,idea,"invoice automation,ai invoice generator,invoice processing,invoice ocr"
usf accounts payable,20,,0,LOW,0,informational,idea,"invoice automation,ai invoice generator,invoice processing,invoice ocr"
accounts payable wmu,20,,0,LOW,0,navigational,idea,"invoice automation,ai invoice generator,invoice processing,invoice ocr"
bill or invoice,20,32.91,0.14,LOW,0,informational,idea,"invoice automation,ai invoice generator,invoice processing,invoice ocr"
namecheap invoice,20,,0.01,LOW,,commercial,idea,"automated invoicing,invoice software,invoice management,invoice api|invoice automation,ai invoice generator,invoice processing,invoice ocr"
fast invoice factoring,20,135.18,0.18,LOW,11,commercial,idea,"automated invoicing,invoice software,invoice management,invoice api|invoice automation,ai invoice generator,invoice processing,invoice ocr"
dummy invoice meaning,20,,0,LOW,0,informational,idea,"invoice automation,ai invoice generator,invoice processing,invoice ocr"
accounts receivable test,20,4.58,0.13,LOW,0,informational,idea,"invoice automation,ai invoice generator,invoice processing,invoice ocr"
toggl invoice,20,1.08,0.32,LOW,0,navigational,idea,"automated invoicing,invoice software,invoice management,invoice api|invoice automation,ai invoice generator,invoice processing,invoice ocr"
invoicing guidelines,20,15.55,0.35,MEDIUM,0,informational,idea,"automated invoicing,invoice software,invoice management,invoice api|invoice automation,ai invoice generator,invoice processing,invoice ocr"
paid invoice sample,20,0.67,1,HIGH,40,informational,idea,"automated invoicing,invoice software,invoice management,invoice api|invoice automation,ai invoice generator,invoice processing,invoice ocr"
dynamics 365 invoice,20,,0.05,LOW,54,informational,idea,"automated invoicing,invoice software,invoice management,invoice api|invoice automation,ai invoice generator,invoice processing,invoice ocr"
quickbooks duplicate invoice,20,,0.08,LOW,0,transactional,idea,"invoice automation,ai invoice generator,invoice processing,invoice ocr"
kroger accounts payable,20,,0,LOW,1,commercial,idea,"invoice automation,ai invoice generator,invoice processing,invoice ocr"
uky accounts payable,20,,0,LOW,13,navigational,idea,"invoice automation,ai invoice generator,invoice processing,invoice ocr"
accounts payable synonym,20,,0,LOW,13,informational,idea,"invoice automation,ai invoice generator,invoice processing,invoice ocr"
accounts payable fsu,20,,0,LOW,0,navigational,idea,"invoice automation,ai invoice generator,invoice processing,invoice ocr"
tamu accounts payable,20,,0,LOW,,navigational,idea,"invoice automation,ai invoice generator,invoice processing,invoice ocr"
csun accounts payable,20,,0,LOW,12,navigational,idea,"invoice automation,ai invoice generator,invoice processing,invoice ocr"
ucsd accounts payable,20,,0,LOW,0,navigational,idea,"invoice automation,ai invoice generator,invoice processing,invoice ocr"
scsu accounts payable,20,,0,LOW,,navigational,idea,"invoice automation,ai invoice generator,invoice processing,invoice ocr"
accounts payable outstanding,20,,0.04,LOW,1,informational,idea,"invoice automation,ai invoice generator,invoice processing,invoice ocr"
uiowa accounts payable,20,,0,LOW,42,navigational,idea,"invoice automation,ai invoice generator,invoice processing,invoice ocr"
byu accounts payable,20,,0,LOW,0,navigational,idea,"invoice automation,ai invoice generator,invoice processing,invoice ocr"
utmb: accounts payable,20,,0,LOW,,navigational,idea,"invoice automation,ai invoice generator,invoice processing,invoice ocr"
uw accounts payable,20,,0,LOW,0,navigational,idea,"invoice automation,ai invoice generator,invoice processing,invoice ocr"
gmu accounts payable,20,,0,LOW,3,navigational,idea,"invoice automation,ai invoice generator,invoice processing,invoice ocr"
accounts payable coding,20,14.35,0.4,MEDIUM,0,informational,idea,"invoice automation,ai invoice generator,invoice processing,invoice ocr"
onshape bill of materials,20,,0.04,LOW,49,informational,idea,"invoice automation,ai invoice generator,invoice processing,invoice ocr"
engrossed bill vs enrolled bill,20,,0,LOW,4,informational,idea,"invoice automation,ai invoice generator,invoice processing,invoice ocr"
accounts receivable office,20,,0.13,LOW,,navigational,idea,"invoice automation,ai invoice generator,invoice processing,invoice ocr"
accounts payable procedures manual,20,,0.25,LOW,0,informational,idea,"invoice automation,ai invoice generator,invoice processing,invoice ocr"
frontier co op invoice,20,,0.02,LOW,,navigational,idea,"invoice automation,ai invoice generator,invoice processing,invoice ocr"
invoice 101,20,2.86,0.71,HIGH,0,informational,idea,"invoice automation,ai invoice generator,invoice processing,invoice ocr"
fusion invoice,20,88.62,0.41,MEDIUM,0,informational,idea,"invoice automation,ai invoice generator,invoice processing,invoice ocr"
commercial invoice vs regular invoice,20,,0.06,LOW,,informational,idea,"invoice automation,ai invoice generator,invoice processing,invoice ocr"
paddle invoice,20,26.9,0.39,MEDIUM,,transactional,idea,"invoice automation,ai invoice generator,invoice processing,invoice ocr"
invoice training,20,16.53,0.58,MEDIUM,0,commercial,idea,"invoice automation,ai invoice generator,invoice processing,invoice ocr"
invoice preview,20,,0.23,LOW,,informational,idea,"invoice automation,ai invoice generator,invoice processing,invoice ocr"
sundry invoice,20,,0.03,LOW,0,informational,idea,"invoice automation,ai invoice generator,invoice processing,invoice ocr"
hermes invoice,20,,0,LOW,4,navigational,idea,"invoice automation,ai invoice generator,invoice processing,invoice ocr"
fiscal invoice,20,,0.01,LOW,17,informational,idea,"invoice automation,ai invoice generator,invoice processing,invoice ocr"
preview invoice,20,,0.23,LOW,,informational,idea,"invoice automation,ai invoice generator,invoice processing,invoice ocr"
enrolled bill rule,20,,0,LOW,16,informational,idea,"invoice automation,ai invoice generator,invoice processing,invoice ocr"
corresponding invoice,20,,0.02,LOW,0,informational,idea,"invoice automation,ai invoice generator,invoice processing,invoice ocr"
tally invoice,20,,0.33,LOW,,informational,idea,"invoice automation,ai invoice generator,invoice processing,invoice ocr"
invoice value,20,,0.13,LOW,0,informational,idea,"invoice automation,ai invoice generator,invoice processing,invoice ocr"
petty cash reconciliation template,20,0.07,0.9,HIGH,0,informational,idea,"invoice automation,ai invoice generator,invoice processing,invoice ocr"
quickbooks apply credit memo to invoice,20,,0,LOW,0,transactional,idea,"invoice automation,ai invoice generator,invoice processing,invoice ocr"
accounts payable report sample,20,,0.21,LOW,0,informational,idea,"invoice automation,ai invoice generator,invoice processing,invoice ocr"
kaiser accounts payable department,20,,0,LOW,,navigational,idea,"invoice automation,ai invoice generator,invoice processing,invoice ocr"
gl coding accounts payable,20,,0.2,LOW,0,commercial,idea,"invoice automation,ai invoice generator,invoice processing,invoice ocr"
sap accounts payable process,20,,0.48,MEDIUM,0,navigational,idea,"invoice automation,ai invoice generator,invoice processing,invoice ocr"
accounts payable department responsibilities,20,,0.45,MEDIUM,0,informational,idea,"invoice automation,ai invoice generator,invoice processing,invoice ocr"
days in payable formula,20,,0,LOW,1,informational,idea,"invoice automation,ai invoice generator,invoice processing,invoice ocr"
lexitas pay invoice,20,,0.08,LOW,11,transactional,idea,"invoice automation,ai invoice generator,invoice processing,invoice ocr"
accounts payable t-account example,20,,0.07,LOW,0,informational,idea,"invoice automation,ai invoice generator,invoice processing,invoice ocr"
accounts payable xero,20,175.74,0.28,LOW,0,commercial,idea,"invoice automation,ai invoice generator,invoice processing,invoice ocr"
landstar accounts payable,20,22.85,0.03,LOW,13,navigational,idea,"invoice automation,ai invoice generator,invoice processing,invoice ocr"
accounts payable opening,20,0.4,0.15,LOW,,informational,idea,"invoice automation,ai invoice generator,invoice processing,invoice ocr"
cmu accounts payable,20,,0,LOW,0,navigational,idea,"invoice automation,ai invoice generator,invoice processing,invoice ocr"
fordham accounts payable,20,,0,LOW,26,navigational,idea,"invoice automation,ai invoice generator,invoice processing,invoice ocr"
tcu accounts payable,20,,0,LOW,0,navigational,idea,"invoice automation,ai invoice generator,invoice processing,invoice ocr"
ncsu accounts payable,20,,0,LOW,0,navigational,idea,"invoice automation,ai invoice generator,invoice processing,invoice ocr"
cps accounts payable,20,,0,LOW,45,navigational,idea,"invoice automation,ai invoice generator,invoice processing,invoice ocr"
ualr accounts payable,20,,0.02,LOW,0,navigational,idea,"invoice automation,ai invoice generator,invoice processing,invoice ocr"
lmu accounts payable,20,,0,LOW,23,navigational,idea,"invoice automation,ai invoice generator,invoice processing,invoice ocr"
xero accounts payable,20,175.74,0.28,LOW,0,navigational,idea,"invoice automation,ai invoice generator,invoice processing,invoice ocr"
tjx accounts payable,20,,0,LOW,0,navigational,idea,"invoice automation,ai invoice generator,invoice processing,invoice ocr"
jcps accounts payable,20,,0,LOW,,navigational,idea,"invoice automation,ai invoice generator,invoice processing,invoice ocr"
accounts payable newsletter,20,,0.2,LOW,,informational,idea,"invoice automation,ai invoice generator,invoice processing,invoice ocr"
accounts payable week,20,,0,LOW,,informational,idea,"invoice automation,ai invoice generator,invoice processing,invoice ocr"
uah accounts payable,20,,0,LOW,,navigational,idea,"invoice automation,ai invoice generator,invoice processing,invoice ocr"
procurement accounts payable,20,,0.09,LOW,0,commercial,idea,"invoice automation,ai invoice generator,invoice processing,invoice ocr"
aamu accounts payable,20,,0,LOW,,navigational,idea,"invoice automation,ai invoice generator,invoice processing,invoice ocr"
accounts payable gmu,20,,0,LOW,4,navigational,idea,"invoice automation,ai invoice generator,invoice processing,invoice ocr"
accounts payable gwu,20,,0,LOW,1,navigational,idea,"invoice automation,ai invoice generator,invoice processing,invoice ocr"
ut accounts payable,20,,0,LOW,44,navigational,idea,"invoice automation,ai invoice generator,invoice processing,invoice ocr"
notes payable t account,20,,0,LOW,0,informational,idea,"invoice automation,ai invoice generator,invoice processing,invoice ocr"
non commercial invoice,20,,0.12,LOW,0,informational,idea,"invoice automation,ai invoice generator,invoice processing,invoice ocr"
invoice net terms,20,,0.1,LOW,15,informational,idea,"invoice automation,ai invoice generator,invoice processing,invoice ocr"
invoice pads duplicate,20,2.73,1,HIGH,0,transactional,idea,"invoice automation,ai invoice generator,invoice processing,invoice ocr"
ee distribution invoice,20,,0,LOW,19,informational,idea,"invoice automation,ai invoice generator,invoice processing,invoice ocr"
zoho crm invoicing,20,,0,LOW,5,commercial,idea,"automated invoicing,invoice software,invoice management,invoice api"
vyapar billing software,20,,0.4,MEDIUM,20,commercial,idea,"automated invoicing,invoice software,invoice management,invoice api"
create invoice for free online,20,10.77,0.86,HIGH,50,transactional,idea,"automated invoicing,invoice software,invoice management,invoice api"
oracle billing software,20,25.4,0.44,MEDIUM,29,commercial,idea,"automated invoicing,invoice software,invoice management,invoice api"
free invoicing and payment software,20,37.92,0.84,HIGH,58,commercial,idea,"automated invoicing,invoice software,invoice management,invoice api"
harvest invoicing software,20,,0.1,LOW,,commercial,idea,"automated invoicing,invoice software,invoice management,invoice api"
sap drc e-invoicing,20,,0.58,MEDIUM,0,navigational,idea,"automated invoicing,invoice software,invoice management,invoice api"
reverse invoice in sap,20,,0,LOW,0,informational,idea,"automated invoicing,invoice software,invoice management,invoice api"
manager accounting software review,20,5.08,0.49,MEDIUM,2,commercial,idea,"automated invoicing,invoice software,invoice management,invoice api"
personal inventory management software,20,4.19,0.44,MEDIUM,24,commercial,idea,"automated invoicing,invoice software,invoice management,invoice api"
business plan pro software,20,,0.71,HIGH,10,commercial,idea,"automated invoicing,invoice software,invoice management,invoice api"
free invoice tracker,20,39.04,0.73,HIGH,57,commercial,idea,"automated invoicing,invoice software,invoice management,invoice api"
quickbooks invoice pdf,20,,0.49,MEDIUM,1,transactional,idea,"automated invoicing,invoice software,invoice management,invoice api"
invoice for my business,20,27.43,0.93,HIGH,60,informational,idea,"automated invoicing,invoice software,invoice management,invoice api"
automated subscription billing software,20,,0,LOW,21,commercial,idea,"automated invoicing,invoice software,invoice management,invoice api"
small business accounting software one time purchase,20,21.86,1,HIGH,84,transactional,idea,"automated invoicing,invoice software,invoice management,invoice api"
legal timekeeping and billing software,20,284.1,0.34,MEDIUM,27,commercial,idea,"automated invoicing,invoice software,invoice management,invoice api"
zoho inventory alternatives,20,21.8,0.57,MEDIUM,14,informational,idea,"automated invoicing,invoice software,invoice management,invoice api"
e-invoicing mandates by country,20,12.21,0.62,MEDIUM,,informational,idea,"automated invoicing,invoice software,invoice management,invoice api"
invoice automation ai,10,,0.57,MEDIUM,8,commercial,related|suggestion,ai invoice|invoice automation
netsuite ap automation cost,10,,,,,informational,related,invoice automation
ramp invoice automation,10,21.22,0.52,MEDIUM,,transactional,related|suggestion,invoice automation
list of billing software,10,,0.47,MEDIUM,,commercial,related,automate invoicing|automated invoicing|invoice automation
invoice meaning example,10,32.98,0.08,LOW,14,informational,related,invoice automation
invoice meaning in french,10,,0,LOW,,informational,related,invoice automation
invoice meaning in arabic,10,,0,LOW,0,informational,related,invoice automation
invoice meaning in delivery,10,,,,,informational,related,invoice automation
zoho invoice sign up,10,,0.67,HIGH,11,navigational,related,automate invoicing|invoice automation
zoho invoice web,10,,0.29,LOW,,navigational,related,automate invoicing|invoice automation
zoho invoice apk,10,,0.76,HIGH,,transactional,idea|related,"automate invoicing|automated invoicing,invoice software,invoice management,invoice api|invoice automation"
rossum invoice processing,10,24.31,0.66,MEDIUM,,transactional,related|suggestion,automate invoicing|automated invoicing|invoice automation|invoice processing
invoice extraction software,10,,0.32,LOW,0,commercial,related|suggestion,automate invoicing|automated invoicing|invoice automation|invoice extraction|invoice software
netsuite invoice api,10,,0.34,MEDIUM,,commercial,related|suggestion,automated invoicing|invoice api|invoice automation
netsuite peppol,10,,,,,navigational,related,automated invoicing|invoice automation
netsuite bill capture demo,10,183.39,0.56,MEDIUM,,informational,related,invoice automation
automated invoice in excel template,10,,,,,transactional,related|suggestion,automate invoicing|automated invoice|automated invoicing|invoice automation
how to create invoice in excel with formula,10,,0.33,MEDIUM,57,informational,related,automate invoicing|automated invoicing|invoice automation
payment for invoice or payment of invoice,10,14.87,0.34,MEDIUM,0,informational,related,invoice automation
invoice issued meaning,10,,0,LOW,19,informational,related,invoice automation
types of invoice in accounting,10,,0.06,LOW,42,informational,related,invoice automation
issue invoice meaning,10,,0,LOW,6,informational,related,invoice automation
invoice meaning in business example,10,,0.14,LOW,0,informational,related,invoice automation
invoice meaning in finance,10,,,,20,informational,related,invoice automation
arabic invoice template,10,,0,LOW,,informational,related,invoice automation
invoice number in arabic,10,,,,0,informational,related,invoice automation
arabic invoice sample pdf,10,,,,,informational,related,invoice automation
zoho invoice free limitations,10,,0.08,LOW,,informational,related,invoice automation
zoho invoice free download,10,,0,LOW,53,navigational,related,invoice automation
zoho invoice download for pc,10,,,,,navigational,related,invoice automation
zoho invoice app download,10,,0.36,MEDIUM,,navigational,related|suggestion,invoice app|invoice automation|invoice management software
zoho invoice app for iphone,10,,0,LOW,,transactional,related|suggestion,invoice app|invoice automation
zoho invoice generator login,10,,0.14,LOW,,navigational,related,invoice automation
bill pay app download,10,19.21,0.47,MEDIUM,,navigational,related,invoice automation
bill app free download,10,,,,,transactional,related,invoice automation
ai invoice generator pdf,10,13.92,0.82,HIGH,,commercial,related|suggestion,ai invoice|ai invoice generator|invoice generator ai
ai invoice editor free,10,39.83,0.66,MEDIUM,,transactional,related|suggestion,ai invoice|invoice ai|invoice generator ai
ai invoice reader,10,23.75,0.52,MEDIUM,,commercial,related|suggestion,ai invoice
ai invoice template free,10,5.21,0.79,HIGH,,commercial,related|suggestion,ai invoice|ai invoice generator|invoice ai
ai invoice maker free,10,32.74,0.84,HIGH,,commercial,related|suggestion,ai invoice
free invoice maker app for pc,10,20.51,0.79,HIGH,,transactional,related|suggestion,ai invoice|ai invoice generator|invoice app|invoice generator ai
free invoice maker app no subscription,10,31.76,0.74,HIGH,,commercial,related|suggestion,ai invoice|ai invoice generator|invoice app|invoice generator ai
invoice ai video generator,10,3.52,0.57,MEDIUM,20,transactional,related|suggestion,ai invoice|ai invoice generator|invoice ai
invoice ai app,10,,0.66,MEDIUM,,navigational,related|suggestion,ai invoice|invoice ai|invoice app
invoice automation free,10,,0.71,HIGH,61,commercial,related|suggestion,automate invoicing|automated invoicing|invoice automation|invoice processing
yooz e invoicing,10,,0.71,HIGH,,transactional,related,automated invoicing
best ai invoice generator,10,14.05,0.83,HIGH,,commercial,related|suggestion,ai invoice|ai invoice generator
invoice processing salary,10,,,,0,informational,related|suggestion,invoice processing
what is invoice processing in accounts payable,10,,0.16,LOW,0,informational,related|suggestion,invoice processing
invoice processing checklist,10,,0.64,MEDIUM,0,informational,related|suggestion,invoice processing
invoice processing steps in accounts payable,10,,,,,informational,idea|related|suggestion,"invoice automation,ai invoice generator,invoice processing,invoice ocr|invoice processing"
invoice processing steps in sap,10,,0,LOW,0,informational,related|suggestion,invoice processing
sales invoice processing steps,10,,,,,informational,related|suggestion,invoice processing
standard operating procedure for invoice processing,10,,0.04,LOW,,informational,related|suggestion,invoice processing
invoicing policy and procedures,10,,,,0,informational,related,invoice processing
invoicing policy template,10,,,,0,informational,related,invoice processing
invoice policy,10,,0,LOW,0,informational,related,invoice processing
billing processor job description,10,,0.07,LOW,17,informational,related,invoice processing
invoice processing jobs work from home,10,0.03,0.27,LOW,0,transactional,related|suggestion,invoice processing
invoice processing jobs salary,10,,0,LOW,0,informational,related|suggestion,invoice processing
invoice processing jobs near me,10,1.42,0.11,LOW,0,commercial,related|suggestion,invoice processing
invoice processing job description,10,,0.05,LOW,0,transactional,related|suggestion,invoice processing
invoice processing software free,10,38.02,0.86,HIGH,61,commercial,related|suggestion,invoice processing|invoice software
best invoice processing software,10,,0.19,LOW,,commercial,related|suggestion,invoice processing
invoice verification checklist,10,14.46,0.49,MEDIUM,0,informational,related,invoice processing
invoice checklist excel,10,,0.1,LOW,11,informational,related,invoice processing
invoice checking process,10,,0.52,MEDIUM,0,informational,related,invoice processing
invoice verification process in sap,10,,0.86,HIGH,0,informational,related,invoice processing
invoice data extraction to excel,10,,0.86,HIGH,,transactional,related|suggestion,invoice data extraction|invoice extraction
invoice data extraction python,10,,,,6,informational,related|suggestion,invoice data extraction|invoice extraction|invoice ocr
invoice data extraction github,10,,,,7,informational,related|suggestion,invoice data extraction|invoice extraction
invoice data extraction python github,10,,,,6,informational,related|suggestion,invoice data extraction|invoice extraction
invoice data extraction deep learning github,10,,,,6,transactional,related|suggestion,invoice data extraction|invoice extraction
extract invoice data from pdf python,10,,0.14,LOW,,transactional,related,invoice data extraction
invoice2data python,10,,,,4,informational,related,invoice data extraction
invoice pdf dataset,10,11.83,0.14,LOW,0,informational,related,invoice data extraction
pdf invoice extraction,10,6.19,0.29,LOW,,informational,related|suggestion,invoice data extraction|invoice extraction
invoice data-extraction python github,10,,,,6,transactional,related|suggestion,invoice data extraction|invoice extraction
invoice ocr github,10,,0.29,LOW,8,transactional,related|suggestion,invoice data extraction|invoice ocr
invoice dataset kaggle,10,,,,0,navigational,related,invoice data extraction
invoice github,10,,0.81,HIGH,37,navigational,related,invoice data extraction
invoice ocr meaning,10,,,,,informational,related|suggestion,invoice ocr
invoice-ocr github,10,,0.29,LOW,,navigational,related|suggestion,invoice ocr
invoice ocr open source,10,,0.71,HIGH,0,informational,related|suggestion,invoice ocr
invoice ocr ai,10,,0.24,LOW,7,informational,related|suggestion,ai invoice|invoice ocr
invoicenet,10,,0.37,MEDIUM,3,navigational,related,invoice ocr
invoice scanning software free,10,26.59,0.83,HIGH,7,informational,related|suggestion,invoice ocr|invoice scanner|invoice software
invoice parser document ai,10,,0.52,MEDIUM,1,informational,related|suggestion,ai invoice|invoice ocr|invoice parser
invoice parser github,10,,0,LOW,,commercial,related|suggestion,invoice ocr|invoice parser
invoice scanner online,10,,0.43,MEDIUM,0,commercial,related|suggestion,invoice scanner
scanned invoice pdf sample,10,9.03,0.5,MEDIUM,,informational,related,invoice scanner
ai invoice processing free,10,24.59,0.6,MEDIUM,,commercial,related|suggestion,ai invoice|invoice processing|invoice scanner
invoice scanner to excel,10,,,,0,informational,related|suggestion,invoice scanner
scan invoices into quickbooks desktop,10,50.97,0.77,HIGH,16,transactional,related,invoice scanner
scan invoices into quickbooks online,10,15.6,0.86,HIGH,0,transactional,related,invoice scanner
invoice management software free,10,61.05,0.79,HIGH,58,commercial,related|suggestion,invoice management|invoice management software|invoice software
invoice management software for small business,10,66.4,0.25,LOW,58,commercial,related|suggestion,invoice management|invoice management software
invoice management software free download,10,,,,61,transactional,related|suggestion,invoice management|invoice management software|invoice software
free invoice software download with crack,10,7.45,0.84,HIGH,,transactional,related|suggestion,invoice management software|invoice software
salesforce billing software,10,9.19,0.24,LOW,14,commercial,related,invoice management software
free billing software for pc,10,,0.48,MEDIUM,67,commercial,related,invoice management software
free invoice software download for pc,10,4.66,1,HIGH,,transactional,related|suggestion,invoice management software|invoice software
invoice billing software free download full version,10,39.49,0.43,MEDIUM,30,transactional,related|suggestion,invoice management software|invoice software
best invoice app free for android,10,26.44,0.78,HIGH,36,commercial,related|suggestion,invoice app|invoice management software
best invoice app free for iphone,10,10.37,0.78,HIGH,,commercial,related|suggestion,invoice app|invoice management software
best invoice app free download,10,18.81,0.76,HIGH,,commercial,related|suggestion,invoice app|invoice management software
power automate ai builder invoice processing,10,,0.34,MEDIUM,,commercial,related|suggestion,ai invoice|automate invoicing|invoice processing
extract information from invoices power automate,10,,0.39,MEDIUM,,transactional,related,automate invoicing
generative ai for invoice processing,10,,0.06,LOW,,commercial,related|suggestion,ai invoice|automate invoicing|invoice processing
invoice approval software free,10,,0.35,MEDIUM,8,informational,related|suggestion,invoice approval|invoice workflow
invoice approval process flowchart,10,,0,LOW,1,informational,related|suggestion,invoice approval|invoice workflow
invoice approval meaning,10,,0,LOW,0,informational,related|suggestion,invoice approval|invoice workflow
invoice approval email,10,14.69,0.29,LOW,0,informational,related|suggestion,invoice approval|invoice workflow
approval management system open source,10,,0,LOW,,informational,related,invoice workflow
project approval system,10,,0,LOW,,informational,related,invoice workflow
invoice approval policy,10,,0,LOW,0,informational,related|suggestion,invoice approval|invoice workflow
ap invoice approval in oracle fusion,10,,0.06,LOW,,informational,related|suggestion,invoice approval|invoice workflow
invoice approval template,10,5.89,1,HIGH,44,informational,related|suggestion,invoice approval|invoice workflow
payment approval process,10,,,,0,informational,related,invoice workflow
accounts payable automation software gartner magic quadrant,10,,,,,commercial,related|suggestion,accounts payable automation
ap invoice automation gartner,10,,,,,commercial,suggestion,invoice automation
invoice collection automation,10,,0.54,MEDIUM,,commercial,suggestion,invoice automation
pnc invoice automation,10,20.18,0.74,HIGH,32,transactional,suggestion,invoice automation
sap invoice automation,10,,0.24,LOW,27,commercial,idea|suggestion,"automated invoicing,invoice software,invoice management,invoice api|invoice automation|invoice automation,ai invoice generator,invoice processing,invoice ocr"
vendor invoice automation in d365,10,,0.79,HIGH,,transactional,suggestion,invoice automation
automation of invoice processing process,10,,,,,commercial,suggestion,invoice automation|invoice processing
supplier invoice automation,10,,0.43,MEDIUM,,commercial,suggestion,invoice automation
invoice extraction automation,10,,0,LOW,7,commercial,suggestion,invoice automation|invoice extraction
invoice automation in excel,10,,0.86,HIGH,1,informational,suggestion,invoice automation
zoho invoice automation,10,,0.07,LOW,49,commercial,suggestion,invoice automation
invoice matching automation,10,,0,LOW,0,commercial,idea|suggestion,"automated invoicing,invoice software,invoice management,invoice api|invoice automation|invoice automation,ai invoice generator,invoice processing,invoice ocr"
enterprise invoice automation,10,,0,LOW,,commercial,suggestion,invoice automation
ocr invoice automation,10,26.71,0.32,LOW,,commercial,suggestion,invoice automation|invoice ocr
concur invoice automation,10,,0.21,LOW,,commercial,suggestion,invoice automation
oracle invoice automation,10,,0.19,LOW,,commercial,suggestion,invoice automation
dolphin invoice automation,10,,,,,commercial,suggestion,invoice automation
invoice to pay automation,10,,0.12,LOW,33,commercial,suggestion,invoice automation
invoice automation implementation,10,62.75,0.86,HIGH,0,commercial,suggestion,invoice automation
best invoice automation platform,10,,,,,commercial,suggestion,invoice automation
what is basware invoice automation,10,,0.29,LOW,48,informational,suggestion,invoice automation
kanverse ap invoice automation,10,,0.24,LOW,,navigational,suggestion,invoice automation
xero invoice automation,10,,0.05,LOW,45,commercial,suggestion,invoice automation
invoice automation d365,10,,0.64,MEDIUM,0,commercial,idea|suggestion,"automated invoicing,invoice software,invoice management,invoice api|invoice automation"
invoice automation sap,10,,0.24,LOW,0,commercial,suggestion,invoice automation
invoice automation project,10,,,,0,commercial,suggestion,invoice automation
workday invoice automation,10,16.69,0.86,HIGH,40,commercial,suggestion,invoice automation
invoice scanning automation,10,,,,1,commercial,suggestion,invoice automation
best invoice automation solution,10,,0.71,HIGH,,commercial,suggestion,invoice automation
invoice generator excel automation,10,,0.21,LOW,5,commercial,suggestion,invoice automation
d365 invoice automation,10,,0.57,MEDIUM,,commercial,suggestion,invoice automation
freight invoice automation,10,,0.86,HIGH,,commercial,suggestion,invoice automation
automation anywhere invoice processing,10,,,,,commercial,suggestion,invoice automation|invoice processing
d365 vendor invoice automation,10,,0.43,MEDIUM,,commercial,suggestion,invoice automation
market guide for accounts payable invoice automation solutions,10,,,,,commercial,suggestion,accounts payable automation|invoice automation
free invoice automation,10,,0.86,HIGH,,transactional,suggestion,invoice automation
vendor invoice automation d365,10,,0,LOW,,commercial,suggestion,invoice automation
invoice automation companies,10,,0.52,MEDIUM,30,commercial,suggestion,invoice automation
purchase invoice automation,10,,0,LOW,,commercial,suggestion,invoice automation
gartner accounts payable invoice automation,10,,,,,commercial,suggestion,accounts payable automation|invoice automation
ariba invoice automation,10,,0.71,HIGH,,commercial,suggestion,invoice automation
zapier invoice automation,10,,0.52,MEDIUM,,transactional,suggestion,invoice automation
invoice ap automation,10,,0.86,HIGH,25,transactional,suggestion,invoice automation
coupa invoice automation,10,,0.06,LOW,,commercial,suggestion,invoice automation
toast invoice automation,10,131.69,0.79,HIGH,0,transactional,suggestion,invoice automation
esker invoice automation,10,34.5,0.67,HIGH,,commercial,suggestion,invoice automation
bottomline invoice automation,10,3.94,0.43,MEDIUM,,commercial,suggestion,invoice automation
invoice and payment automation,10,,0.18,LOW,14,commercial,suggestion,invoice automation
vendor invoice automation dynamics 365,10,,0,LOW,23,commercial,suggestion,invoice automation
inspyrus invoice automation,10,,0.43,MEDIUM,0,navigational,suggestion,invoice automation
invoice automation python,10,,,,0,commercial,suggestion,invoice automation
invoice processing automation uipath,10,,,,,navigational,suggestion,invoice automation|invoice processing
paymerang invoice automation,10,,0.49,MEDIUM,,commercial,suggestion,invoice automation
invoice entry automation,10,,0.86,HIGH,14,commercial,suggestion,invoice automation
dynamics 365 vendor invoice automation,10,,0,LOW,23,commercial,suggestion,invoice automation
sap invoice processing automation,10,,0,LOW,33,commercial,suggestion,invoice automation|invoice processing
excel invoice automation,10,,0,LOW,40,commercial,suggestion,invoice automation
basware invoice automation,10,1.84,0.43,MEDIUM,,commercial,suggestion,invoice automation
invoice automation n8n,10,,,,,transactional,suggestion,invoice automation
odoo invoice automation,10,7.68,0.37,MEDIUM,,navigational,suggestion,invoice automation
paypal invoice automation,10,,,,14,commercial,suggestion,invoice automation
invoice automation netsuite,10,,,,0,commercial,suggestion,invoice automation
v1 invoice automation,10,,,,40,commercial,suggestion,invoice automation
dynamics 365 invoice automation,10,,0.07,LOW,37,commercial,suggestion,invoice automation
invoice automation uk,10,,,,1,commercial,suggestion,invoice automation
oracle ap invoice automation,10,,,,,commercial,suggestion,invoice automation
ariett ap invoice automation,10,,,,,commercial,suggestion,invoice automation
automation of invoice processing,10,,,,23,commercial,suggestion,invoice automation|invoice processing
vendor invoice processing automation,10,,,,,commercial,suggestion,invoice automation|invoice processing
medius invoice automation,10,,,,,commercial,suggestion,invoice automation
rpa invoice automation,10,,0,LOW,,commercial,suggestion,invoice automation
kofax invoice automation,10,,,,,commercial,suggestion,invoice automation
ai invoice review,10,,0.52,MEDIUM,,commercial,suggestion,ai invoice
create invoice ai,10,17.91,0.63,MEDIUM,,commercial,suggestion,ai invoice
invoice open ai,10,,,,5,transactional,suggestion,ai invoice
ai builder invoice processing,10,,0.48,MEDIUM,,commercial,suggestion,ai invoice|invoice processing
ai in invoice processing,10,,0.12,LOW,17,commercial,suggestion,ai invoice|invoice processing
invoice collector ai,10,,,,,commercial,suggestion,ai invoice
ai invoice extraction,10,,0,LOW,,commercial,suggestion,ai invoice|invoice extraction
open ai download invoice,10,,,,,transactional,suggestion,ai invoice
ai create invoice free,10,16.66,0.86,HIGH,,commercial,suggestion,ai invoice
visme ai invoice maker,10,,,,,commercial,suggestion,ai invoice
zoho ai invoice,10,,,,,navigational,suggestion,ai invoice
kling ai invoice,10,4.5,0.2,LOW,,navigational,suggestion,ai invoice
generate invoice ai,10,14.54,0.86,HIGH,11,commercial,suggestion,ai invoice
ai proforma invoice generator,10,,0.71,HIGH,,commercial,suggestion,ai invoice|ai invoice generator
ai based invoice processing,10,,0,LOW,,commercial,suggestion,ai invoice|invoice processing
higgsfield ai invoice,10,,0,LOW,,transactional,suggestion,ai invoice
ai tools for invoice processing,10,,0.21,LOW,,commercial,suggestion,ai invoice|invoice processing
invoice template ai free download,10,,,,15,informational,suggestion,ai invoice
ai generated invoice template,10,5.8,0.86,HIGH,,commercial,suggestion,ai invoice
ai invoice app,10,46.37,0.68,HIGH,,commercial,suggestion,ai invoice|invoice app
ai enabled fintech b2b invoice management application,10,,,,,commercial,suggestion,ai invoice|invoice management
create invoice with ai,10,91.97,0.93,HIGH,,commercial,suggestion,ai invoice
zoho invoice ai,10,82.37,0.19,LOW,,transactional,suggestion,ai invoice
google document ai invoice,10,,0,LOW,,informational,suggestion,ai invoice
generate invoice with ai,10,23.5,0.86,HIGH,11,commercial,suggestion,ai invoice
invoice ai agent,10,8.52,0.86,HIGH,,navigational,suggestion,ai invoice
ai for invoice creation,10,,0.71,HIGH,,commercial,suggestion,ai invoice
ai invoice recognition,10,,,,,commercial,suggestion,ai invoice
ai generate invoice free,10,8.4,0.86,HIGH,31,transactional,suggestion,ai invoice
ai ocr invoice,10,,0,LOW,,informational,suggestion,ai invoice|invoice ocr
ai for invoice generation,10,110.27,0.57,MEDIUM,11,transactional,suggestion,ai invoice
ai invoice capture,10,,0.33,MEDIUM,,transactional,suggestion,ai invoice
ai-based invoice processing,10,,0,LOW,,commercial,suggestion,ai invoice|invoice processing
invoice reader ai,10,,0.79,HIGH,0,commercial,suggestion,ai invoice
ai to create invoice,10,11.11,0.86,HIGH,,commercial,suggestion,ai invoice
ai builder invoice processing starter kit,10,,,,,commercial,suggestion,ai invoice|invoice processing
open ai invoice history,10,,0,LOW,,transactional,suggestion,ai invoice
free invoice template ai,10,3.66,0.81,HIGH,,commercial,suggestion,ai invoice
receipt and invoice ai uipath,10,,,,,navigational,suggestion,ai invoice
ai invoice data extraction,10,123.61,0.52,MEDIUM,,commercial,suggestion,ai invoice|invoice data extraction|invoice extraction
online ai invoice generator,10,,,,,transactional,suggestion,ai invoice|ai invoice generator
kling ai invoice download,10,,,,,informational,suggestion,ai invoice
ai tool to generate invoice,10,,,,,transactional,suggestion,ai invoice
document ai invoice parser,10,,0.67,HIGH,,informational,suggestion,ai invoice|invoice parser
google ai ultra invoice,10,,0,LOW,,navigational,suggestion,ai invoice
ai powered invoice management systems,10,,0,LOW,,commercial,suggestion,ai invoice|invoice management
invoice generator free ai,10,,0.86,HIGH,31,commercial,suggestion,ai invoice|ai invoice generator
invoice generator ai free,10,,,,31,commercial,suggestion,ai invoice|ai invoice generator
ai tax invoice generator free,10,,,,,commercial,suggestion,ai invoice|ai invoice generator
leonardo ai invoice,10,,,,,navigational,suggestion,ai invoice
invoice generator online ai,10,,,,,transactional,suggestion,ai invoice|ai invoice generator
ai invoice editor,10,9.68,0.86,HIGH,,transactional,suggestion,ai invoice
invoice ai free,10,19.99,0.82,HIGH,38,commercial,suggestion,ai invoice
ai invoice parser,10,,0,LOW,,commercial,suggestion,ai invoice|invoice parser
open ai api invoice,10,,0.14,LOW,,transactional,suggestion,ai invoice|invoice api
ai-powered invoice management systems,10,,0,LOW,,commercial,suggestion,ai invoice|invoice management
create invoice using ai,10,24.22,0.86,HIGH,,commercial,suggestion,ai invoice
ai create invoice,10,18.84,0.75,HIGH,,transactional,suggestion,ai invoice
which two ai features facilitate touchless supplier invoice capture,10,,0,LOW,,commercial,suggestion,ai invoice
invoice editor ai,10,15.09,0.79,HIGH,,commercial,suggestion,ai invoice
ai invoice generator free online,10,30.7,0.86,HIGH,,commercial,suggestion,ai invoice|ai invoice generator
uipath receipt and invoice ai,10,,,,42,transactional,suggestion,ai invoice
invoice processing using ai,10,,,,,commercial,suggestion,ai invoice|invoice processing
ai invoice data capture,10,,0,LOW,,commercial,suggestion,ai invoice
google ai invoice,10,,0.29,LOW,,navigational,suggestion,ai invoice
azure ai invoice processing,10,,,,,commercial,suggestion,ai invoice|invoice processing
ai invoice template generator,10,11.87,0.94,HIGH,,commercial,suggestion,ai invoice|ai invoice generator
google ai pro invoice download,10,,0,LOW,,transactional,suggestion,ai invoice
invoice processing ai agent,10,,0,LOW,,transactional,suggestion,ai invoice|invoice processing
invoice ai generator free,10,40.93,0.86,HIGH,31,transactional,suggestion,ai invoice|ai invoice generator
oracle automated invoice processing cloud service,10,,,,,commercial,suggestion,automated invoice|invoice processing
automated invoice processing oracle,10,,,,22,commercial,suggestion,automated invoice|invoice processing
automated invoice in excel with database free download,10,,,,,transactional,suggestion,automated invoice
automated invoice capture,10,,0,LOW,,commercial,suggestion,automated invoice
automated invoice payment,10,,0.21,LOW,11,commercial,suggestion,automated invoice
automated 3-way invoice matching,10,,0.12,LOW,4,commercial,suggestion,automated invoice
automated invoice in excel free download,10,,,,,transactional,suggestion,automated invoice
excel automated invoice generator free download,10,,,,,informational,suggestion,automated invoice
automated invoice processing excel,10,,,,,commercial,suggestion,automated invoice|invoice processing
automated invoice collections,10,,,,,commercial,suggestion,automated invoice
sap automated invoice processing,10,,0,LOW,33,commercial,suggestion,automated invoice|invoice processing
oracle automated invoice processing,10,,0.43,MEDIUM,22,commercial,suggestion,automated invoice|invoice processing
automated ap invoice processing,10,,0.43,MEDIUM,30,commercial,suggestion,automated invoice|invoice processing
automated invoice entry,10,,0.71,HIGH,16,commercial,suggestion,automated invoice
automated invoice in google sheets,10,26.68,0.31,LOW,37,commercial,suggestion,automated invoice
automated invoice and stock inventory management in excel,10,,,,,commercial,suggestion,automated invoice|invoice management
how to make an automated invoice in excel,10,,0.86,HIGH,,informational,suggestion,automated invoice
oracle fusion automated invoice processing,10,,0.71,HIGH,55,commercial,suggestion,automated invoice|invoice processing
automated invoice reconciliation,10,,0.04,LOW,,commercial,suggestion,automated invoice
fully automated excel invoice software,10,,,,,commercial,idea|suggestion,"automated invoice|automated invoicing,invoice software,invoice management,invoice api|invoice software"
excel automated invoice system,10,,0,LOW,,commercial,suggestion,automated invoice
automated invoice processing quickbooks,10,,0.48,MEDIUM,,commercial,suggestion,automated invoice|invoice processing
oracle automated invoice processing data sheet,10,,,,,navigational,suggestion,automated invoice|invoice processing
automated invoice reminders,10,,0.06,LOW,,commercial,suggestion,automated invoice
automated invoice number in excel,10,,,,,informational,suggestion,automated invoice
oracle automated invoice processing cloud service data sheet,10,,,,,commercial,suggestion,automated invoice|invoice processing
oracle cloud automated invoice processing,10,,,,,commercial,suggestion,automated invoice|invoice processing
automated invoice approval workflow,10,,0.43,MEDIUM,,transactional,suggestion,automated invoice|invoice approval
advantages of automated invoice processing,10,,,,,informational,idea|suggestion,"automated invoice|invoice automation,ai invoice generator,invoice processing,invoice ocr|invoice processing"
automated excel invoice template,10,,,,,informational,suggestion,automated invoice
automated invoice in excel download,10,,,,,transactional,suggestion,automated invoice
automated invoice processing in sap,10,,0,LOW,33,commercial,suggestion,automated invoice|invoice processing
when creating an invoice using automated sales tax,10,,,,0,informational,suggestion,automated invoice
create automated invoice in excel,10,,,,,transactional,suggestion,automated invoice
automated invoice excel template,10,18.67,0.86,HIGH,,informational,suggestion,automated invoice
what is automated invoice processing,10,,0.14,LOW,,informational,suggestion,automated invoice|invoice processing
create automated invoice excel,10,,,,,transactional,suggestion,automated invoice
automated invoice approval system,10,,0.05,LOW,,commercial,suggestion,automated invoice|invoice approval
automated invoice processing for small business,10,,0,LOW,,commercial,suggestion,automated invoice|invoice processing
automated invoice email,10,,0.57,MEDIUM,,commercial,suggestion,automated invoice
how to create automated invoice,10,,,,,informational,suggestion,automated invoice
automated invoice processing tool,10,,0,LOW,,commercial,suggestion,automated invoice|invoice processing
how to create automated invoice in excel,10,,0.21,LOW,,informational,suggestion,automated invoice
automated invoice financing,10,,,,,commercial,suggestion,automated invoice
sage automated invoice processing,10,127.72,0.86,HIGH,,commercial,suggestion,automated invoice|invoice processing
automated excel invoice,10,,,,40,commercial,suggestion,automated invoice
invoice payment may be automated or done manually in fi,10,,,,,informational,suggestion,automated invoice
automated invoice creation,10,,0.43,MEDIUM,,commercial,suggestion,automated invoice
how to make automated invoice in excel,10,,,,,informational,suggestion,automated invoice
excel automated invoice generator,10,1.38,0.43,MEDIUM,22,commercial,suggestion,automated invoice
automated 3 way invoice matching,10,,0.12,LOW,4,commercial,suggestion,automated invoice
automated invoice coding,10,,0.31,LOW,,commercial,suggestion,automated invoice
how to create an automated invoice in excel,10,,0.14,LOW,,informational,suggestion,automated invoice
fully automated invoice in excel,10,,,,,transactional,suggestion,automated invoice
oracle fusion automated invoice processing data sheet,10,,,,,commercial,suggestion,automated invoice|invoice processing
automated invoice processing sap,10,,,,33,commercial,suggestion,automated invoice|invoice processing
oracle fusion automated invoice processing cloud service,10,,0.71,HIGH,26,commercial,suggestion,automated invoice|invoice processing
fusion automated invoice processing cloud service,10,,,,,commercial,suggestion,automated invoice|invoice processing
excel automated invoice,10,,,,,navigational,suggestion,automated invoice
google sheets automated invoice,10,,,,,navigational,suggestion,automated invoice
automated invoice in excel with database,10,,,,,transactional,suggestion,automated invoice
quickbooks turn off automatic invoice numbers,10,,,,48,informational,suggestion,automatic invoice
excel automatic invoice generator,10,1.38,0.43,MEDIUM,,commercial,suggestion,automatic invoice
how to make automatic invoice number in excel,10,,0.05,LOW,,informational,suggestion,automatic invoice
how to create automatic invoice in excel,10,,0.21,LOW,,informational,suggestion,automatic invoice
odoo automatic invoice,10,,,,,commercial,suggestion,automatic invoice
automatic invoice reminders quickbooks online,10,60.37,0.39,MEDIUM,19,commercial,suggestion,automatic invoice
how to make automatic invoice,10,,,,,informational,suggestion,automatic invoice
sap automatic invoice creation,10,,0.86,HIGH,,commercial,suggestion,automatic invoice
automatic invoice generator excel,10,,0.21,LOW,58,commercial,suggestion,automatic invoice
excel invoice template with automatic invoice numbering,10,17.86,0.33,MEDIUM,,transactional,suggestion,automatic invoice
excel invoice automatic numbering,10,,,,,informational,suggestion,automatic invoice
excel invoice template with automatic invoice numbering free download,10,,,,50,transactional,suggestion,automatic invoice
how to create automatic invoice number in excel,10,,0.14,LOW,,informational,suggestion,automatic invoice
shopify automatic invoice,10,,0.86,HIGH,,informational,suggestion,automatic invoice
fully automatic invoice in excel download,10,,0.57,MEDIUM,10,transactional,suggestion,automatic invoice
excel automatic invoice,10,,,,52,commercial,suggestion,automatic invoice
fully automatic invoice in excel free download with formula,10,11.09,0.27,LOW,,transactional,suggestion,automatic invoice
stripe automatic invoice,10,4.3,0.57,MEDIUM,,transactional,suggestion,automatic invoice
how to make automatic invoice in excel,10,,,,,informational,suggestion,automatic invoice
automatic invoice generator in excel,10,,0.21,LOW,,commercial,suggestion,automatic invoice
automatic invoice generator software,10,,,,,commercial,suggestion,automatic invoice|invoice software
quickbooks automatic invoice number generation,10,,0,LOW,,informational,suggestion,automatic invoice
how to create gst invoice in excel fully automatic,10,,,,,informational,suggestion,automatic invoice
wix automatic invoice,10,,,,49,commercial,suggestion,automatic invoice
excel invoice template with automatic numbering,10,17.86,0.33,MEDIUM,,informational,suggestion,automatic invoice
automatic invoice numbering in excel,10,,,,,informational,suggestion,automatic invoice
paypal automatic invoice,10,,0.86,HIGH,49,informational,suggestion,automatic invoice
automatic invoice sender,10,136.92,0.86,HIGH,58,commercial,suggestion,automatic invoice
ebay invoice automatic payment,10,,,,,informational,suggestion,automatic invoice
automatic invoice reminders quickbooks,10,,,,19,transactional,suggestion,automatic invoice
automatic invoice stripe,10,,,,,transactional,suggestion,automatic invoice
xero automatic invoice reminders,10,,,,54,transactional,suggestion,automatic invoice
sap final invoice indicator automatic,10,,,,42,informational,suggestion,automatic invoice
automatic invoice data extraction,10,,0,LOW,,commercial,suggestion,automatic invoice|invoice data extraction|invoice extraction
automatic invoice number in excel,10,,,,,informational,suggestion,automatic invoice
how to generate automatic invoice number in excel,10,,,,,transactional,suggestion,automatic invoice
automatic invoice number generator excel,10,,,,19,informational,suggestion,automatic invoice
gillmeister automatic x invoice processor,10,,,,,transactional,suggestion,automatic invoice
automatic invoice generator excel free download,10,,,,,informational,suggestion,automatic invoice
automatic invoice recognition,10,,0,LOW,,commercial,suggestion,automatic invoice
woocommerce automatic invoice,10,,,,75,commercial,suggestion,automatic invoice
automatic invoice payment,10,,0.21,LOW,,commercial,suggestion,automatic invoice
automatic invoice numbering in word,10,,,,,informational,suggestion,automatic invoice
how to set up automatic invoice reminders in quickbooks,10,,,,,informational,suggestion,automatic invoice
qbo automatic invoice reminders,10,,0.29,LOW,,informational,suggestion,automatic invoice
automatic invoice paypal,10,,,,49,informational,suggestion,automatic invoice
free automatic invoice generator,10,,0.79,HIGH,,commercial,suggestion,automatic invoice
automatic invoice generator google sheets,10,,0,LOW,,commercial,suggestion,automatic invoice
automatic bill invoice,10,,,,,transactional,suggestion,automatic invoice
woocommerce customer invoice automatic,10,,,,52,commercial,suggestion,automatic invoice
automatic invoice creation in sap,10,,,,,commercial,suggestion,automatic invoice
quickbooks online automatic invoice number generation,10,,0,LOW,,informational,suggestion,automatic invoice
paypal automatic invoice reminder,10,,0.71,HIGH,,informational,suggestion,automatic invoice|invoice reminder
automatic invoice generator excel format,10,,0,LOW,,transactional,suggestion,automatic invoice
automatic invoice payments,10,,0.21,LOW,,commercial,suggestion,automatic invoice
magento automatic invoice,10,,,,,commercial,suggestion,automatic invoice
ocr invoice meaning,10,,0.24,LOW,,informational,suggestion,invoice ocr
invoice management ocr,10,,0,LOW,0,commercial,suggestion,invoice management|invoice ocr
ocr invoice processing open-source,10,8.23,0.86,HIGH,,commercial,suggestion,invoice ocr|invoice processing
power automate ocr invoice,10,,,,,transactional,suggestion,invoice ocr
google invoice ocr,10,,,,,transactional,suggestion,invoice ocr
invoice ocr machine learning,10,,0,LOW,0,commercial,suggestion,invoice ocr
ocr invoice data extraction,10,,,,,informational,suggestion,invoice data extraction|invoice extraction|invoice ocr
azure ocr invoice,10,,,,,transactional,suggestion,invoice ocr
online invoice ocr,10,,,,,transactional,suggestion,invoice ocr
ocr in invoice processing,10,,0.39,MEDIUM,13,commercial,suggestion,invoice ocr|invoice processing
netsuite invoice ocr,10,,,,,navigational,suggestion,invoice ocr
kofax ocr invoice,10,,0,LOW,,transactional,suggestion,invoice ocr
invoice reading ocr,10,,0,LOW,0,informational,suggestion,invoice ocr
invoice ocr dataset,10,,0.14,LOW,0,informational,suggestion,invoice ocr
invoice ocr to excel,10,,,,0,informational,suggestion,invoice ocr
ocr invoice system,10,,,,,commercial,suggestion,invoice ocr
ocr solution for invoice,10,,0.03,LOW,,commercial,suggestion,invoice ocr
ocr vendor invoice,10,,,,,informational,suggestion,invoice ocr
invoice ocr tool,10,55.92,0.17,LOW,0,transactional,suggestion,invoice ocr
mindee invoice ocr,10,,0,LOW,,transactional,suggestion,invoice ocr
invoice information extraction using ocr and deep learning,10,,0,LOW,0,commercial,suggestion,invoice extraction|invoice ocr
odoo ocr invoice reader,10,,,,,transactional,suggestion,invoice ocr
quickbooks ocr invoice,10,,0.36,MEDIUM,,transactional,suggestion,invoice ocr
ocr invoice python,10,,,,,informational,suggestion,invoice ocr
google ocr invoice,10,,0.71,HIGH,,transactional,suggestion,invoice ocr
best ocr for invoice processing,10,,0,LOW,,commercial,suggestion,invoice ocr|invoice processing
mindee invoice ocr api,10,,0.06,LOW,,transactional,suggestion,invoice api|invoice ocr
invoice ocr app,10,,,,1,transactional,suggestion,invoice app|invoice ocr
invoice pdf ocr,10,,0.86,HIGH,,informational,suggestion,invoice ocr
tesseract-ocr invoice,10,,,,,transactional,suggestion,invoice ocr
what is ocr invoice,10,,0.14,LOW,,informational,suggestion,invoice ocr
invoice ocr free,10,,,,0,informational,suggestion,invoice ocr
invoice scanning ocr software,10,,,,4,commercial,suggestion,invoice ocr|invoice software
ocr invoice github,10,,,,,transactional,suggestion,invoice ocr
ocr invoice scanning open source,10,,,,50,navigational,suggestion,invoice ocr
ocr invoice capture,10,,0.27,LOW,33,transactional,suggestion,invoice ocr
invoice ocr service,10,,0.29,LOW,4,commercial,suggestion,invoice ocr
odoo ocr invoice,10,,,,,transactional,suggestion,invoice ocr
nanonets invoice ocr,10,,0.29,LOW,,transactional,suggestion,invoice ocr
ocr-invoice github,10,,,,,navigational,suggestion,invoice ocr
sap ocr invoice,10,,0.29,LOW,,informational,suggestion,invoice ocr
azure invoice ocr,10,,0,LOW,,transactional,suggestion,invoice ocr
ocr invoice reader,10,35.42,0.79,HIGH,,transactional,suggestion,invoice ocr
n8n ocr invoice,10,,,,,transactional,suggestion,invoice ocr
invoice dataset for ocr,10,7.93,0.43,MEDIUM,6,commercial,suggestion,invoice ocr
automating invoice processing with ocr and deep learning,10,,,,,commercial,suggestion,invoice ocr|invoice processing
ocr invoice reading,10,35.42,0.79,HIGH,,informational,suggestion,invoice ocr
invoice ocr deep learning,10,,,,1,transactional,suggestion,invoice ocr
ocr number invoice,10,,,,,informational,suggestion,invoice ocr
aws invoice ocr,10,,,,,transactional,suggestion,invoice ocr
workday ocr invoice,10,,0.86,HIGH,,transactional,suggestion,invoice ocr
ocr invoice open source,10,,0.71,HIGH,0,informational,suggestion,invoice ocr
python invoice ocr,10,,0.86,HIGH,,transactional,suggestion,invoice ocr
tesseract ocr invoice,10,,,,,transactional,suggestion,invoice ocr
what is ocr invoice processing,10,,0.39,MEDIUM,,informational,suggestion,invoice ocr|invoice processing
ocr based invoice processing,10,,,,,commercial,suggestion,invoice ocr|invoice processing
invoice ocr python,10,,,,1,informational,suggestion,invoice ocr
ocr invoice processing open source,10,8.23,0.86,HIGH,14,commercial,suggestion,invoice ocr|invoice processing
concur invoice ocr,10,,,,,informational,suggestion,invoice ocr
what is an ocr number on an invoice,10,,0,LOW,42,informational,suggestion,invoice ocr
ocr on invoice,10,,0.14,LOW,10,informational,suggestion,invoice ocr
ocr invoice management,10,88.43,0.21,LOW,,commercial,suggestion,invoice management|invoice ocr
ocr invoice api,10,,,,0,informational,suggestion,invoice api|invoice ocr
invoice ocr technology,10,,0.57,MEDIUM,,commercial,suggestion,invoice ocr
ocr invoice imaging,10,,0,LOW,,commercial,suggestion,invoice ocr
ocr invoice extraction,10,,0,LOW,,informational,suggestion,invoice extraction|invoice ocr
free ocr invoice scanning,10,,,,,informational,suggestion,invoice ocr
ocr invoice recognition,10,,0,LOW,37,informational,suggestion,invoice ocr
ocr in invoice,10,,,,10,informational,suggestion,invoice ocr
open source invoice ocr,10,,0.71,HIGH,0,commercial,suggestion,invoice ocr
oracle ocr invoice,10,,,,17,informational,suggestion,invoice ocr
ocr po invoice,10,,0,LOW,,informational,suggestion,invoice ocr
odoo invoice ocr,10,,0.14,LOW,,navigational,suggestion,invoice ocr
python ocr invoice,10,,0,LOW,65,commercial,suggestion,invoice ocr
ap invoice ocr,10,,0,LOW,,informational,suggestion,invoice ocr
what is invoice ocr,10,,0.29,LOW,,informational,suggestion,invoice ocr
sap invoice ocr,10,,,,,informational,suggestion,invoice ocr
e invoice qr code scanner,10,,,,,transactional,suggestion,invoice scanner
e invoice scanner,10,,,,,transactional,suggestion,invoice scanner
barcode scanner invoice software,10,,0.86,HIGH,,commercial,suggestion,invoice scanner|invoice software
invoice scanner hardware,10,,0.29,LOW,0,transactional,suggestion,invoice scanner
e invoice q r code scanner,10,,,,,transactional,suggestion,invoice scanner
e invoice scanner app,10,,,,,transactional,suggestion,invoice app|invoice scanner
invoice qr code scanner online,10,,,,,transactional,suggestion,invoice scanner
best invoice scanner,10,8.46,0.93,HIGH,58,commercial,suggestion,invoice scanner
tax invoice scanner,10,,,,,transactional,suggestion,invoice scanner
qr code scanner for e invoice,10,,,,,transactional,suggestion,invoice scanner
fast invoice scanner,10,,0.86,HIGH,,transactional,suggestion,invoice scanner
invoice scanner machine,10,1.9,1,HIGH,,transactional,suggestion,invoice scanner
e-invoice qr code scanner,10,,,,,transactional,suggestion,invoice scanner
invoice software with barcode scanner,10,,0.86,HIGH,0,commercial,suggestion,invoice scanner|invoice software
invoice barcode scanner,10,,,,0,transactional,suggestion,invoice scanner
online invoice scanner,10,,,,,commercial,suggestion,invoice scanner
invoice qr code scanner,10,,,,0,transactional,suggestion,invoice scanner
e-invoice scanner,10,,,,,transactional,suggestion,invoice scanner
ap invoice processing flowchart,10,,,,,informational,suggestion,invoice processing
invoice processing department san francisco,10,,0.31,LOW,0,navigational,suggestion,invoice processing
abbyy flexicapture invoice processing,10,,0,LOW,,navigational,suggestion,invoice processing
end to-end invoice processing,10,,0.07,LOW,,commercial,suggestion,invoice processing
invoice processing cost calculator,10,,0,LOW,0,informational,suggestion,invoice processing
what is invoice processing in sap,10,,,,54,informational,suggestion,invoice processing
invoice processing app,10,52.54,0.69,HIGH,67,commercial,idea|suggestion,"automated invoicing,invoice software,invoice management,invoice api|invoice app|invoice processing"
invoice processing in oracle r12,10,,,,0,transactional,suggestion,invoice processing
end to end invoice processing,10,,0.07,LOW,,commercial,suggestion,invoice processing
rpa use cases for invoice processing,10,,0,LOW,,informational,suggestion,invoice processing
invoice processing in sap tcode,10,,,,0,transactional,suggestion,invoice processing
invoice simple credit card processing,10,,,,15,transactional,suggestion,invoice processing
invoice processing meaning in accounting,10,,,,3,informational,suggestion,invoice processing
accounts payable invoice processing ppt,10,,,,,informational,idea|suggestion,"invoice automation,ai invoice generator,invoice processing,invoice ocr|invoice processing"
invoice processing sop,10,,0.86,HIGH,0,commercial,suggestion,invoice processing
accounts payable invoice processing jobs,10,,0.36,MEDIUM,,commercial,suggestion,invoice processing
how to improve invoice processing,10,,0.29,LOW,,informational,suggestion,invoice processing
rpa invoice processing,10,,0.43,MEDIUM,5,commercial,suggestion,invoice processing
invoice processing application,10,52.54,0.69,HIGH,57,commercial,suggestion,invoice processing
invoice processing job roles and responsibilities,10,,,,0,informational,suggestion,invoice processing
invoice processing in tally,10,,,,,commercial,suggestion,invoice processing
what is 3-way match in invoice processing,10,2.13,0.55,MEDIUM,,informational,suggestion,invoice processing
sample resume for invoice processing,10,,,,,transactional,suggestion,invoice processing
invoice processing jobs from home,10,,0,LOW,0,commercial,suggestion,invoice processing
yooz invoice processing,10,101.88,0.52,MEDIUM,55,navigational,suggestion,invoice processing
po based invoice processing in sap,10,,,,,commercial,suggestion,invoice processing
bpo invoice processing,10,,0.57,MEDIUM,,commercial,suggestion,invoice processing
llm for invoice processing,10,,0.86,HIGH,,commercial,suggestion,invoice processing
invoice processing interview questions,10,,0.07,LOW,0,informational,suggestion,invoice processing
invoice processing ppt,10,,,,0,informational,suggestion,invoice processing
voltas invoice processing portal,10,,,,45,navigational,suggestion,invoice processing
peoplesoft invoice processing,10,,0.57,MEDIUM,,commercial,suggestion,invoice processing
invoice interface processing monitor,10,,,,0,transactional,suggestion,invoice processing
work from home invoice processing,10,,0.57,MEDIUM,0,commercial,suggestion,invoice processing
rpa invoice processing case study,10,,0,LOW,,commercial,suggestion,invoice processing
what is invoice processing in p2p,10,,,,,informational,suggestion,invoice processing
invoice processing machine learning,10,,0,LOW,0,commercial,suggestion,invoice processing
invoice payment processing system ipps,10,,0,LOW,,transactional,suggestion,invoice processing
invoice processing using python,10,,,,0,commercial,suggestion,invoice processing
powerapps invoice processing,10,,,,,commercial,suggestion,invoice processing
basware invoice processing,10,7.33,0.49,MEDIUM,36,commercial,suggestion,invoice processing
manual invoice processing,10,,0.05,LOW,31,commercial,idea|suggestion,"invoice automation,ai invoice generator,invoice processing,invoice ocr|invoice processing"
invoicing resume invoice processing,10,,,,0,transactional,idea|suggestion,"automated invoicing,invoice software,invoice management,invoice api|invoice automation,ai invoice generator,invoice processing,invoice ocr|invoice processing"
flowchart invoice processing process,10,,,,,informational,suggestion,invoice processing
invoice processing resume sample,10,,,,0,transactional,suggestion,invoice processing
genpact invoice processing,10,,0,LOW,,commercial,suggestion,invoice processing
average invoice processing time formula,10,,0,LOW,,informational,suggestion,invoice processing
microsoft dynamics invoice processing,10,,0.19,LOW,52,commercial,suggestion,invoice processing
invoice processing accenture,10,,,,0,commercial,suggestion,invoice processing
invoice processing associate,10,,0,LOW,0,commercial,suggestion,invoice processing
challenges in invoice processing,10,,0,LOW,,informational,suggestion,invoice processing
quickbooks invoice processing fee,10,,0.29,LOW,0,informational,suggestion,invoice processing
invoice processing news,10,,0,LOW,0,informational,suggestion,invoice processing
sop for invoice processing,10,,0.04,LOW,,transactional,suggestion,invoice processing
invoice processing power automate,10,,0.04,LOW,9,commercial,suggestion,invoice processing
quickbooks invoice processing,10,,0.24,LOW,,commercial,suggestion,invoice processing
ob10 invoice processing,10,,,,29,informational,suggestion,invoice processing
streamline invoice processing,10,,0.71,HIGH,0,commercial,suggestion,invoice processing
sap tcodes for invoice processing,10,,,,,informational,suggestion,invoice processing
invoice processing specialist job description,10,,0,LOW,0,transactional,suggestion,invoice processing
4 way matching in an invoice processing means,10,,,,,commercial,suggestion,invoice processing
invoice processing clerk,10,,0,LOW,0,commercial,suggestion,invoice processing
invoice processing purpose,10,,,,,commercial,suggestion,invoice processing
what is sap invoice processing,10,15.99,0.36,MEDIUM,54,informational,suggestion,invoice processing
fastrak invoice processing department,10,,0,LOW,,navigational,suggestion,invoice processing
sap s 4hana invoice processing,10,,0,LOW,,navigational,suggestion,invoice processing
invoice auditing and payment processing,10,,,,,commercial,suggestion,invoice processing
rutgers invoice processing,10,,0,LOW,,navigational,suggestion,invoice processing
p2p invoice processing,10,30.7,0.63,MEDIUM,,commercial,suggestion,invoice processing
high volume invoice processing,10,,0.12,LOW,14,commercial,suggestion,invoice processing
average invoice processing cost,10,,0,LOW,12,informational,suggestion,invoice processing
uipath invoice processing demo,10,,,,55,navigational,suggestion,invoice processing
va invoice payment processing system,10,,,,7,commercial,suggestion,invoice processing
procurement invoice processing,10,,0.86,HIGH,,commercial,suggestion,invoice processing
procure to pay invoice processing,10,26.86,0.57,MEDIUM,,transactional,suggestion,invoice processing
immigrant visa application processing fee bill invoice,10,,,,24,transactional,suggestion,invoice processing
invoice processing cost,10,,0.43,MEDIUM,14,informational,suggestion,invoice processing
invoice processing responsibilities,10,,,,0,informational,suggestion,invoice processing
sla for invoice processing,10,,0.29,LOW,,transactional,suggestion,invoice processing
what is invoice processing job,10,,0,LOW,47,informational,suggestion,invoice processing
sap ariba invoice processing,10,,0.19,LOW,,commercial,suggestion,invoice processing
invoice processing workflow diagram,10,,0.14,LOW,0,informational,suggestion,invoice processing
canon invoice processing,10,,,,,transactional,suggestion,invoice processing
steps of invoice processing,10,,0.86,HIGH,45,informational,idea|suggestion,"invoice automation,ai invoice generator,invoice processing,invoice ocr|invoice processing"
sap tcodes for ap invoice processing,10,,,,,commercial,suggestion,invoice processing
what is meant by invoice processing,10,,0,LOW,,informational,suggestion,invoice processing
yardi invoice processing,10,,0.57,MEDIUM,1,navigational,suggestion,invoice processing
supporting documents for invoice processing,10,,,,,commercial,suggestion,invoice processing
docuware invoice processing,10,,0.29,LOW,,commercial,suggestion,invoice processing
invoice payment processing system va,10,,,,11,informational,suggestion,invoice processing
benefits of automating invoice processing,10,,,,0,informational,suggestion,invoice processing
what are the steps of invoice processing,10,,0.43,MEDIUM,55,informational,suggestion,invoice processing
what are the steps involved in invoice processing,10,1.17,0.57,MEDIUM,,informational,suggestion,invoice processing
what is the journal entry for invoice processing,10,,,,,informational,suggestion,invoice processing
tcode for invoice processing in sap,10,,,,,transactional,suggestion,invoice processing
skills for invoice processing,10,,,,,informational,suggestion,invoice processing
invoice processing in accounting,10,17.82,0.43,MEDIUM,9,commercial,suggestion,invoice processing
sap invoice processing interview questions,10,,,,,informational,suggestion,invoice processing
sap invoice processing steps,10,,0.81,HIGH,,informational,suggestion,invoice processing
invoice processing python,10,,,,2,informational,suggestion,invoice processing
invoice processing jobs dallas tx,10,,,,,commercial,suggestion,invoice processing
invoice processing administrator,10,,,,0,commercial,suggestion,invoice processing
iq bot invoice processing,10,,,,0,commercial,suggestion,invoice processing
sap invoice processing transaction codes,10,,,,,informational,suggestion,invoice processing
invoice processing rutgers,10,,0,LOW,2,navigational,suggestion,invoice processing
paperless invoice processing,10,,0.02,LOW,0,commercial,suggestion,invoice processing
what is 3 way match in invoice processing,10,2.13,0.55,MEDIUM,,informational,suggestion,invoice processing
batch invoice processing,10,,,,,commercial,suggestion,invoice processing
gartner magic quadrant invoice processing,10,,,,,navigational,suggestion,invoice processing
ap invoice processing process expert,10,,0.29,LOW,,transactional,suggestion,invoice processing
free invoice processing software,10,38.02,0.86,HIGH,53,commercial,idea|suggestion,"automated invoicing,invoice software,invoice management,invoice api|invoice processing|invoice software"
laserfiche invoice processing,10,33.69,0.79,HIGH,,commercial,suggestion,invoice processing
invoice processing time,10,,0.29,LOW,0,informational,suggestion,invoice processing
accounts payable invoice processing flowchart,10,,0.1,LOW,36,informational,suggestion,invoice processing
invoice processing cost benchmark,10,,,,4,commercial,suggestion,invoice processing
improve invoice processing,10,,,,0,commercial,suggestion,invoice processing
sap tcodes for accounts payable invoice processing,10,,,,53,transactional,suggestion,invoice processing
centralized invoice processing,10,,0,LOW,,commercial,suggestion,invoice processing
invoice and receipt processing,10,,,,1,commercial,suggestion,invoice processing
invoice processing clerk jobs,10,,0,LOW,,informational,suggestion,invoice processing
freight invoice processing in sap,10,,0,LOW,47,commercial,suggestion,invoice processing
resume for invoice processing,10,,0,LOW,0,transactional,suggestion,invoice processing
invoice processing images,10,,0,LOW,,commercial,suggestion,invoice processing
jd edwards invoice processing,10,,0.86,HIGH,,navigational,suggestion,invoice processing
invoice processing interview questions and answers,10,,,,0,informational,suggestion,invoice processing
internal controls for invoice processing,10,,,,0,commercial,suggestion,invoice processing
invoice processing software comparison,10,,0,LOW,24,commercial,suggestion,invoice processing|invoice software
sap invoice processing jobs,10,,,,,navigational,suggestion,invoice processing
invoice processing accounting,10,,,,,commercial,suggestion,invoice processing
uipath invoice processing,10,,0.43,MEDIUM,33,navigational,suggestion,invoice processing
how to invoice processing,10,,,,,informational,suggestion,invoice processing
invoice processing platforms,10,112.41,0.7,HIGH,11,commercial,suggestion,invoice processing
invoice processing platform system,10,,0.71,HIGH,5,commercial,suggestion,invoice processing
journal entry for invoice processing,10,,,,,transactional,suggestion,invoice processing
kpi for invoice processing,10,,,,,informational,suggestion,invoice processing
azure invoice processing,10,,,,,commercial,suggestion,invoice processing
errors in invoice processing,10,,,,47,informational,suggestion,invoice processing
machine learning invoice processing python,10,,,,62,commercial,suggestion,invoice processing
intelligent invoice processing,10,,,,0,commercial,suggestion,invoice processing
invoice processing software companies,10,,,,28,commercial,suggestion,invoice processing|invoice software
vendor invoice processing system,10,,0.54,MEDIUM,11,commercial,suggestion,invoice processing
invoice processing uipath,10,,,,7,navigational,suggestion,invoice processing
blockchain invoice processing,10,,,,,commercial,suggestion,invoice processing
part time work from home invoice processing jobs,10,,,,,commercial,suggestion,invoice processing
onbase invoice processing,10,5.83,0.49,MEDIUM,,transactional,suggestion,invoice processing
invoice processing best practices,10,,0.36,MEDIUM,0,informational,suggestion,invoice processing
invoice processing policy,10,,0,LOW,0,informational,suggestion,invoice processing
invoice processing specialist,10,,0.07,LOW,0,commercial,suggestion,invoice processing
purchase invoice processing steps,10,,,,,transactional,suggestion,invoice processing
esker invoice processing,10,65.9,0.71,HIGH,,commercial,suggestion,invoice processing
invoice processing interview questions and answers pdf,10,,,,,informational,suggestion,invoice processing
invoice processing api,10,,0.71,HIGH,0,commercial,suggestion,invoice api|invoice processing
sap tcode for invoice processing,10,,0.29,LOW,,commercial,suggestion,invoice processing
vendor invoice processing in sap,10,,,,43,commercial,idea|suggestion,"automated invoicing,invoice software,invoice management,invoice api|invoice processing"
invoice processing errors,10,,0,LOW,0,informational,suggestion,invoice processing
invoice for processing,10,,0.57,MEDIUM,0,commercial,suggestion,invoice processing
vendor invoice processing checklist,10,,,,11,informational,suggestion,invoice processing
electronic invoice processing in sap,10,,,,,commercial,suggestion,invoice processing
invoice processing dashboard,10,43.26,0.29,LOW,0,commercial,suggestion,invoice processing
faster invoice processing,10,209.36,0.43,MEDIUM,2,commercial,suggestion,invoice processing
invoice processing entry,10,,,,2,informational,suggestion,invoice processing
invoice processing in accounts payable is part of,10,,,,5,informational,idea|suggestion,"invoice automation,ai invoice generator,invoice processing,invoice ocr|invoice processing"
invoice processing tool,10,,0,LOW,8,commercial,suggestion,invoice processing
machine learning invoice processing,10,,0,LOW,19,commercial,suggestion,invoice processing
non po invoice processing in sap,10,,,,,commercial,suggestion,invoice processing
v1 invoice processing,10,,,,40,commercial,suggestion,invoice processing
nyc vendor invoice processing system,10,,0.14,LOW,,commercial,suggestion,invoice processing
flowchart for invoice processing,10,,,,0,informational,suggestion,invoice processing
average invoice processing time,10,,,,23,informational,suggestion,invoice processing
realpage invoice processing,10,23.03,0.61,MEDIUM,,navigational,suggestion,invoice processing
straight-through invoice processing,10,,,,,commercial,suggestion,invoice processing
invoice processing tools,10,,0,LOW,38,commercial,idea|suggestion,"automated invoicing,invoice software,invoice management,invoice api|invoice automation,ai invoice generator,invoice processing,invoice ocr|invoice processing"
interview questions for invoice processing,10,,0.07,LOW,0,informational,suggestion,invoice processing
bay area toll bridges toll invoice processing dept,10,,0,LOW,,navigational,suggestion,invoice processing
steps in invoice processing,10,,0,LOW,45,informational,idea|suggestion,"invoice automation,ai invoice generator,invoice processing,invoice ocr|invoice processing"
abbyy invoice processing,10,,0,LOW,47,commercial,suggestion,invoice processing
vim invoice processing,10,,0.47,MEDIUM,,commercial,suggestion,invoice processing
dynamics 365 invoice processing,10,31.33,0.43,MEDIUM,,transactional,suggestion,invoice processing
invoice processing jobs in bangalore,10,,,,0,informational,suggestion,invoice processing
what is coding in invoice processing,10,,,,19,informational,suggestion,invoice processing
invoice processing process,10,,0.71,HIGH,3,commercial,suggestion,invoice processing
xerox invoice processing,10,,,,50,commercial,suggestion,invoice processing
tcodes in sap for invoice processing,10,,,,,commercial,suggestion,invoice processing
golden gate bridge toll invoice processing department,10,,0,LOW,,navigational,suggestion,invoice processing
invoice processing associate jobs,10,,,,,commercial,suggestion,invoice processing
invoice processing icon,10,,0,LOW,0,navigational,suggestion,invoice processing
ibm invoice processing,10,,0.86,HIGH,0,commercial,suggestion,invoice processing
account receivable invoice processing,10,,,,49,commercial,suggestion,invoice processing
end-to-end invoice processing,10,,0.07,LOW,,commercial,suggestion,invoice processing
invoice processing problems,10,,0,LOW,0,informational,suggestion,invoice processing
what is edi invoice processing,10,,0.21,LOW,,informational,suggestion,invoice processing
invoice processing and filing,10,,,,4,commercial,suggestion,invoice processing
invoice processing stamp,10,,0,LOW,0,transactional,suggestion,invoice processing
telecom invoice processing,10,,0.36,MEDIUM,14,commercial,suggestion,invoice processing
cloud invoice processing,10,,0,LOW,18,commercial,suggestion,invoice processing
sap s/4hana invoice processing,10,,0,LOW,,navigational,suggestion,invoice processing
what is po invoice processing,10,,,,53,informational,suggestion,invoice processing
invoice processing analyst,10,,0,LOW,0,commercial,suggestion,invoice processing
accounts payable invoice processing in sap,10,,,,,transactional,idea|suggestion,"invoice automation,ai invoice generator,invoice processing,invoice ocr|invoice processing"
coding in invoice processing,10,,,,,commercial,suggestion,invoice processing
po and non po invoice processing,10,,0.43,MEDIUM,,navigational,suggestion,invoice processing
invoice processing roles and responsibilities,10,,,,0,informational,suggestion,invoice processing
restaurant invoice processing,10,80.67,0.86,HIGH,,commercial,suggestion,invoice processing
power app invoice processing,10,,0,LOW,,transactional,suggestion,invoice app|invoice processing
accounts payable invoice processing interview questions,10,,0.1,LOW,,informational,suggestion,invoice processing
invoice processing resume points,10,,,,0,transactional,suggestion,invoice processing
invoice document blocked for processing in sap,10,,0,LOW,0,informational,suggestion,invoice processing
sharepoint invoice processing,10,,0.86,HIGH,,commercial,suggestion,invoice processing
sap invoice processing tcodes,10,,,,,informational,suggestion,invoice processing
ap invoice processing steps,10,,,,,informational,suggestion,invoice processing
customer invoice processing,10,,0.29,LOW,,commercial,suggestion,invoice processing
invoice processing jobs in pune,10,,,,0,informational,suggestion,invoice processing
readsoft invoice processing,10,,0,LOW,44,transactional,suggestion,invoice processing
process improvement ideas for invoice processing,10,,,,43,informational,suggestion,invoice processing
what is ap invoice processing,10,,0.03,LOW,43,informational,suggestion,invoice processing
invoice processing is a good candidate for rpa,10,,0,LOW,0,commercial,suggestion,invoice processing
how to automate invoice processing in excel,10,,,,,informational,suggestion,invoice processing
kofax invoice processing,10,20.04,0.64,MEDIUM,0,transactional,suggestion,invoice processing
invoice processing analyst job description,10,,,,0,transactional,suggestion,invoice processing
mediusflow invoice processing,10,,0.29,LOW,,transactional,suggestion,invoice processing
benefits of electronic invoice processing,10,,,,,informational,suggestion,invoice processing
invoice processing po and non po,10,,,,,informational,suggestion,invoice processing
api invoice processing,10,,0,LOW,,commercial,suggestion,invoice api|invoice processing
accounts payable invoice processing resume,10,,,,,transactional,idea|suggestion,"invoice automation,ai invoice generator,invoice processing,invoice ocr|invoice processing"
tradeshift invoice processing,10,,,,,commercial,suggestion,invoice processing
accenture invoice processing salary,10,,,,,informational,suggestion,invoice processing
invoice processing accounts payable process flow chart,10,,,,0,informational,suggestion,invoice processing
checklist for invoice processing,10,,,,,informational,suggestion,invoice processing
sap concur invoice processing,10,,0,LOW,,navigational,suggestion,invoice processing
meaning of invoice processing,10,,,,0,informational,suggestion,invoice processing
non-po invoice processing,10,,0.43,MEDIUM,8,commercial,suggestion,invoice processing
invoice processing and approval,10,,,,,transactional,suggestion,invoice approval|invoice processing
invoice under processing,10,,,,3,informational,suggestion,invoice processing
accounts payable invoice processing steps,10,,0.29,LOW,,informational,suggestion,invoice processing
sap for invoice processing,10,,0.38,MEDIUM,0,commercial,suggestion,invoice processing
online invoice processing jobs,10,0.01,0.71,HIGH,,commercial,suggestion,invoice processing
uipath invoice processing example,10,,,,44,informational,suggestion,invoice processing
invoice processing jobs in hyderabad,10,,0,LOW,0,informational,suggestion,invoice processing
e invoice processing software,10,,,,,commercial,suggestion,invoice processing|invoice software
sakon invoice processing,10,,,,,transactional,suggestion,invoice processing
process of invoice processing,10,,,,,informational,suggestion,invoice processing
invoice processing operations,10,,,,0,commercial,suggestion,invoice processing
invoice processing journal entry,10,,,,1,informational,suggestion,invoice processing
kpi invoice processing,10,,,,,commercial,suggestion,invoice processing
sop invoice processing,10,,0.04,LOW,,transactional,suggestion,invoice processing
invoice processing jobs in chennai,10,,,,0,informational,suggestion,invoice processing
invoice processing job description resume,10,,,,0,transactional,suggestion,invoice processing
chatgpt invoice processing,10,,,,,commercial,suggestion,invoice chatgpt|invoice processing
po invoice processing in sap,10,,,,,transactional,suggestion,invoice processing
invoice processing with rpa,10,,,,0,commercial,suggestion,invoice processing
3-way match in invoice processing,10,,,,,commercial,suggestion,invoice processing
sap hana invoice processing,10,,0.86,HIGH,,navigational,suggestion,invoice processing
machine learning for invoice processing,10,,,,29,commercial,suggestion,invoice processing
online invoice processing,10,,0.12,LOW,59,commercial,suggestion,invoice processing
ap invoice processing in sap,10,,,,,commercial,suggestion,invoice processing
non po invoice processing,10,,0.43,MEDIUM,8,commercial,suggestion,invoice processing
what is invoice processing software,10,,,,,informational,suggestion,invoice processing|invoice software
rpa in invoice processing,10,,0,LOW,5,commercial,suggestion,invoice processing
purpose of invoice processing,10,,,,,informational,suggestion,invoice processing
avid invoice processing,10,29.39,0.49,MEDIUM,,commercial,suggestion,invoice processing
purchase order and invoice processing software,10,,,,,commercial,suggestion,invoice processing|invoice software
invoice processing journal entries,10,,,,1,navigational,suggestion,invoice processing
realpage ops invoice processing,10,19.14,0.4,MEDIUM,18,navigational,suggestion,invoice processing
invoice processing job,10,,0.29,LOW,0,commercial,suggestion,invoice processing
what is a tolerance limit with respect to invoice processing,10,,,,40,informational,suggestion,invoice processing
processing stamp is placed on the invoice and completed,10,,,,,transactional,suggestion,invoice processing
invoice processing resume,10,,0,LOW,0,informational,suggestion,invoice processing
invoice processing in accounts receivable,10,,,,,transactional,suggestion,invoice processing
3-way match invoice processing,10,,0.86,HIGH,4,commercial,suggestion,invoice processing
2 way match invoice processing,10,,,,,transactional,suggestion,invoice processing
what is considered high volume invoice processing,10,,0.01,LOW,21,informational,suggestion,invoice processing
resume invoice processing,10,,0,LOW,0,transactional,suggestion,invoice processing
invoice processing freelance jobs,10,,,,0,transactional,suggestion,invoice processing
axtension invoice processing,10,,,,47,commercial,suggestion,invoice processing
invoice processing online,10,,0.12,LOW,53,commercial,suggestion,invoice processing
invoice processing jobs dallas tx in the last 3 days,10,,,,0,informational,suggestion,invoice processing
how to add processing fee to square invoice,10,,0.08,LOW,,informational,suggestion,invoice processing
invoice processing oracle,10,,,,0,commercial,suggestion,invoice processing
types of invoice processing,10,,0.43,MEDIUM,,informational,suggestion,invoice processing
invoice processing steps in sap pdf,10,,,,0,informational,suggestion,invoice processing
importance of invoice processing,10,,,,0,informational,suggestion,invoice processing
blue prism invoice processing,10,,,,,navigational,suggestion,invoice processing
cass invoice processing,10,,0.29,LOW,,commercial,suggestion,invoice processing
intercompany invoice processing,10,,0.86,HIGH,0,commercial,suggestion,invoice processing
university of illinois invoice processing center,10,,0,LOW,,navigational,suggestion,invoice processing
invoice coding and processing,10,,0.43,MEDIUM,0,commercial,suggestion,invoice processing
efficient invoice processing,10,,,,,commercial,suggestion,invoice processing
invoice processing tcode in sap,10,,,,0,transactional,suggestion,invoice processing
what does invoice processing involve entail,10,,,,,informational,suggestion,invoice processing
invoice processing cycle time benchmark,10,,,,0,commercial,suggestion,invoice processing
how to do invoice processing,10,,,,,informational,suggestion,invoice processing
non po invoice processing steps,10,,,,,informational,idea|suggestion,"invoice automation,ai invoice generator,invoice processing,invoice ocr|invoice processing"
microsoft invoice processing,10,,0.64,MEDIUM,,commercial,suggestion,invoice processing
invoice processing work,10,,,,2,commercial,suggestion,invoice processing
electronic invoice processing systems,10,,0,LOW,49,commercial,suggestion,invoice processing
what do you mean by invoice processing,10,,,,,informational,suggestion,invoice processing
sap s/4hana cloud for invoice processing by opentext,10,,,,,commercial,suggestion,invoice processing
invoice credit card processing,10,62.39,0.74,HIGH,13,commercial,suggestion,invoice processing
please find attached invoice for payment processing,10,,,,,transactional,suggestion,invoice processing
invoice processing clerk job description,10,,,,0,transactional,suggestion,invoice processing
ariba invoice processing,10,,0.61,MEDIUM,,commercial,suggestion,invoice processing
python invoice processing,10,,,,,commercial,suggestion,invoice processing
p2p invoice processing meaning,10,,,,,informational,suggestion,invoice processing
sage invoice processing,10,,,,,commercial,suggestion,invoice processing
perceptive invoice processing,10,,0.57,MEDIUM,,informational,suggestion,invoice processing
invoice processing demo,10,,,,,informational,suggestion,invoice processing
invoice processing in uipath,10,,,,33,commercial,suggestion,invoice processing
invoice processing costs,10,,0.43,MEDIUM,19,informational,suggestion,invoice processing
invoice processing cycle,10,,0,LOW,5,informational,suggestion,invoice processing
advantages of automating invoice processing,10,,0,LOW,,informational,suggestion,invoice processing
tipalti invoice processing,10,,0.36,MEDIUM,,informational,suggestion,invoice processing
accounts receivable invoice processing,10,,0.37,MEDIUM,,commercial,idea|suggestion,"invoice automation,ai invoice generator,invoice processing,invoice ocr|invoice processing"
invoice processing fee,10,,0.11,LOW,18,informational,suggestion,invoice processing
rpa for invoice processing,10,,0,LOW,5,commercial,suggestion,invoice processing
sipoc for invoice processing,10,,0,LOW,,commercial,suggestion,invoice processing
3 way matching invoice processing,10,,0.86,HIGH,7,commercial,suggestion,invoice processing
manual invoice processing steps,10,,,,,informational,suggestion,invoice processing
invoice processing questions,10,,,,0,informational,suggestion,invoice processing
3 way match in invoice processing,10,,,,,commercial,suggestion,invoice processing
xero invoice processing,10,,0,LOW,47,navigational,suggestion,invoice processing
invoice processing using rpa,10,,,,0,commercial,suggestion,invoice processing
straight through invoice processing,10,,,,,commercial,suggestion,invoice processing
uipath demo invoice processing,10,,0.86,HIGH,49,navigational,suggestion,invoice processing
ips invoice processing,10,,0.14,LOW,0,commercial,suggestion,invoice processing
2-way match invoice processing,10,,,,,commercial,suggestion,invoice processing
invoice processing in p2p,10,,,,3,commercial,suggestion,invoice processing
utility invoice processing,10,,0.86,HIGH,42,commercial,suggestion,invoice processing
invoice processing skills,10,,0,LOW,0,commercial,suggestion,invoice processing
what is invoice processing in simple words,10,,,,,informational,suggestion,invoice processing
how to add processing fee on quickbooks invoice,10,,0.1,LOW,,informational,suggestion,invoice processing
invoice data extraction machine learning,10,,0,LOW,0,commercial,suggestion,invoice data extraction|invoice extraction
invoice data extraction deep learning,10,,0,LOW,0,commercial,suggestion,invoice data extraction|invoice extraction
uipath invoice data extraction,10,,,,43,informational,suggestion,invoice data extraction|invoice extraction
pdf invoice data extraction,10,,,,0,informational,suggestion,invoice data extraction|invoice extraction
invoice data-extraction deep learning github,10,,,,,commercial,suggestion,invoice data extraction|invoice extraction
invoice data-extraction python,10,,,,5,informational,suggestion,invoice data extraction|invoice extraction
invoice data-extraction github,10,,,,6,informational,suggestion,invoice data extraction|invoice extraction
invoice-parser github,10,,0,LOW,,navigational,suggestion,invoice parser
invoice parser python,10,,,,3,informational,suggestion,invoice parser
invoice parser google,10,,,,0,informational,suggestion,invoice parser
pdf invoice parser,10,51.42,0.43,MEDIUM,,informational,suggestion,invoice parser
google invoice parser pricing,10,,,,,commercial,suggestion,invoice parser
google invoice parser,10,,0.46,MEDIUM,59,commercial,suggestion,invoice parser
rpa challenge invoice extraction,10,,,,,transactional,suggestion,invoice extraction
chatgpt invoice extraction,10,,,,,commercial,suggestion,invoice chatgpt|invoice extraction
invoice extraction tool,10,,0.11,LOW,37,informational,suggestion,invoice extraction
template-less invoice extraction,10,,,,,commercial,suggestion,invoice extraction
huggingface invoice extraction,10,,0.86,HIGH,,navigational,suggestion,invoice extraction
rpa challenge invoice extraction uipath,10,,,,,navigational,suggestion,invoice extraction
tensorflow invoice extraction,10,,,,,transactional,suggestion,invoice extraction
python invoice extraction,10,,,,58,informational,suggestion,invoice extraction
google invoice extraction,10,,,,,informational,suggestion,invoice extraction
invoice extraction deep learning,10,,0,LOW,0,transactional,suggestion,invoice extraction
invoice extraction api,10,34.91,0.64,MEDIUM,0,commercial,suggestion,invoice api|invoice extraction
invoice extraction using llm,10,,0,LOW,0,transactional,suggestion,invoice extraction
invoice information extraction,10,,0,LOW,0,informational,suggestion,invoice extraction
invoice extraction python,10,,,,4,informational,suggestion,invoice extraction
invoice extraction github,10,,,,7,navigational,suggestion,invoice extraction
llm invoice extraction,10,,0,LOW,,transactional,suggestion,invoice extraction
azure invoice extraction,10,,0.71,HIGH,,commercial,suggestion,invoice extraction
power automate invoice extraction,10,,0.39,MEDIUM,,informational,suggestion,invoice extraction
template less invoice extraction,10,,,,,informational,suggestion,invoice extraction
invoice extraction machine learning,10,,0,LOW,0,commercial,suggestion,invoice extraction
rpa challenge invoice extraction solution,10,,0,LOW,45,commercial,suggestion,invoice extraction
uipath invoice extraction,10,,,,54,navigational,suggestion,invoice extraction
invoice text extraction,10,,0,LOW,0,informational,suggestion,invoice extraction
aws invoice extraction,10,,0.43,MEDIUM,,commercial,suggestion,invoice extraction
medrecs management invoice payment,10,8.3,0.43,MEDIUM,,transactional,suggestion,invoice management
sap vim vendor invoice management,10,,0,LOW,,navigational,idea|suggestion,"automated invoicing,invoice software,invoice management,invoice api|invoice management"
expense and invoice management,10,,0.71,HIGH,47,commercial,suggestion,invoice management
opentext invoice management,10,,0.33,MEDIUM,,commercial,suggestion,invoice management
invoice management jobs remote,10,15.51,0.15,LOW,,commercial,suggestion,invoice management
event management invoice sample,10,,1,HIGH,44,transactional,suggestion,invoice management
sap invoice management by opentext for sap s 4hana,10,,0.86,HIGH,,navigational,suggestion,invoice management
electronic tax invoice management system etims,10,,0.86,HIGH,,informational,suggestion,invoice management
vendor invoice management workflow,10,,0.1,LOW,21,commercial,idea|suggestion,"automated invoicing,invoice software,invoice management,invoice api|invoice management"
invoice and stock management software free,10,,,,33,commercial,suggestion,invoice management|invoice software
er diagram for invoice management system,10,,,,,informational,suggestion,invoice management
global invoice management,10,,,,,commercial,suggestion,invoice management
vendor invoice management en español,10,,0,LOW,47,commercial,suggestion,invoice management
electronic tax invoice management system,10,,,,,commercial,suggestion,invoice management
sap invoice management by opentext for sap s/4hana,10,,0.86,HIGH,,navigational,suggestion,invoice management
s 4hana invoice management,10,,0.57,MEDIUM,,navigational,suggestion,invoice management
clickup invoice management,10,,,,,commercial,suggestion,invoice management
vim invoice management,10,,0.29,LOW,,commercial,suggestion,invoice management
project management invoice sample,10,,,,12,informational,suggestion,invoice management
digital invoice management,10,,0,LOW,,commercial,suggestion,invoice management
lps invoice management registration,10,,,,,transactional,suggestion,invoice management
invoice management free,10,26.25,0.81,HIGH,58,commercial,suggestion,invoice management
heywood management review my invoice,10,,0,LOW,17,informational,suggestion,invoice management
free online invoice management,10,,,,,commercial,suggestion,invoice management
asana invoice management,10,,,,,navigational,suggestion,invoice management
contract and invoice management,10,,0.71,HIGH,,commercial,suggestion,invoice management
invoice management software open source,10,,0.14,LOW,33,commercial,suggestion,invoice management|invoice software
vendor invoice management in sap mm,10,,,,43,commercial,suggestion,invoice management
invoice payment management,10,,,,38,commercial,suggestion,invoice management
invoice management system under gst,10,,,,0,navigational,suggestion,invoice management
accounts payable invoice management software,10,,,,,commercial,suggestion,invoice management|invoice software
loansphere invoice management login,10,,,,,navigational,suggestion,invoice management
cdk online invoice management,10,,0.24,LOW,,navigational,suggestion,invoice management
free php invoice management system,10,,,,,commercial,suggestion,invoice management
open text invoice management,10,,0.36,MEDIUM,,commercial,suggestion,invoice management
invoice exception management,10,72.64,0.47,MEDIUM,0,commercial,suggestion,invoice management
iclear invoice management,10,,,,0,commercial,suggestion,invoice management
opentext vendor invoice management for sap solutions,10,25.6,0.13,LOW,,commercial,suggestion,invoice management
what is invoice management system in gst,10,,0,LOW,,informational,suggestion,invoice management
adp billing and invoice management,10,,0.33,MEDIUM,,commercial,suggestion,invoice management
laravel invoice management system github,10,,,,,navigational,suggestion,invoice management
restaurant invoice management system,10,,0.14,LOW,48,commercial,suggestion,invoice management
invoicex billing and invoice management systems,10,,,,,commercial,suggestion,invoice management
invoice management open source,10,,0.14,LOW,38,commercial,suggestion,invoice management
invoice and stock management software,10,,,,14,commercial,suggestion,invoice management|invoice software
invoice one management,10,,,,,navigational,suggestion,invoice management
sap invoice management solution,10,,0.57,MEDIUM,,commercial,suggestion,invoice management
vim vendor invoice management,10,,0.5,MEDIUM,54,transactional,idea|suggestion,"automated invoicing,invoice software,invoice management,invoice api|invoice management"
heywood management review invoice,10,,,,17,informational,suggestion,invoice management
cloud-based invoice management,10,,0,LOW,,commercial,suggestion,invoice management
management fee invoice,10,,0.14,LOW,,informational,suggestion,invoice management
dolphin invoice management,10,,0.57,MEDIUM,,navigational,suggestion,invoice management
aws invoice management,10,,,,,commercial,suggestion,invoice management
web based invoice management system,10,,0,LOW,,commercial,suggestion,invoice management
invoice management workflow,10,38.17,0.43,MEDIUM,0,commercial,suggestion,invoice management
sap invoice management pdf,10,,,,,informational,suggestion,invoice management
b2b invoice management,10,,,,,commercial,suggestion,invoice management
enterprise invoice management,10,85.51,0.43,MEDIUM,,commercial,suggestion,invoice management
free invoice and inventory management software,10,22.98,0.86,HIGH,,commercial,suggestion,invoice management|invoice software
inventory and invoice management system,10,,,,15,commercial,suggestion,invoice management
coupa invoice management,10,,0,LOW,,commercial,suggestion,invoice management
invoice management job description,10,,0,LOW,0,commercial,suggestion,invoice management
vendor invoice management with sap,10,,0.71,HIGH,0,commercial,suggestion,invoice management
invoice document management software,10,,,,0,commercial,suggestion,invoice management|invoice software
billar invoice management system,10,,,,,commercial,suggestion,invoice management
best free invoice management software,10,,,,,commercial,suggestion,invoice management|invoice software
best invoice management system,10,,0,LOW,57,commercial,suggestion,invoice management
invoice management data,10,24.21,0.52,MEDIUM,,transactional,suggestion,invoice management
ariba central invoice management,10,20.53,0.64,MEDIUM,0,navigational,suggestion,invoice management
vendor invoice management process in sap,10,,,,43,transactional,suggestion,invoice management
invoice management system project,10,,,,0,commercial,suggestion,invoice management
invoice management system github,10,,,,0,commercial,suggestion,invoice management
waste management invoice portal,10,,0,LOW,17,navigational,suggestion,invoice management
invoice management system project in php free download,10,,,,0,transactional,suggestion,invoice management
invoice management system php github,10,,,,7,commercial,suggestion,invoice management
sap vendor invoice management tutorial,10,,0.07,LOW,,informational,idea|suggestion,"automated invoicing,invoice software,invoice management,invoice api|invoice management"
wordpress invoice management,10,,,,57,navigational,suggestion,invoice management
invoice management system ims,10,,,,,navigational,suggestion,invoice management
invoice management login,10,,,,0,navigational,suggestion,invoice management
invoice management data jobs remote,10,1.63,0.43,MEDIUM,,informational,suggestion,invoice management
salesforce invoice management,10,,0.86,HIGH,42,commercial,suggestion,invoice management
invoice and stock management in excel template free download,10,,,,13,commercial,suggestion,invoice management
invoice management definition,10,,,,0,informational,suggestion,invoice management
invoice management system project in java,10,,,,0,commercial,suggestion,invoice management
accounts payable invoice management,10,,0.43,MEDIUM,,commercial,suggestion,invoice management
sales and invoice management system,10,,,,,commercial,suggestion,invoice management
invoice-management system php github,10,,,,,commercial,suggestion,invoice management
lps desktop invoice management,10,,,,39,navigational,suggestion,invoice management
vendor invoice management in sap fico,10,,,,47,commercial,suggestion,invoice management
invoice management program,10,,0.71,HIGH,29,commercial,suggestion,invoice management
electronic invoice management system,10,,0.86,HIGH,,commercial,suggestion,invoice management
sap invoice management by open text,10,,,,48,navigational,suggestion,invoice management
lps invoice management phone number,10,,,,,informational,suggestion,invoice management
sap vendor invoice management pdf,10,20.23,0.48,MEDIUM,,informational,suggestion,invoice management
open source invoice management system,10,,,,,commercial,suggestion,invoice management
jira invoice management,10,,,,,navigational,suggestion,invoice management
medrecs management pay invoice,10,,0.16,LOW,,transactional,suggestion,invoice management
use case diagram for invoice management system,10,,,,,commercial,suggestion,invoice management
sap concur invoice management,10,7.61,0.36,MEDIUM,,navigational,suggestion,invoice management
invoice management system excel,10,,,,4,commercial,suggestion,invoice management
opentext vendor invoice management configuration guide,10,,,,,informational,suggestion,invoice management
invoice management system in react js,10,,,,0,commercial,suggestion,invoice management
invoice management system php,10,,,,0,commercial,suggestion,invoice management
invoice dispute management,10,,0.02,LOW,0,commercial,suggestion,invoice management
invoice and stock management in excel template,10,,,,9,informational,suggestion,invoice management
vendor invoice management in sap pdf,10,20.23,0.48,MEDIUM,,commercial,suggestion,invoice management
central invoice management sap public cloud,10,,0.29,LOW,,navigational,suggestion,invoice management
sap vendor invoice management training,10,,0.46,MEDIUM,,transactional,suggestion,invoice management
invoice and contract management system,10,,,,0,commercial,suggestion,invoice management
order and invoice management,10,,0,LOW,0,commercial,suggestion,invoice management
free invoice management software,10,61.05,0.79,HIGH,67,commercial,idea|suggestion,"automated invoicing,invoice software,invoice management,invoice api|invoice management|invoice software"
social media management invoice,10,,0.18,LOW,0,commercial,suggestion,invoice management
event management invoice,10,,,,,transactional,suggestion,invoice management
opentext vendor invoice management for sap solutions pdf,10,,,,,commercial,suggestion,invoice management
invoice management company,10,,0.57,MEDIUM,16,commercial,suggestion,invoice management
invoice-management system github,10,,,,0,commercial,suggestion,invoice management
opentext vendor invoice management training,10,,0,LOW,,transactional,suggestion,invoice management
sap ariba invoice management pdf,10,,0.64,MEDIUM,,informational,suggestion,invoice management
hdfc vendor invoice management system,10,,,,47,navigational,suggestion,invoice management
free invoice management,10,26.25,0.81,HIGH,58,commercial,suggestion,invoice management
inventory management and invoice software,10,,0.62,MEDIUM,26,commercial,suggestion,invoice management|invoice software
invoice management wiki,10,,,,58,informational,suggestion,invoice management
vendor invoice management with sap pdf,10,,,,,commercial,suggestion,invoice management
why is invoice management important,10,,,,,informational,suggestion,invoice management
lps invoice management system,10,,,,,commercial,suggestion,invoice management
invoice management portal,10,,,,21,navigational,suggestion,invoice management
vendor invoice management for sap solutions,10,,0.05,LOW,,commercial,suggestion,invoice management
central invoice management,10,,0.21,LOW,,commercial,suggestion,invoice management
vendor invoice management configuration in sap,10,,,,47,commercial,suggestion,invoice management
invoice management form,10,,,,,informational,suggestion,invoice management
invoice management system free,10,36.95,0.86,HIGH,57,commercial,suggestion,invoice management
invoice management system features,10,,,,0,commercial,suggestion,invoice management
loansphere invoice management,10,,0.14,LOW,,navigational,suggestion,invoice management
esker invoice management,10,,0.86,HIGH,,navigational,suggestion,invoice management
free invoice management system in excel,10,,0,LOW,,commercial,suggestion,invoice management
invoice format for event management company,10,,,,0,transactional,suggestion,invoice management
servicenow invoice management,10,10.92,0.44,MEDIUM,47,navigational,suggestion,invoice management
invoice management dashboard,10,,0,LOW,0,commercial,suggestion,invoice management
emcor invoice management portal,10,,0,LOW,0,navigational,suggestion,invoice management
php invoice management system,10,,,,,commercial,suggestion,invoice management
invoice management system laravel,10,,,,0,commercial,suggestion,invoice management
sap vendor invoice management ppt,10,,,,50,informational,suggestion,invoice management
invoice management system php free download,10,,,,,transactional,suggestion,invoice management
sap s 4hana vendor invoice management,10,,0.21,LOW,,navigational,idea|suggestion,"automated invoicing,invoice software,invoice management,invoice api|invoice management"
sap s/4hana vendor invoice management,10,,0.21,LOW,,navigational,suggestion,invoice management
black knight invoice management,10,19.33,0.76,HIGH,,navigational,suggestion,invoice management
invoice management ui,10,,,,,navigational,suggestion,invoice management
vendor invoice management sap tcode,10,,0.07,LOW,39,navigational,suggestion,invoice management
contract and invoice management software,10,,0.86,HIGH,,commercial,suggestion,invoice management|invoice software
invoice saas management system,10,,0,LOW,0,commercial,suggestion,invoice management
property management invoice example,10,0.04,0.95,HIGH,0,informational,suggestion,invoice management
invoice management system pdf,10,,,,0,commercial,suggestion,invoice management
vendor invoice management iocl,10,,0,LOW,,navigational,suggestion,invoice management
invoice management system django github,10,,,,,navigational,suggestion,invoice management
ryder online invoice management,10,,,,,commercial,suggestion,invoice management
laravel invoice management system,10,18.86,0.86,HIGH,,commercial,suggestion,invoice management
tax invoice management system,10,,,,,commercial,suggestion,invoice management
supplier workplace for invoice management,10,,,,,navigational,suggestion,invoice management
opentext vendor invoice management vim,10,,0.24,LOW,,transactional,suggestion,invoice management
invoice and inventory management in excel,10,,,,7,informational,suggestion,invoice management
central invoice management sap,10,,0.18,LOW,0,navigational,suggestion,invoice management
project management invoice template,10,,0.29,LOW,0,informational,suggestion,invoice management
what is invoice management system,10,,0.24,LOW,0,informational,suggestion,invoice management
invoice management meaning,10,,0,LOW,0,informational,idea|suggestion,"automated invoicing,invoice software,invoice management,invoice api|invoice automation,ai invoice generator,invoice processing,invoice ocr|invoice management"
invoice management system in php and mysql free source code,10,,,,,commercial,suggestion,invoice management
django invoice management system,10,,0.86,HIGH,,commercial,suggestion,invoice management
invoice management template,10,,0.86,HIGH,41,informational,suggestion,invoice management
invoice management system in php,10,,,,0,commercial,suggestion,invoice management
sap cim central invoice management,10,,,,,navigational,suggestion,invoice management
online invoice management software,10,,,,,commercial,suggestion,invoice management|invoice software
cloud based invoice management,10,,0,LOW,,commercial,suggestion,invoice management
management fee invoice template,10,0.01,1,HIGH,,informational,suggestion,invoice management
sharepoint invoice management,10,,,,40,commercial,suggestion,invoice management
event management invoice format,10,,,,,informational,suggestion,invoice management
powerapps invoice management,10,,,,,commercial,suggestion,invoice management
tax invoice management system kenya,10,,,,,navigational,suggestion,invoice management
web-based invoice management system,10,,0,LOW,,commercial,suggestion,invoice management
invoice management system updates,10,,,,,commercial,suggestion,invoice management
invoice management for small business,10,,0.86,HIGH,34,commercial,suggestion,invoice management
online invoice management system,10,,0.86,HIGH,70,commercial,suggestion,invoice management
invoice management wikipedia,10,,,,64,informational,suggestion,invoice management
vendor invoice management vim,10,,0.5,MEDIUM,54,commercial,suggestion,invoice management
invoice management php,10,,0,LOW,0,commercial,suggestion,invoice management
invoice management system gst,10,,,,0,commercial,suggestion,invoice management
vendor invoice management sap pdf,10,,,,45,informational,suggestion,invoice management
concur invoice management,10,7.67,0.43,MEDIUM,,commercial,suggestion,invoice management
property management invoice template free,10,7.15,0.54,MEDIUM,42,informational,suggestion,invoice management
property management fee invoice,10,,,,,commercial,suggestion,invoice management
invoice document management,10,,,,,commercial,suggestion,invoice management
freight invoice management,10,,0,LOW,0,commercial,suggestion,invoice management
invoice process management,10,,,,0,commercial,suggestion,invoice management
invoice management system project report,10,,,,0,commercial,suggestion,invoice management
lpsdesktop invoice management,10,,,,39,navigational,suggestion,invoice management
invoice management best practices,10,,,,0,informational,suggestion,invoice management
open source invoice management software,10,,,,,commercial,suggestion,invoice management
invoice management for large legal firms,10,,,,0,commercial,suggestion,invoice management
invoice management system in excel,10,,0.71,HIGH,0,commercial,suggestion,invoice management
netsuite invoice management,10,235.74,0.74,HIGH,,navigational,suggestion,invoice management
invoice management companies,10,,0.57,MEDIUM,30,commercial,suggestion,invoice management
event management invoice template,10,,,,,informational,suggestion,invoice management
simple invoice management system,10,,,,58,commercial,suggestion,invoice management
free online invoice management system,10,,,,,commercial,suggestion,invoice management
invoice and inventory management,10,,,,14,commercial,suggestion,invoice management
woocommerce invoice management,10,,,,49,commercial,suggestion,invoice management
open source invoice management,10,,0.14,LOW,,commercial,suggestion,invoice management
free invoice management system,10,36.95,0.86,HIGH,62,commercial,suggestion,invoice management
concur invoice management reviews,10,,,,,commercial,suggestion,invoice management
restaurant invoice management,10,,0.11,LOW,0,commercial,suggestion,invoice management
parking invoice professional parking management,10,,0.11,LOW,0,navigational,suggestion,invoice management
invoice management system open source,10,,,,29,commercial,suggestion,invoice management
new invoice management system,10,,,,,commercial,suggestion,invoice management
utility invoice management,10,,0,LOW,39,commercial,suggestion,invoice management
lps desktop invoice management login,10,,0.07,LOW,,navigational,suggestion,invoice management
free invoice software for windows 10,10,,,,,transactional,suggestion,invoice software
best free invoice software uk,10,,0.86,HIGH,,commercial,suggestion,invoice software
microsoft invoice software,10,28.74,0.84,HIGH,10,commercial,suggestion,invoice software
best automotive shop invoice software,10,,,,,commercial,suggestion,invoice software
invoice software excel,10,,0.95,HIGH,31,commercial,suggestion,invoice software
barcode invoice software,10,,,,,commercial,suggestion,invoice software
invoice software list,10,,0.29,LOW,10,commercial,suggestion,invoice software
invoice and billing software free download,10,,,,51,transactional,suggestion,invoice software
white label invoice software,10,26.5,0.66,MEDIUM,8,commercial,suggestion,invoice software
zoho free invoice software,10,3.8,0.71,HIGH,54,commercial,suggestion,invoice software
invoice organizer software,10,10.53,0.86,HIGH,41,commercial,suggestion,invoice software
nch invoice software crack,10,,,,,transactional,suggestion,invoice software
free invoice receipt software,10,30.59,0.86,HIGH,,commercial,suggestion,invoice software
invoice software for small business ireland,10,,,,,commercial,suggestion,invoice software
invoice software for photographers,10,36.16,0.43,MEDIUM,0,commercial,suggestion,invoice software
jewelry invoice software,10,35.7,0.24,LOW,,commercial,suggestion,invoice software
invoice software ireland,10,,,,,commercial,suggestion,invoice software
invoice scanning and approval software,10,,,,0,commercial,suggestion,invoice approval|invoice software
best free online invoice software,10,,,,,commercial,suggestion,invoice software
software company invoice template,10,,,,0,commercial,suggestion,invoice software
top free invoice software,10,,0.64,MEDIUM,,commercial,suggestion,invoice software
gst invoice free software,10,,0,LOW,,commercial,suggestion,invoice software
invoice excel software,10,,0.95,HIGH,,commercial,suggestion,invoice software
most popular invoice software,10,,,,,commercial,suggestion,invoice software
gst invoice software download,10,,,,,transactional,suggestion,invoice software
xero accounting software invoice,10,,,,,transactional,suggestion,invoice software
top 10 free invoice software,10,,0.86,HIGH,,commercial,suggestion,invoice software
best tax invoice software,10,,,,,commercial,suggestion,invoice software
free invoice software in excel,10,,0,LOW,18,commercial,suggestion,invoice software
invoice software singapore,10,,,,3,commercial,suggestion,invoice software
best automotive invoice software,10,79.2,0.82,HIGH,,commercial,suggestion,invoice software
online invoice billing software,10,,,,,commercial,suggestion,invoice software
invoice maker software download,10,,,,32,transactional,suggestion,invoice software
e invoice software subsidy,10,,,,,commercial,suggestion,invoice software
free invoice creating software,10,50.9,0.79,HIGH,58,commercial,suggestion,invoice software
invoice recording software,10,,,,37,commercial,suggestion,invoice software
apple invoice software,10,,0.86,HIGH,,transactional,suggestion,invoice software
lariat software paypal invoice,10,,,,,commercial,suggestion,invoice software
best invoice software india,10,34.43,0.81,HIGH,,commercial,suggestion,invoice software
free invoice creator software download,10,4.48,0.86,HIGH,23,transactional,suggestion,invoice software
adobe invoice software,10,,,,,transactional,suggestion,invoice software
invoice and customer database software,10,76.45,0.79,HIGH,42,commercial,suggestion,invoice software
computer generated invoice software,10,,,,,commercial,suggestion,invoice software
invoice integration software,10,,0.07,LOW,29,commercial,suggestion,invoice software
screen printing invoice software,10,62.36,0.61,MEDIUM,15,commercial,suggestion,invoice software
online invoice generator software,10,,,,,commercial,suggestion,invoice software
invoice software price,10,,0.86,HIGH,28,commercial,suggestion,invoice software
invoice to go software,10,,0.86,HIGH,15,commercial,suggestion,invoice software
invoice signing software,10,,0.05,LOW,52,commercial,suggestion,invoice software
office invoice software,10,,1,HIGH,,commercial,suggestion,invoice software
invoice writing software,10,55.58,0.49,MEDIUM,65,commercial,suggestion,invoice software
gst free invoice software,10,,0,LOW,,commercial,suggestion,invoice software
invoice and estimate software for windows,10,29.33,1,HIGH,10,transactional,suggestion,invoice software
how to create invoice software,10,,0.86,HIGH,,informational,suggestion,invoice software
best gst invoice software,10,,0.29,LOW,31,commercial,suggestion,invoice software
invoice to pay software,10,5.5,0.54,MEDIUM,,commercial,suggestion,invoice software
google invoice software,10,33.3,0.79,HIGH,,commercial,suggestion,invoice software
invoice software simple,10,,,,59,commercial,suggestion,invoice software
e invoice software for small business,10,,,,,commercial,suggestion,invoice software
best cloud invoice software,10,,,,,commercial,suggestion,invoice software
invoice manager software free,10,,,,66,commercial,suggestion,invoice software
free invoice maker software download,10,4.48,0.86,HIGH,23,transactional,suggestion,invoice software
gst e invoice software,10,,,,,commercial,suggestion,invoice software
free automotive invoice software download,10,,,,,transactional,suggestion,invoice software
invoice software ubuntu,10,,,,0,transactional,suggestion,invoice software
open-source invoice software reddit,10,,0,LOW,,informational,suggestion,invoice software
free invoice software for ipad,10,9.6,0.86,HIGH,,transactional,suggestion,invoice software
free express invoice nch software,10,,0.71,HIGH,,informational,suggestion,invoice software
best invoice software for windows 10,10,,,,49,commercial,suggestion,invoice software
compare invoice software,10,,,,12,commercial,suggestion,invoice software
appliance repair invoice software,10,,0.12,LOW,,commercial,suggestion,invoice software
open source invoice software mac,10,,,,,commercial,suggestion,invoice software
free sales invoice software,10,10.12,0.86,HIGH,,commercial,suggestion,invoice software
invoice design software,10,,0.1,LOW,53,commercial,suggestion,invoice software
free invoice software offline,10,11.48,1,HIGH,,transactional,suggestion,invoice software
invoice printing software,10,14.47,0.96,HIGH,51,commercial,suggestion,invoice software
bid and invoice software,10,,,,,commercial,suggestion,invoice software
software services invoice template,10,,,,23,commercial,suggestion,invoice software
invoice template software development,10,,,,0,commercial,suggestion,invoice software
freelance software developer invoice template,10,,0,LOW,,transactional,suggestion,invoice software
invoice and inventory software free download,10,,,,29,transactional,suggestion,invoice software
inventory invoice software free download,10,,,,29,transactional,suggestion,invoice software
free invoice generator software download,10,4.48,0.86,HIGH,22,transactional,suggestion,invoice software
open-source invoice-software github,10,,,,,commercial,suggestion,invoice software
free invoice design software,10,,,,,commercial,suggestion,invoice software
invoice approval software quickbooks,10,,0.29,LOW,0,commercial,suggestion,invoice approval|invoice software
sale invoice software free,10,10.12,0.86,HIGH,,commercial,suggestion,invoice software
e commerce invoice software,10,,0,LOW,,commercial,suggestion,invoice software
free invoice creation software,10,50.9,0.79,HIGH,62,commercial,suggestion,invoice software
invoice billing software for pc,10,,,,37,commercial,idea|suggestion,"automated invoicing,invoice software,invoice management,invoice api|invoice software"
software invoice template excel,10,,,,,transactional,suggestion,invoice software
free invoice software india,10,6.62,0.62,MEDIUM,,commercial,suggestion,invoice software
invoice parsing software,10,,0.14,LOW,0,commercial,suggestion,invoice software
invoice and quotation software free download,10,,,,5,transactional,suggestion,invoice software
stock and invoice software,10,,,,,commercial,suggestion,invoice software
invoice software free india,10,6.62,0.62,MEDIUM,61,commercial,suggestion,invoice software
stand alone invoice software,10,20.72,0.71,HIGH,,commercial,suggestion,invoice software
blackbaud for squarespace invoice archiving software,10,,,,23,commercial,suggestion,invoice software
nch invoice software,10,,0.61,MEDIUM,15,commercial,suggestion,invoice software
free invoice software mac download,10,,,,30,transactional,suggestion,invoice software
the best free invoice software,10,,,,35,commercial,suggestion,invoice software
moon invoice software,10,,,,,commercial,suggestion,invoice software
software invoice example,10,,,,,informational,suggestion,invoice software
invoice software windows 10,10,,0,LOW,14,transactional,suggestion,invoice software
computer generated invoice software free,10,,,,,commercial,suggestion,invoice software
invoice software design,10,,,,26,commercial,suggestion,invoice software
stock invoice software,10,,,,,commercial,suggestion,invoice software
download invoice software for pc,10,9.88,1,HIGH,,transactional,suggestion,invoice software
best invoice software uk,10,,,,,commercial,suggestion,invoice software
invoice generating software free download,10,4.48,0.86,HIGH,23,transactional,suggestion,invoice software
invoice software for ipad,10,,0.5,MEDIUM,32,transactional,suggestion,invoice software
invoice generator software download,10,,,,33,transactional,suggestion,invoice software
best free invoice software for windows,10,,0.86,HIGH,,commercial,suggestion,invoice software
invoice software zoho,10,,,,58,commercial,suggestion,invoice software
best invoice software for pc,10,,0,LOW,,commercial,suggestion,invoice software
invoice software for pc free download,10,,,,16,transactional,suggestion,invoice software
best invoice making software,10,58.59,0.86,HIGH,,commercial,suggestion,invoice software
invoice sample software,10,,,,31,commercial,suggestion,invoice software
software for invoice printing,10,14.47,0.96,HIGH,16,commercial,suggestion,invoice software
erp invoice software,10,138.27,0.79,HIGH,,commercial,suggestion,invoice software
multi user invoice software,10,,0.43,MEDIUM,,commercial,suggestion,invoice software
best free business invoice software,10,,,,,commercial,suggestion,invoice software
the best invoice software,10,57.85,0.43,MEDIUM,56,commercial,suggestion,invoice software
express invoice plus by nch software,10,17.07,0.98,HIGH,,transactional,suggestion,invoice software
invoice scanning software for sage,10,,,,0,commercial,suggestion,invoice software
portable invoice software,10,,,,,commercial,suggestion,invoice software
free customizable invoice software,10,,,,,commercial,suggestion,invoice software
invoice billing software free download for pc,10,,,,17,transactional,suggestion,invoice software
software invoice template word,10,,,,62,transactional,suggestion,invoice software
free inventory and invoice software,10,,0.17,LOW,56,commercial,suggestion,invoice software
invoice generator software offline,10,,,,,commercial,suggestion,invoice software
invoice software for windows 10,10,,0,LOW,20,commercial,suggestion,invoice software
invoice generator software free download,10,4.48,0.86,HIGH,22,transactional,suggestion,invoice software
what software is used to create an invoice,10,,,,,informational,suggestion,invoice software
invoice auditing software,10,,0.34,MEDIUM,5,commercial,suggestion,invoice software
free invoice printing software,10,,0.86,HIGH,,commercial,suggestion,invoice software
invoice authorisation software,10,,0,LOW,3,commercial,suggestion,invoice software
best simple invoice software,10,33.49,0.86,HIGH,,commercial,suggestion,invoice software
rental invoice software,10,60.92,0.64,MEDIUM,,commercial,suggestion,invoice software
travel agency invoice software free,10,,,,45,commercial,suggestion,invoice software
software company invoice sample,10,,,,,informational,suggestion,invoice software
e invoice software free,10,,,,60,commercial,suggestion,invoice software
invoice software development,10,,0.29,LOW,100,commercial,suggestion,invoice software
easy invoice software free download,10,37.83,0.86,HIGH,55,transactional,suggestion,invoice software
invoice software windows,10,13.09,0.95,HIGH,36,commercial,suggestion,invoice software
nch invoice software review,10,3.48,0.57,MEDIUM,,commercial,suggestion,invoice software
simple invoice software free download,10,,0.14,LOW,,transactional,suggestion,invoice software
invoice delivery software,10,,0.57,MEDIUM,37,commercial,suggestion,invoice software
e invoice software malaysia,10,,0.18,LOW,,commercial,suggestion,invoice software
tax invoice software,10,,,,,commercial,suggestion,invoice software
invoice printing software free,10,,0.86,HIGH,61,transactional,suggestion,invoice software
best free invoice software for windows 10,10,,,,,commercial,suggestion,invoice software
quick invoice software,10,44.31,0.97,HIGH,,commercial,suggestion,invoice software
invoice software pakistan,10,,,,,commercial,suggestion,invoice software
invoice software for india,10,20.34,0.79,HIGH,61,commercial,suggestion,invoice software
lawn service invoice software,10,,0.1,LOW,,commercial,suggestion,invoice software
service invoice software free download,10,,,,,informational,suggestion,invoice software
garage invoice software uk,10,,,,,commercial,suggestion,invoice software
hitech invoice software,10,,,,,commercial,suggestion,invoice software
free purchase order and invoice software,10,,,,,transactional,suggestion,invoice software
graphic design invoice software,10,,,,,commercial,suggestion,invoice software
tax invoice generator software,10,,,,,commercial,suggestion,invoice software
computer repair invoice software,10,,,,,commercial,suggestion,invoice software
invoice software for windows,10,13.09,0.95,HIGH,52,transactional,suggestion,invoice software
free offline invoice software for small business,10,,,,,commercial,suggestion,invoice software
open source invoice software reddit,10,,0,LOW,,informational,idea|suggestion,"automated invoicing,invoice software,invoice management,invoice api|invoice software"
e invoice free software,10,,,,60,commercial,suggestion,invoice software
free invoice software uk,10,31.1,0.27,LOW,,commercial,suggestion,invoice software
best e invoice software in india,10,,,,,commercial,suggestion,invoice software
invoice making software for pc,10,,,,51,commercial,suggestion,invoice software
busy software sale invoice format,10,,,,,transactional,suggestion,invoice software
invoice software for service business,10,60.45,0.6,MEDIUM,53,commercial,suggestion,invoice software
invoice database software,10,,0.38,MEDIUM,37,commercial,suggestion,invoice software
best invoice factoring software,10,,0.2,LOW,,commercial,suggestion,invoice software
express invoice by nch software free download,10,,,,,navigational,suggestion,invoice software
invoice for software services,10,,,,37,commercial,suggestion,invoice software
invoice software microsoft,10,28.74,0.84,HIGH,2,commercial,suggestion,invoice software
invoice billing software in excel,10,,0.95,HIGH,8,commercial,suggestion,invoice software
open source invoice software github,10,,,,,commercial,suggestion,invoice software
amazon invoice software,10,,,,,commercial,suggestion,invoice software
proforma invoice software free download,10,,,,50,transactional,suggestion,invoice software
free business invoice software download,10,9.13,0.71,HIGH,,transactional,suggestion,invoice software
best invoice software for windows,10,,,,,commercial,suggestion,invoice software
linux invoice software free,10,,,,,commercial,suggestion,invoice software
invoice template for software services,10,,,,3,commercial,suggestion,invoice software
software development invoice template,10,2.51,0.21,LOW,0,transactional,suggestion,invoice software
invoice software app,10,,0.57,MEDIUM,61,commercial,suggestion,invoice app|invoice software
invoice software sage,10,,,,16,commercial,suggestion,invoice software
kbilling invoice software,10,93.52,0.76,HIGH,,commercial,suggestion,invoice software
ap invoice scanning software,10,,0.52,MEDIUM,,transactional,suggestion,invoice software
software company invoice format,10,,,,0,commercial,suggestion,invoice software
free web based invoice software,10,,0,LOW,,commercial,suggestion,invoice software
small business quotation and invoice software,10,,0.71,HIGH,,commercial,suggestion,invoice software
gst invoice billing software free download,10,,,,,transactional,suggestion,invoice software
jewellery invoice software,10,35.7,0.24,LOW,,commercial,suggestion,invoice software
ap invoice approval software,10,47.47,0.56,MEDIUM,,transactional,suggestion,invoice approval|invoice software
invoice filing software,10,,,,51,commercial,suggestion,invoice software
shop invoice software free,10,,,,,commercial,suggestion,invoice software
best free invoice software for mac,10,,,,7,commercial,suggestion,invoice software
invoice maker free software,10,50.9,0.79,HIGH,62,commercial,suggestion,invoice software
free invoice and receipt software,10,30.59,0.86,HIGH,,commercial,suggestion,invoice software
invoice billing software free downloadfor pc,10,,,,,transactional,suggestion,invoice software
best estimate and invoice software,10,,,,,commercial,suggestion,invoice software
free invoice software linux,10,6.23,0.57,MEDIUM,,commercial,suggestion,invoice software
busy software e invoice,10,,,,,commercial,suggestion,invoice software
best landscape invoice software,10,,0,LOW,,commercial,suggestion,invoice software
home business invoice software,10,,,,,commercial,suggestion,invoice software
vyapar invoice software,10,,,,,commercial,suggestion,invoice software
open source invoice software windows,10,,,,,commercial,suggestion,invoice software
hotel invoice software free download,10,,,,,transactional,suggestion,invoice software
best invoice and estimate software,10,22.57,0.77,HIGH,70,commercial,suggestion,invoice software
best open source invoice software,10,14.66,0.57,MEDIUM,17,commercial,suggestion,invoice software
zoho invoice software price,10,,0.71,HIGH,,commercial,suggestion,invoice software
e invoice software download,10,,,,,transactional,suggestion,invoice software
service invoice software free,10,50.28,0.86,HIGH,,commercial,suggestion,invoice software
offline invoice software free download,10,,,,,transactional,suggestion,invoice software
invoice printing software free download,10,,,,34,transactional,suggestion,invoice software
busy software invoice format,10,,0,LOW,,commercial,suggestion,invoice software
invoice software free uk,10,31.1,0.27,LOW,30,informational,suggestion,invoice software
e invoice software in saudi arabia,10,,,,,commercial,suggestion,invoice software
body shop invoice software,10,30.37,0.94,HIGH,26,commercial,suggestion,invoice software
gst invoice bill software,10,,,,,commercial,suggestion,invoice software
e invoice software price,10,,,,,commercial,suggestion,invoice software
invoice software compatible with quickbooks,10,,1,HIGH,0,commercial,suggestion,invoice software
invoice software program,10,,1,HIGH,67,commercial,suggestion,invoice software
best inventory and invoice software,10,49.47,0.86,HIGH,53,commercial,suggestion,invoice software
supplier invoice approval software,10,,,,,commercial,suggestion,invoice approval|invoice software
free invoice software canada,10,,,,,commercial,suggestion,invoice software
contract and invoice software,10,,0.86,HIGH,17,commercial,suggestion,invoice software
invoice and packing list software,10,,,,0,commercial,suggestion,invoice software
free offline invoice generator software,10,,,,,commercial,suggestion,invoice software
windows invoice software free,10,22.5,1,HIGH,52,commercial,suggestion,invoice software
sales tax invoice software free download,10,,,,,transactional,suggestion,invoice software
invoice print software,10,14.47,0.96,HIGH,44,commercial,suggestion,invoice software
express invoice invoicing software free version,10,,,,,transactional,suggestion,invoice software
invoice software review,10,,0.71,HIGH,,commercial,idea|suggestion,"automated invoicing,invoice software,invoice management,invoice api|invoice software"
free full version invoice software download,10,39.49,0.43,MEDIUM,31,transactional,suggestion,invoice software
gst invoice excel software free download,10,,,,,transactional,suggestion,invoice software
invoice software india,10,20.34,0.79,HIGH,54,commercial,suggestion,invoice software
accounts payable invoice scanning software,10,,0.09,LOW,43,commercial,suggestion,invoice software
invoice software free download for windows 10,10,72.05,0.93,HIGH,8,transactional,suggestion,invoice software
free legal invoice software,10,,,,,commercial,suggestion,invoice software
express invoice the complete billing software,10,,,,,transactional,suggestion,invoice software
daycare invoice software,10,,0,LOW,,commercial,suggestion,invoice software
invoice software in india,10,20.34,0.79,HIGH,47,commercial,suggestion,invoice software
best invoice software for mechanics,10,,0,LOW,,commercial,suggestion,invoice software
excel auto invoice generating software,10,,,,,commercial,suggestion,invoice software
best auto shop invoice software,10,90.82,0.86,HIGH,,commercial,suggestion,invoice software
best invoice generator software,10,58.59,0.86,HIGH,,commercial,suggestion,invoice software
free invoice software for windows,10,22.5,1,HIGH,52,commercial,suggestion,invoice software
invoice inventory software free download,10,,,,34,transactional,suggestion,invoice software
invoice template software free download,10,,,,45,transactional,suggestion,invoice software
software developer invoice template,10,,1,HIGH,9,informational,suggestion,invoice software
garage invoice software free,10,,,,,commercial,suggestion,invoice software
garage invoice software free download,10,,,,,navigational,suggestion,invoice software
photography invoice software,10,,0.86,HIGH,0,commercial,suggestion,invoice software
100 free invoice software,10,,,,,commercial,suggestion,invoice software
odoo invoice software,10,,0.79,HIGH,,commercial,suggestion,invoice software
best invoice software for landscaping,10,,0.43,MEDIUM,,commercial,suggestion,invoice software
free invoice generator software for pc,10,26.68,0.9,HIGH,,transactional,suggestion,invoice software
simple invoice software crack,10,,,,,transactional,suggestion,invoice software
best invoice software australia,10,,,,,commercial,suggestion,invoice software
best auto repair invoice software,10,91.01,0.71,HIGH,63,commercial,suggestion,invoice software
invoice quotation software free download,10,,,,7,informational,suggestion,invoice software
e invoice malaysia software,10,,,,,commercial,suggestion,invoice software
enterprise invoice software,10,,0.07,LOW,19,commercial,suggestion,invoice software
e invoice generation software,10,,,,,commercial,suggestion,invoice software
invoice software australia free,10,,0.86,HIGH,33,commercial,suggestion,invoice software
travel invoice software,10,,,,27,commercial,suggestion,invoice software
free cloud invoice software,10,,0,LOW,,commercial,suggestion,invoice software
invoice capture software free,10,,,,38,informational,suggestion,invoice software
billing invoice software free,10,4.85,0.86,HIGH,59,commercial,suggestion,invoice software
easy invoice software for pc,10,,,,,commercial,suggestion,invoice software
export invoice software,10,,,,,commercial,suggestion,invoice software
top 10 invoice software,10,14.36,0.86,HIGH,,commercial,suggestion,invoice software
desktop invoice software for small business,10,16.16,0.91,HIGH,,commercial,suggestion,invoice software
invoice software free download with crack,10,,,,24,transactional,suggestion,invoice software
invoice software crack,10,,,,19,transactional,suggestion,invoice software
invoice pc software,10,,,,22,commercial,suggestion,invoice software
software engineer invoice,10,,,,,informational,suggestion,invoice software
invoice system software,10,,0.48,MEDIUM,71,commercial,suggestion,invoice software
invoice template for software development services,10,,0.71,HIGH,0,commercial,suggestion,invoice software
small business invoice and billing software,10,7.9,0.86,HIGH,72,commercial,suggestion,invoice software
free easy invoice software download,10,37.83,0.86,HIGH,55,transactional,suggestion,invoice software
free invoice and time tracking software,10,,0,LOW,53,commercial,suggestion,invoice software
free invoice approval software,10,,0.35,MEDIUM,15,commercial,suggestion,invoice approval|invoice software
invoice software usa,10,,,,61,commercial,suggestion,invoice software
free invoice software windows,10,22.5,1,HIGH,52,transactional,suggestion,invoice software
invoice home software,10,,0.86,HIGH,15,commercial,suggestion,invoice software
e-invoice accounting software,10,,,,,commercial,suggestion,invoice software
invoice software canada,10,,0.86,HIGH,36,commercial,suggestion,invoice software
field invoice software,10,,0.71,HIGH,,commercial,suggestion,invoice software
xero invoice scanning software,10,,,,47,transactional,suggestion,invoice software
free software for e invoice,10,,,,60,commercial,suggestion,invoice software
e invoice without software,10,,,,,transactional,suggestion,invoice software
invoice generator software for pc,10,,,,20,commercial,suggestion,invoice software
free invoice scanning software,10,26.59,0.83,HIGH,11,transactional,suggestion,invoice software
invoice tracking software free download,10,,,,61,transactional,suggestion,invoice software
free invoice capture software,10,,,,,transactional,suggestion,invoice software
invoice it software,10,,,,53,commercial,suggestion,invoice software
best repair shop invoice software,10,35.4,0.86,HIGH,,commercial,suggestion,invoice software
easy invoice software download,10,,,,,transactional,suggestion,invoice software
invoice software malaysia,10,,,,9,commercial,suggestion,invoice software
offline invoice billing software free download full version,10,,,,,transactional,suggestion,invoice software
free open source invoice software,10,6.63,0.43,MEDIUM,,commercial,suggestion,invoice software
computer invoice software,10,,,,,commercial,suggestion,invoice software
database invoice software,10,,0.38,MEDIUM,,commercial,suggestion,invoice software
free invoice and quote software small business,10,,,,,commercial,suggestion,invoice software
open source invoice and inventory software,10,,0.86,HIGH,,commercial,suggestion,invoice software
invoice software for,10,,,,56,commercial,suggestion,invoice software
quote purchase order invoice software,10,,,,,commercial,suggestion,invoice software
sales purchase invoice software free download,10,,,,,transactional,suggestion,invoice software
sample invoice for software services,10,,0.5,MEDIUM,,commercial,suggestion,invoice software
garage invoice software,10,59.17,0.9,HIGH,23,commercial,suggestion,invoice software
invoice software for mac and ipad,10,,,,16,commercial,suggestion,invoice software
invoice making software for pc free download,10,,,,12,transactional,suggestion,invoice software
best invoice software reddit,10,82.77,0.4,MEDIUM,,commercial,suggestion,invoice software
invoice software java,10,,,,1,commercial,suggestion,invoice software
invoice simple software,10,,0.43,MEDIUM,59,transactional,suggestion,invoice software
invoice handling software,10,,,,28,commercial,suggestion,invoice software
invoice software php,10,,,,12,commercial,suggestion,invoice software
million accounting software invoice format,10,,,,,informational,suggestion,invoice software
free desktop invoice software,10,,0.86,HIGH,,commercial,suggestion,invoice software
simple invoice software free,10,10.93,0.71,HIGH,67,commercial,suggestion,invoice software
zoho gst invoice software,10,,,,,commercial,suggestion,invoice software
catering invoice software,10,71.47,0.48,MEDIUM,0,commercial,idea|suggestion,"automated invoicing,invoice software,invoice management,invoice api|invoice software"
invoice software free download full version with crack,10,,,,9,transactional,suggestion,invoice software
invoice preparation software,10,,,,51,commercial,suggestion,invoice software
invoice software that works with quickbooks,10,,,,9,commercial,suggestion,invoice software
tax invoice billing software,10,,,,,commercial,suggestion,invoice software
software development invoice sample,10,0.02,0.43,MEDIUM,0,informational,suggestion,invoice software
e invoice software india,10,,,,,commercial,suggestion,invoice software
free invoice and inventory software download,10,,,,,transactional,suggestion,invoice software
invoice and statement software free,10,,,,61,informational,suggestion,invoice software
quotation and invoice software free download,10,,,,,transactional,suggestion,invoice software
invoice packing list software,10,,,,0,commercial,suggestion,invoice software
invoice software cloud,10,,0.18,LOW,72,commercial,suggestion,invoice software
smart invoice software,10,,,,,commercial,suggestion,invoice software|smart invoice
invoice and estimate software for mac,10,,,,1,commercial,suggestion,invoice software
invoice approval software uk,10,,0,LOW,0,commercial,suggestion,invoice approval|invoice software
software for e invoice,10,,,,5,commercial,suggestion,invoice software
web based invoice software open source,10,,,,,commercial,suggestion,invoice software
instant invoice software,10,,,,51,commercial,suggestion,invoice software
invoice editing software free,10,,0,LOW,,commercial,suggestion,invoice software
best free invoice and billing software,10,,,,,commercial,suggestion,invoice software
invoice maker software free download,10,4.48,0.86,HIGH,24,transactional,suggestion,invoice software
nursery invoice software,10,,0,LOW,,commercial,suggestion,invoice software
best software for invoice and billing,10,68.4,0.66,MEDIUM,70,commercial,suggestion,invoice software
simple invoice and estimate software,10,,,,,commercial,suggestion,invoice software
free offline invoice software,10,7.65,0.86,HIGH,,commercial,suggestion,invoice software
windows invoice software,10,13.09,0.95,HIGH,54,commercial,suggestion,invoice software
invoice ledger software,10,,,,40,commercial,suggestion,invoice software
pdf invoice software,10,,0.11,LOW,,commercial,suggestion,invoice software
zoho invoice software free download,10,,0.57,MEDIUM,55,navigational,suggestion,invoice software
free invoice software pc,10,,,,59,transactional,suggestion,invoice software
software engineer invoice template,10,,0.43,MEDIUM,,informational,suggestion,invoice software
invoice maker software for windows 7,10,,,,,transactional,suggestion,invoice software
invoice software multi currency,10,,0.01,LOW,,commercial,suggestion,invoice software
car sales invoice software,10,,,,,commercial,suggestion,invoice software
invoice for software development services template,10,,0.71,HIGH,,commercial,suggestion,invoice software
which is the best invoice software,10,,,,56,commercial,suggestion,invoice software
invoice raising software,10,,,,53,commercial,suggestion,invoice software
best invoice software for small business free download,10,,,,,commercial,suggestion,invoice software
invoice software full version free download,10,,,,25,transactional,suggestion,invoice software
invoice billing software free download full version with crack,10,,,,25,transactional,suggestion,invoice software
best free invoice software reviews,10,,,,,commercial,suggestion,invoice software
invoice process software,10,,0,LOW,18,commercial,suggestion,invoice software
free windows invoice software,10,22.5,1,HIGH,52,commercial,suggestion,invoice software
invoice manager software free download,10,,,,1,transactional,suggestion,invoice software
ebay invoice software,10,,,,,commercial,suggestion,invoice software
invoice software uk,10,129.4,0.86,HIGH,,commercial,suggestion,invoice software
invoice submission software,10,,,,37,commercial,suggestion,invoice software
gst invoice software free download,10,,,,,transactional,suggestion,invoice software
express invoice software download,10,,,,,transactional,suggestion,invoice software
invoice pro software,10,,,,14,commercial,suggestion,invoice software
software consultant invoice,10,,0.86,HIGH,0,commercial,suggestion,invoice software
gst invoice software free,10,,,,,commercial,suggestion,invoice software
customer database and invoice software,10,76.45,0.79,HIGH,41,commercial,suggestion,invoice software
free service invoice software,10,50.28,0.86,HIGH,,commercial,suggestion,invoice software
invoice software free download for windows 7,10,,,,9,transactional,suggestion,invoice software
invoice sending software,10,,0.43,MEDIUM,61,commercial,suggestion,invoice software
invoice software for windows 7,10,,,,7,transactional,suggestion,invoice software
business invoice software free download,10,9.13,0.71,HIGH,,transactional,suggestion,invoice software
proforma invoice software,10,,0.43,MEDIUM,,commercial,suggestion,invoice software
open source quotation and invoice software,10,,,,65,commercial,suggestion,invoice software
invoice and payment software for small business,10,37.74,0.88,HIGH,,commercial,suggestion,invoice software
order and invoice software,10,,,,,commercial,suggestion,invoice software
invoice cloud software,10,,0.62,MEDIUM,10,commercial,suggestion,invoice software
billing and invoice software for small business,10,56.66,1,HIGH,72,commercial,suggestion,invoice software
t shirt invoice software,10,,,,,commercial,suggestion,invoice software
online invoice and accounting software,10,,,,,commercial,suggestion,invoice software
peachtree invoice software,10,,,,,commercial,suggestion,invoice software
free garage invoice software,10,,,,,commercial,suggestion,invoice software
invoice generator software india,10,,,,46,commercial,suggestion,invoice software
invoice designer software,10,,,,53,commercial,suggestion,invoice software
invoice and statement software,10,,,,,commercial,suggestion,invoice software
invoice creation software free,10,,0.57,MEDIUM,,commercial,suggestion,invoice software
microsoft excel invoice generator software,10,,,,,commercial,suggestion,invoice software
invoice record keeping software,10,,0,LOW,51,commercial,suggestion,invoice software
online invoice approval software,10,,0,LOW,,commercial,suggestion,invoice approval|invoice software
interior design invoice software,10,,0,LOW,23,commercial,suggestion,invoice software
best mac invoice software,10,,0.29,LOW,14,commercial,suggestion,invoice software
best recurring invoice software,10,,0.86,HIGH,,commercial,suggestion,invoice software|recurring invoice
free invoice and estimate software for pc,10,,,,,commercial,suggestion,invoice software
workshop invoice software,10,,0.29,LOW,55,commercial,suggestion,invoice software
software invoice indonesia,10,,,,,commercial,suggestion,invoice software
invoice software uk free,10,31.1,0.27,LOW,36,informational,suggestion,invoice software
which is the best free invoice software,10,,,,,commercial,suggestion,invoice software
free invoice software reviews,10,4.95,0.86,HIGH,,commercial,suggestion,invoice software
pos invoice software,10,35.97,0.86,HIGH,57,commercial,suggestion,invoice software
invoice and stock control software,10,,,,21,commercial,suggestion,invoice software
software development invoice example,10,0.02,0.43,MEDIUM,0,informational,suggestion,invoice software
e invoice billing software,10,,,,,commercial,suggestion,invoice software
billing and invoice software free download,10,,,,,transactional,suggestion,invoice software
invoice chasing software,10,9.66,0.5,MEDIUM,,commercial,suggestion,invoice software
invoice software in excel,10,,0.95,HIGH,25,commercial,suggestion,invoice software
free invoice and statement software,10,,,,,commercial,suggestion,invoice software
invoice software excel free download,10,,,,14,transactional,suggestion,invoice software
software development invoice template word,10,,,,,transactional,suggestion,invoice software
alldata invoice software,10,13.26,0.8,HIGH,,commercial,suggestion,invoice software
express invoice software crack,10,,,,,transactional,suggestion,invoice software
best free invoice generator software,10,,,,,commercial,suggestion,invoice software
best invoice software mac,10,,0.86,HIGH,4,commercial,suggestion,invoice software
invoice editing software,10,,,,61,commercial,suggestion,invoice software
invoice expert software,10,,,,,commercial,suggestion,invoice software
invoice software for iphone,10,,0,LOW,20,commercial,suggestion,invoice software
invoice printer software,10,,,,29,commercial,suggestion,invoice software
open source invoice-software github,10,,,,,commercial,suggestion,invoice software
best offline invoice software,10,,0.79,HIGH,,commercial,suggestion,invoice software
invoice book software,10,,,,51,commercial,suggestion,invoice software
invoice software demo,10,,,,42,commercial,suggestion,invoice software
best invoice software in india,10,34.43,0.81,HIGH,,commercial,suggestion,invoice software
free invoice software reddit,10,,0.19,LOW,,commercial,suggestion,invoice software
invoice format for software development services,10,,0.71,HIGH,0,commercial,suggestion,invoice software
invoice software reddit,10,,0.43,MEDIUM,,navigational,suggestion,invoice software
invoice design software free download,10,,,,45,transactional,suggestion,invoice software
sales invoice software free download,10,,,,58,transactional,suggestion,invoice software
purchase invoice approval software,10,,0.07,LOW,,transactional,suggestion,invoice approval|invoice software
invoice software nz,10,,,,12,commercial,suggestion,invoice software
electronic invoice software free,10,,,,,commercial,suggestion,invoice software
invoice portal software,10,12.48,0.71,HIGH,61,commercial,suggestion,invoice software
invoice maker software for pc,10,,,,,commercial,suggestion,invoice software
software services invoice,10,,,,37,commercial,suggestion,invoice software
invoice software best buy,10,,,,0,commercial,suggestion,invoice software
free gst invoice software,10,,0,LOW,,commercial,suggestion,invoice software
invoice and quote software small business free,10,,,,61,commercial,suggestion,invoice software
estimate and invoice software for mac,10,,,,48,commercial,suggestion,invoice software
what is the best free invoice software,10,26.37,0.86,HIGH,,commercial,suggestion,invoice software
invoice saas software,10,,,,13,commercial,idea|suggestion,"automated invoicing,invoice software,invoice management,invoice api|invoice software"
free download invoice maker software,10,4.48,0.86,HIGH,35,transactional,suggestion,invoice software
sale invoice software free download,10,,,,72,transactional,suggestion,invoice software
best garage invoice software,10,,,,,commercial,suggestion,invoice software
simple invoice software for pc,10,,,,,commercial,suggestion,invoice software
gst invoice online software free download,10,62.72,0.71,HIGH,,transactional,suggestion,invoice software
how to create invoice software in excel,10,,,,,informational,suggestion,invoice software
retail invoice software free,10,,0,LOW,,commercial,suggestion,invoice software
e invoice software cost,10,,,,,commercial,suggestion,invoice software
express invoice software free download,10,,0.86,HIGH,,transactional,suggestion,invoice software
best construction invoice software,10,35.16,0.81,HIGH,,commercial,suggestion,invoice software
invoice archiving software,10,,0.29,LOW,0,commercial,suggestion,invoice software
accounts payable invoice software,10,,0.57,MEDIUM,,commercial,suggestion,invoice software
software consultant invoice template,10,,0.43,MEDIUM,14,commercial,suggestion,invoice software
free uk invoice software,10,31.1,0.27,LOW,,commercial,suggestion,invoice software
invoice software reviews,10,,0.71,HIGH,21,commercial,suggestion,invoice software
free invoice and quote software download,10,,,,,transactional,suggestion,invoice software
online invoice software india,10,,,,,commercial,suggestion,invoice software
payment invoice software,10,,,,,commercial,suggestion,invoice software
free invoice software australia,10,,0.86,HIGH,,commercial,suggestion,invoice software
accounts payable invoice approval software,10,,0.19,LOW,,commercial,suggestion,invoice approval|invoice software
t-shirt invoice software,10,,,,,commercial,suggestion,invoice software
invoice entry software,10,,,,53,commercial,suggestion,invoice software
free trucking invoice software,10,12.09,0.71,HIGH,,commercial,suggestion,invoice software
aynax invoice software,10,,,,,transactional,suggestion,invoice software
invoice software free download full version,10,39.49,0.43,MEDIUM,31,transactional,suggestion,invoice software
invoice software with crack,10,,,,65,transactional,suggestion,invoice software
free online estimate and invoice software,10,,,,,commercial,suggestion,invoice software
free online invoice and quotation software,10,,,,,commercial,suggestion,invoice software
nch free invoice software,10,,,,,commercial,suggestion,invoice software
simple invoice software for mac,10,6.93,0.71,HIGH,,commercial,idea|suggestion,"automated invoicing,invoice software,invoice management,invoice api|invoice software"
express invoice by nch software registration code,10,,,,,transactional,suggestion,invoice software
invoice inventory software free,10,,,,37,commercial,suggestion,invoice software
basic invoice software free,10,19.75,0.86,HIGH,,commercial,suggestion,invoice software
invoice software with inventory,10,,,,9,commercial,suggestion,invoice software
e invoice software free download,10,,,,,transactional,suggestion,invoice software
busy accounting software invoice format,10,,,,,commercial,suggestion,invoice software
auto body invoice software,10,23.7,0.93,HIGH,,commercial,suggestion,invoice software
invoice software for landscaping,10,6.87,0.86,HIGH,14,commercial,suggestion,invoice software
excel invoice software,10,,0.95,HIGH,,commercial,suggestion,invoice software
invoice for software development,10,,0.29,LOW,2,commercial,suggestion,invoice software
parcel invoice auditing software,10,,,,,commercial,suggestion,invoice software
software development invoice,10,,0.29,LOW,0,commercial,suggestion,invoice software
ubuntu invoice software,10,,,,47,transactional,suggestion,invoice software
vat invoice software free download,10,,,,47,transactional,suggestion,invoice software
free trial invoice software,10,,0.81,HIGH,,commercial,suggestion,invoice software
express invoice invoicing software free,10,,,,,commercial,suggestion,invoice software
best invoice software free download,10,,,,,commercial,suggestion,invoice software
invoice software names,10,,0.46,MEDIUM,2,commercial,suggestion,invoice software
invoice for software development services,10,,,,0,commercial,suggestion,invoice software
towing invoice software,10,25.75,0.52,MEDIUM,39,commercial,suggestion,invoice software
invoice software staples,10,,0.14,LOW,0,commercial,suggestion,invoice software
general contractor invoice software,10,80.18,0.86,HIGH,12,commercial,suggestion,invoice software
sample invoice for software development,10,2.51,0.21,LOW,0,transactional,suggestion,invoice software
free invoice manager software,10,,,,66,commercial,suggestion,invoice software
due invoice software,10,,,,,commercial,suggestion,invoice software
free invoice software download for small business in india,10,,,,,commercial,suggestion,invoice software
isp invoice software,10,,,,,commercial,suggestion,invoice software
free construction invoice software,10,,0.43,MEDIUM,54,commercial,suggestion,invoice software
free software for invoice billing,10,21.9,0.82,HIGH,59,commercial,suggestion,invoice software
invoice software uae,10,,,,29,commercial,suggestion,invoice software
send invoice ebay app,10,,0.1,LOW,0,transactional,suggestion,invoice app
view invoice amazon app,10,,0,LOW,0,navigational,suggestion,invoice app
online invoice maker app,10,13.5,0.86,HIGH,,commercial,suggestion,invoice app
invoice on ebay app,10,,0,LOW,0,navigational,suggestion,invoice app
inventory and invoice app,10,,,,21,navigational,suggestion,invoice app
invoice and expenses app,10,,,,26,navigational,suggestion,invoice app
timesheet invoice app,10,7.29,0.86,HIGH,53,navigational,suggestion,invoice app
how to download invoice from jio app,10,,,,,informational,suggestion,invoice app
invoice making app for android,10,,,,7,commercial,suggestion,invoice app
can you send invoice on paypal app,10,,,,,informational,suggestion,invoice app
easy invoice app android,10,,,,,transactional,suggestion,invoice app
invoice app uk,10,,,,17,navigational,suggestion,invoice app
amazon app invoice download location,10,,0,LOW,,navigational,suggestion,invoice app
shopify invoice app free,10,,,,,informational,suggestion,invoice app
easy invoice manager app download,10,,,,,transactional,suggestion,invoice app
order printer pro: invoice app,10,,0,LOW,,transactional,suggestion,invoice app
invoice app on iphone,10,6.67,0.86,HIGH,12,informational,suggestion,invoice app
time tracking and invoice app free,10,,,,,transactional,suggestion,invoice app
stripe invoice app,10,3.66,0.5,MEDIUM,23,transactional,suggestion,invoice app
print invoice amazon app iphone,10,,,,,navigational,suggestion,invoice app
send invoice on ebay app,10,,0.14,LOW,0,transactional,suggestion,invoice app
easy invoice maker app free,10,,0.86,HIGH,,informational,suggestion,invoice app
create invoice on paypal app,10,3.84,0.39,MEDIUM,,transactional,suggestion,invoice app
apple app store invoice download,10,,0,LOW,,navigational,suggestion,invoice app
invoice and estimate maker app,10,,0.64,MEDIUM,25,informational,suggestion,invoice app
how to get order invoice from amazon app on iphone,10,,,,,informational,suggestion,invoice app
ebay app send invoice,10,,0.1,LOW,0,transactional,suggestion,invoice app
open invoice app,10,37.79,0.57,MEDIUM,49,transactional,suggestion,invoice app
invoice fly app free,10,10.59,0.46,MEDIUM,,transactional,suggestion,invoice app
how to find ebay invoice on app,10,,0,LOW,,informational,suggestion,invoice app
how to print invoice from ebay app on phone,10,,0,LOW,,informational,suggestion,invoice app
invoice organizer app,10,,0.86,HIGH,22,commercial,suggestion,invoice app
can't find invoice on amazon app,10,,,,0,navigational,suggestion,invoice app
request invoice ebay app,10,,0.04,LOW,18,transactional,suggestion,invoice app
easy invoice manager app,10,,,,,commercial,suggestion,invoice app
e invoice verification app download,10,,,,,transactional,suggestion,invoice app
app invoice template,10,,,,58,informational,suggestion,invoice app
macos invoice app,10,,,,,navigational,suggestion,invoice app
easy invoice app free,10,35.29,0.84,HIGH,,informational,suggestion,invoice app
best invoice and payment app for small business,10,122.23,0.6,MEDIUM,,commercial,suggestion,invoice app
ipad invoice app free,10,13.57,0.77,HIGH,13,transactional,suggestion,invoice app
order printer pro invoice app,10,,0,LOW,,transactional,suggestion,invoice app
free easy invoice app,10,10.66,0.81,HIGH,,commercial,suggestion,invoice app
best free invoice app for mac,10,,,,,commercial,suggestion,invoice app
how to print invoice from paypal app,10,,,,,informational,suggestion,invoice app
billing app gst invoice maker,10,,,,,transactional,suggestion,invoice app
invoice maker and billing app,10,89.73,0.7,HIGH,35,commercial,suggestion,invoice app
invoice bookipi app download,10,9.67,0.57,MEDIUM,,navigational,suggestion,invoice app
invoice creating app free,10,11.87,0.64,MEDIUM,,transactional,suggestion,invoice app
how to download invoice from boat app,10,,,,,informational,suggestion,invoice app
invoice bookipi app,10,,0.32,LOW,16,navigational,suggestion,invoice app
invoice one app,10,,,,23,transactional,suggestion,invoice app
best app for making invoice,10,5.66,0.86,HIGH,53,commercial,suggestion,invoice app
best invoice app shopify,10,,0.86,HIGH,45,commercial,suggestion,invoice app
react invoice app,10,,,,,commercial,suggestion,invoice app
invoice simple app for windows,10,,,,13,transactional,suggestion,invoice app
quick invoice app,10,25.44,0.81,HIGH,60,commercial,suggestion,invoice app
how to send an invoice on ebay mobile app,10,,0.29,LOW,,informational,suggestion,invoice app
how to get invoice from uber app,10,,0,LOW,,informational,suggestion,invoice app
trucking invoice app,10,18.23,0.57,MEDIUM,27,commercial,suggestion,invoice app
invoice from amazon app,10,,0,LOW,0,informational,suggestion,invoice app
scan invoice app,10,34.34,0.86,HIGH,46,transactional,suggestion,invoice app
invoice app for pc,10,,0.86,HIGH,,transactional,suggestion,invoice app
how to save invoice from amazon app,10,,0,LOW,,informational,suggestion,invoice app
the best free invoice app,10,11.78,0.82,HIGH,56,commercial,suggestion,invoice app
can't download invoice from amazon app,10,,,,,transactional,suggestion,invoice app
invoice app frontend mentor,10,,,,0,navigational,suggestion,invoice app
best invoice app ios,10,,,,,commercial,suggestion,invoice app
e invoice scanning app,10,,,,,transactional,suggestion,invoice app
uniform invoice lottery redemption app,10,,,,43,navigational,suggestion,invoice app
shein invoice on app,10,,,,,navigational,suggestion,invoice app
best invoice and quote app,10,37.38,0.86,HIGH,,commercial,suggestion,invoice app
amazon invoice in app,10,,,,0,navigational,suggestion,invoice app
can you send invoice through paypal app,10,,,,,informational,suggestion,invoice app
easy invoice app for windows,10,,,,,transactional,suggestion,invoice app
invoice app free android,10,,,,26,transactional,suggestion,invoice app
free invoice and quote app,10,25.87,0.86,HIGH,,informational,suggestion,invoice app
e invoice app download,10,,,,,transactional,suggestion,invoice app
invoice for app store purchase,10,,0,LOW,9,transactional,suggestion,invoice app
invoice maker harmful app,10,,,,13,informational,suggestion,invoice app
amazon invoice app,10,,,,0,transactional,suggestion,invoice app
best app for invoice making,10,74.5,0.82,HIGH,53,commercial,suggestion,invoice app
where is invoice in amazon app,10,,0,LOW,44,informational,suggestion,invoice app
apple invoice app,10,6,0.39,MEDIUM,39,navigational,suggestion,invoice app
invoice app mac,10,5.9,0.71,HIGH,5,transactional,suggestion,invoice app
view ebay invoice on app,10,,,,50,navigational,suggestion,invoice app
request invoice on ebay app,10,,,,0,transactional,suggestion,invoice app
text invoice app,10,,0.86,HIGH,,transactional,suggestion,invoice app
photography invoice app,10,,0,LOW,0,navigational,suggestion,invoice app
ebay app invoice,10,,,,,transactional,suggestion,invoice app
app store invoice email,10,,,,,informational,suggestion,invoice app
best free invoice app iphone,10,5.47,0.24,LOW,52,commercial,suggestion,invoice app
app store tax invoice,10,,,,,informational,suggestion,invoice app
free invoice app for ipad,10,13.57,0.77,HIGH,18,transactional,suggestion,invoice app
order invoice amazon app,10,,,,,transactional,suggestion,invoice app
how to send ebay invoice on app,10,,0,LOW,0,informational,suggestion,invoice app
how to send combined invoice on ebay app,10,,0,LOW,18,informational,suggestion,invoice app
paypal app send invoice,10,1.71,0.31,LOW,15,transactional,suggestion,invoice app
express invoice app,10,,0.71,HIGH,,transactional,suggestion,invoice app
where to find invoice on amazon app,10,,0,LOW,,informational,suggestion,invoice app
gst invoice mobile app,10,,,,,transactional,suggestion,invoice app
what is the best free invoice app for iphone,10,3.39,0.04,LOW,,commercial,suggestion,invoice app
zoho invoice desktop app,10,,0.05,LOW,53,navigational,idea|suggestion,"automated invoicing,invoice software,invoice management,invoice api|invoice app"
invoice simplio app,10,,,,,transactional,suggestion,invoice app
invoice to go app for mac,10,,,,7,navigational,suggestion,invoice app
best free invoice app for pc,10,,0.86,HIGH,,commercial,suggestion,invoice app
download invoice in amazon app,10,,,,0,transactional,suggestion,invoice app
invoice create app,10,19.66,0.86,HIGH,61,transactional,suggestion,invoice app
best mac invoice app,10,,0.86,HIGH,4,commercial,suggestion,invoice app
how to create a invoice on paypal app,10,,,,53,informational,suggestion,invoice app
best online invoice app,10,6.59,0.86,HIGH,,commercial,suggestion,invoice app
which invoice app is best,10,,0.84,HIGH,,commercial,suggestion,invoice app
invoice maker: estimate & invoice app for pc,10,,,,24,navigational,suggestion,invoice app
shopify invoice generator app,10,,0.07,LOW,,commercial,suggestion,invoice app
best invoice app for plumbers,10,43.98,0.86,HIGH,,commercial,suggestion,invoice app
zoho invoice app for pc,10,,,,53,navigational,suggestion,invoice app
invoice creator app free,10,21.35,0.8,HIGH,31,informational,suggestion,invoice app
invoice book app,10,6.15,0.79,HIGH,21,transactional,suggestion,invoice app
how to request an invoice on ebay app,10,,0.14,LOW,18,informational,suggestion,invoice app
what's the best invoice app,10,62.57,0.7,HIGH,59,commercial,suggestion,invoice app
app store the invoice department,10,,,,,navigational,suggestion,invoice app
ebay send invoice from app,10,,,,18,transactional,suggestion,invoice app
react invoice app github,10,,,,,navigational,suggestion,invoice app
invoice and billing app,10,,0.71,HIGH,61,commercial,suggestion,invoice app
invoice simple login app,10,,0.08,LOW,47,navigational,suggestion,invoice app
create paypal invoice on app,10,,,,53,transactional,suggestion,invoice app
zoho invoice app for windows,10,,0,LOW,,navigational,suggestion,invoice app
wave invoice app download,10,1.45,0.63,MEDIUM,53,navigational,suggestion,invoice app
invoice app free uk,10,,,,31,informational,suggestion,invoice app
sales invoice app,10,,,,,commercial,suggestion,invoice app
due invoice app,10,,0.64,MEDIUM,,transactional,suggestion,invoice app
what is the best invoice maker app,10,5.78,0.61,MEDIUM,,commercial,suggestion,invoice app
invoice app canada,10,,,,37,navigational,suggestion,invoice app
amazon invoice mobile app,10,,,,,transactional,suggestion,invoice app
how to download invoice from swiggy app,10,,0,LOW,,informational,suggestion,invoice app
how to pay invoice on paypal app,10,,0,LOW,2,informational,suggestion,invoice app
invoice app ireland,10,,,,0,navigational,suggestion,invoice app
crater invoice app,10,,0.86,HIGH,,transactional,suggestion,invoice app
best invoice bill app,10,,,,,commercial,suggestion,invoice app
easiest invoice app,10,55.06,0.67,HIGH,31,commercial,suggestion,invoice app
swift invoice app,10,,0.36,MEDIUM,47,navigational,suggestion,invoice app
e invoice qr code verify app,10,,,,,transactional,suggestion,invoice app
download invoice on amazon app,10,,,,0,transactional,suggestion,invoice app
how to send an invoice on square app,10,11.27,0.25,LOW,,informational,suggestion,invoice app
how to get invoice for app store purchase,10,,,,,transactional,suggestion,invoice app
invoice maker: billing manager app,10,,,,,commercial,suggestion,invoice app
receipt and invoice app,10,25.43,0.86,HIGH,56,transactional,suggestion,invoice app
invoice now app,10,,0.86,HIGH,23,transactional,suggestion,invoice app
invoice pricing app,10,6.66,0.7,HIGH,,commercial,suggestion,invoice app
how to send an invoice on paypal mobile app,10,,,,,informational,suggestion,invoice app
street invoice app,10,12.22,0.71,HIGH,,transactional,suggestion,invoice app
create invoice free app,10,6.68,0.82,HIGH,,transactional,suggestion,invoice app
how to create paypal invoice on app,10,,0.14,LOW,53,informational,suggestion,invoice app
e invoice verification app for android,10,,,,,transactional,suggestion,invoice app
invoice through cash app,10,39.35,0.51,MEDIUM,0,transactional,suggestion,invoice app
how to download invoice in amazon app,10,,0,LOW,1,informational,suggestion,invoice app
how to make an invoice on paypal app,10,4.75,0.69,HIGH,16,informational,suggestion,invoice app
free quote and invoice app,10,22.18,0.64,MEDIUM,,commercial,suggestion,invoice app
simple invoice maker app,10,,0.67,HIGH,21,transactional,suggestion,invoice app
invoice maker app for android,10,15.23,0.64,MEDIUM,7,transactional,suggestion,invoice app
invoice apple app store,10,,0,LOW,,navigational,suggestion,invoice app
https invoice zoho com app,10,,,,,navigational,suggestion,invoice app
e invoice qr code verification app,10,,,,50,transactional,suggestion,invoice app
how to pay an invoice on paypal app,10,,0,LOW,3,informational,suggestion,invoice app
lightning invoice app,10,,0.71,HIGH,,transactional,suggestion,invoice app
how to create an invoice on paypal mobile app,10,,0,LOW,,informational,suggestion,invoice app
invoice manager app free download,10,,,,,transactional,suggestion,invoice app
app for invoice making,10,22.44,0.83,HIGH,31,commercial,suggestion,invoice app
app invoice free,10,20.51,0.71,HIGH,58,informational,suggestion,invoice app
app development invoice,10,,0.19,LOW,,commercial,suggestion,invoice app
invoice app for laptop,10,,,,51,transactional,suggestion,invoice app
invoice app for android phone,10,,,,8,transactional,suggestion,invoice app
e-invoice verification app,10,,,,,transactional,suggestion,invoice app
react-invoice app,10,,,,,commercial,suggestion,invoice app
how to invoice on paypal app,10,,,,58,informational,suggestion,invoice app
invoice on amazon app,10,,0,LOW,0,navigational,suggestion,invoice app
invoice maker app bookipi,10,,0.29,LOW,,transactional,suggestion,invoice app
view amazon invoice in app,10,,,,0,navigational,suggestion,invoice app
download invoice amazon app,10,,0,LOW,0,transactional,suggestion,invoice app
invoice app apk,10,,,,4,transactional,suggestion,invoice app
pay invoice paypal app,10,2.41,0.29,LOW,,transactional,suggestion,invoice app
invoice to me app,10,,,,,transactional,suggestion,invoice app
free invoice app for freelancers,10,,0,LOW,,commercial,suggestion,invoice app
e invoice taiwan app,10,,,,,transactional,suggestion,invoice app
g suite invoice app,10,,,,,navigational,suggestion,invoice app
create an invoice paypal app,10,9.52,0.43,MEDIUM,,transactional,suggestion,invoice app
invoice builder app,10,26.9,0.36,MEDIUM,35,commercial,suggestion,invoice app
print invoice from amazon app iphone,10,,0,LOW,,transactional,suggestion,invoice app
how to create an invoice on ebay app,10,,0,LOW,32,informational,suggestion,invoice app
how to get amazon invoice on app,10,,0,LOW,1,informational,suggestion,invoice app
invoice fly app review,10,18.75,0.86,HIGH,,informational,suggestion,invoice app
print invoice from ebay app iphone,10,,0,LOW,,transactional,suggestion,invoice app
easy invoice app download,10,,,,,transactional,suggestion,invoice app
invoice maker simple app 2 go,10,,,,,transactional,suggestion,invoice app
free invoice billing app,10,10.15,0.86,HIGH,,commercial,suggestion,invoice app
how to view invoice on amazon mobile app,10,,0,LOW,,informational,suggestion,invoice app
invoice app for shopify,10,,0.43,MEDIUM,11,commercial,suggestion,invoice app
zoho invoice iphone app,10,,,,54,navigational,suggestion,invoice app
invoice app australia,10,,,,2,commercial,suggestion,invoice app
instant invoice app download,10,,,,0,navigational,suggestion,invoice app
inventory invoice app,10,,,,12,transactional,suggestion,invoice app
best free invoice app for ipad,10,,,,,commercial,suggestion,invoice app
get invoice from amazon app,10,,0,LOW,,transactional,suggestion,invoice app
invoice maker and billing app mod apk,10,,,,0,transactional,suggestion,invoice app
amazon app invoice download,10,,0,LOW,0,transactional,suggestion,invoice app
amazon app print invoice not working,10,,0,LOW,,navigational,suggestion,invoice app
e-invoice qr code app,10,,,,,transactional,suggestion,invoice app
app for generating invoice,10,,0.86,HIGH,53,commercial,suggestion,invoice app
creating invoice on paypal app,10,,,,,transactional,suggestion,invoice app
download free invoice maker app,10,,,,,transactional,suggestion,invoice app
how to get an invoice from amazon app,10,,0,LOW,1,informational,suggestion,invoice app
best invoice and receipt app,10,51.53,0.81,HIGH,,commercial,suggestion,invoice app
ebay request invoice mobile app,10,,0,LOW,,navigational,suggestion,invoice app
amazon invoice download from app,10,,,,0,transactional,suggestion,invoice app
send an invoice on ebay app,10,,0.11,LOW,0,transactional,suggestion,invoice app
free invoice app mac,10,,0.86,HIGH,,transactional,suggestion,invoice app
best free invoice app australia,10,,0,LOW,,commercial,suggestion,invoice app
service invoice app,10,52.51,0.39,MEDIUM,29,commercial,suggestion,invoice app
best invoice app canada,10,,,,,commercial,suggestion,invoice app
best invoice and payment app,10,,0.86,HIGH,62,commercial,suggestion,invoice app
best free invoice maker app for android,10,20.13,0.69,HIGH,,commercial,suggestion,invoice app
invoice ninja app key,10,,0,LOW,,transactional,suggestion,invoice app
invoice ninja app self-hosted,10,,,,12,navigational,suggestion,invoice app
invoice simple app store,10,,0,LOW,47,navigational,suggestion,invoice app
invoice generator app for android,10,,,,15,transactional,suggestion,invoice app
free invoice bill app,10,10.15,0.86,HIGH,,transactional,suggestion,invoice app
microsoft invoice app,10,,0.79,HIGH,57,transactional,suggestion,invoice app
e invoice mobile app,10,22.26,0.86,HIGH,,transactional,suggestion,invoice app
no invoice option in amazon app,10,,,,,informational,suggestion,invoice app
invoice fly app price,10,9.55,0.59,MEDIUM,0,commercial,suggestion,invoice app
how to cancel invoice on paypal app,10,,0,LOW,0,informational,suggestion,invoice app
the best invoice app for iphone,10,7.28,0.86,HIGH,8,commercial,suggestion,invoice app
amazon app invoice,10,,0,LOW,0,informational,suggestion,invoice app
invoice maker app store,10,,0.76,HIGH,49,transactional,suggestion,invoice app
cake invoice app,10,,,,,transactional,suggestion,invoice app
free invoice app south africa,10,,,,,transactional,suggestion,invoice app
invoice tracking app,10,93.51,0.37,MEDIUM,64,commercial,suggestion,invoice app
how to get an invoice from ebay app,10,,0,LOW,,informational,suggestion,invoice app
invoice simple app for pc,10,,,,11,transactional,suggestion,invoice app
simple invoice manager app,10,,0.12,LOW,,transactional,suggestion,invoice app
invoice and inventory app,10,,0.43,MEDIUM,9,commercial,suggestion,invoice app
best invoice app reddit,10,6.65,0.33,LOW,,commercial,suggestion,invoice app
fiverr invoice app,10,,0.86,HIGH,,transactional,suggestion,invoice app
app to generate invoice,10,11.11,0.78,HIGH,53,commercial,suggestion,invoice app
android invoice app source code,10,,,,,informational,suggestion,invoice app
easy free invoice app,10,24.39,0.57,MEDIUM,,informational,suggestion,invoice app
invoice app free download,10,,1,HIGH,49,transactional,suggestion,invoice app
send invoice through cash app,10,,0.05,LOW,,transactional,suggestion,invoice app
gst invoice app free download,10,,,,,navigational,suggestion,invoice app
how to print invoice from quickbooks app,10,,0,LOW,0,informational,suggestion,invoice app
invoice simple app review,10,,0.86,HIGH,18,informational,suggestion,invoice app
download amazon invoice from app,10,,0,LOW,0,transactional,suggestion,invoice app
print invoice from amazon mobile app,10,,0,LOW,,transactional,suggestion,invoice app
subcontractor invoice app,10,,0,LOW,,commercial,suggestion,invoice app
how to get invoice from app store,10,,,,,informational,suggestion,invoice app
how to get invoice from amazon app iphone,10,,,,,informational,suggestion,invoice app
how to request invoice on ebay app,10,,0.03,LOW,0,informational,suggestion,invoice app
how to download invoice from ebay app,10,,,,,informational,suggestion,invoice app
100 free invoice app,10,24.4,0.64,MEDIUM,,transactional,suggestion,invoice app
invoice in amazon app,10,,,,0,navigational,suggestion,invoice app
invoice ninja react web app,10,,,,,informational,suggestion,invoice app
invoice2go invoice app android,10,,,,,navigational,suggestion,invoice app
invoice discounting app,10,,,,7,commercial,suggestion,invoice app
best free invoice app uk,10,,,,,commercial,suggestion,invoice app
how to mark invoice as paid in quickbooks app,10,,0,LOW,,informational,suggestion,invoice app
wise invoice app,10,,,,0,transactional,suggestion,invoice app
quickbooks app invoice,10,,1,HIGH,32,transactional,suggestion,invoice app
totally free invoice app,10,7.62,0.84,HIGH,58,informational,suggestion,invoice app
invoice app free for android,10,87.29,0.84,HIGH,26,informational,suggestion,invoice app
how to create an invoice on cash app,10,26.26,0.49,MEDIUM,33,informational,suggestion,invoice app
invoice app react,10,,,,0,navigational,suggestion,invoice app
myob invoice app,10,,,,,transactional,suggestion,invoice app
best invoice app for shopify,10,,0.86,HIGH,45,commercial,suggestion,invoice app
best invoice app for electrical contractor,10,,,,,commercial,suggestion,invoice app
offline invoice app,10,,,,,transactional,suggestion,invoice app
invoice capture app,10,,0.86,HIGH,10,transactional,suggestion,invoice app
invoice home app download,10,1.75,0.49,MEDIUM,8,navigational,suggestion,invoice app
invoice shopify app,10,,0.34,MEDIUM,11,navigational,suggestion,invoice app
how to find invoice on ebay app,10,,,,,informational,suggestion,invoice app
vyapar invoice billing app,10,,0.36,MEDIUM,,transactional,suggestion,invoice app
how to share invoice from amazon app,10,,0,LOW,,informational,suggestion,invoice app
best invoice app australia,10,,,,,commercial,suggestion,invoice app
pdf invoice app,10,,,,,transactional,suggestion,invoice app
free unlimited invoice app,10,7.38,0.86,HIGH,,transactional,suggestion,invoice app
my invoice app,10,8.58,0.46,MEDIUM,,navigational,suggestion,invoice app
how to get invoice from jio app,10,,0,LOW,,informational,suggestion,invoice app
best invoice app for sole trader,10,,,,,commercial,suggestion,invoice app
free ipad invoice app,10,13.57,0.77,HIGH,12,transactional,suggestion,invoice app
custom invoice app,10,16.69,0.82,HIGH,,commercial,suggestion,invoice app
can t find invoice on amazon app,10,,,,,informational,suggestion,invoice app
uni invoice app,10,,,,,navigational,suggestion,invoice app
how to mark an invoice as paid on quickbooks app,10,,,,,informational,suggestion,invoice app
amazon invoice on mobile app,10,,,,,navigational,suggestion,invoice app
invoice simple app free,10,,0.86,HIGH,47,informational,suggestion,invoice app
free invoice and payment app,10,41.97,0.73,HIGH,,commercial,suggestion,invoice app
invoice app design,10,7.51,0.86,HIGH,0,commercial,suggestion,invoice app
invoice reader app,10,,0.79,HIGH,11,transactional,suggestion,invoice app
best invoice app uk,10,,,,,commercial,suggestion,invoice app
what's the best free invoice app,10,36.11,0.82,HIGH,,commercial,suggestion,invoice app
invoice maker app iphone,10,,0.86,HIGH,21,informational,suggestion,invoice app
free invoice and quotation app,10,25.87,0.86,HIGH,,informational,suggestion,invoice app
invoice fly app download,10,5.95,0.62,MEDIUM,,transactional,suggestion,invoice app
best invoice app india,10,,,,,commercial,suggestion,invoice app
how to download invoice from dominos app,10,,,,,informational,suggestion,invoice app
download invoice app,10,94.18,0.76,HIGH,63,transactional,suggestion,invoice app
paypal invoice not showing up in app,10,,,,,informational,suggestion,invoice app
timesheet and invoice app,10,7.29,0.86,HIGH,,navigational,suggestion,invoice app
invoice app download,10,94.18,0.76,HIGH,62,transactional,suggestion,invoice app
what's the best invoice app for android,10,,0.86,HIGH,,commercial,suggestion,invoice app
invoice home app free download,10,7.32,0.64,MEDIUM,,navigational,suggestion,invoice app
how to download invoice from amazon app on iphone,10,,,,0,informational,suggestion,invoice app
send invoice cash app,10,19.09,0.6,MEDIUM,38,transactional,suggestion,invoice app
invoice app for windows,10,,0,LOW,24,transactional,suggestion,invoice app
create invoice paypal app,10,3.84,0.39,MEDIUM,69,transactional,suggestion,invoice app
mac invoice app,10,5.9,0.71,HIGH,0,transactional,suggestion,invoice app
self-employed invoice app,10,,0.86,HIGH,54,commercial,suggestion,invoice app
best invoice scanning app,10,,,,,commercial,suggestion,invoice app
best simple invoice app,10,21.42,0.82,HIGH,,commercial,suggestion,invoice app
tiny invoice app for windows,10,,,,,transactional,suggestion,invoice app
app free invoice builder,10,,,,,commercial,suggestion,invoice app
invoice cash app,10,26.13,0.58,MEDIUM,0,transactional,suggestion,invoice app
which is the best invoice app,10,,,,,commercial,suggestion,invoice app
invoice app for windows 10,10,,,,17,transactional,suggestion,invoice app
zoho invoice app review,10,,0.26,LOW,,informational,suggestion,invoice app
best free small business invoice app,10,,,,58,commercial,suggestion,invoice app
can you invoice through cash app,10,,0.04,LOW,,informational,suggestion,invoice app
paypal invoice mobile app,10,,0.57,MEDIUM,50,transactional,suggestion,invoice app
how to get invoice from airtel app,10,,0,LOW,,informational,suggestion,invoice app
amazon invoice in mobile app,10,,,,,navigational,suggestion,invoice app
how to print amazon invoice from iphone app,10,,0,LOW,0,informational,suggestion,invoice app
invoice reminder app,10,,,,5,transactional,suggestion,invoice app|invoice reminder
tradie invoice app,10,33.44,0.71,HIGH,,navigational,suggestion,invoice app
free lawn care invoice app,10,29.52,0.75,HIGH,,transactional,suggestion,invoice app
invoice and scheduling app,10,,0.86,HIGH,78,commercial,suggestion,invoice app
online invoice app free,10,,0.86,HIGH,53,informational,suggestion,invoice app
best invoice app mac,10,,0.86,HIGH,4,commercial,suggestion,invoice app
best invoice app for tradies,10,,,,,commercial,suggestion,invoice app
can you create an invoice on cash app,10,3.79,0.45,MEDIUM,,informational,suggestion,invoice app
free invoice app australia,10,,,,,informational,suggestion,invoice app
invoice wave app,10,,0.86,HIGH,29,transactional,suggestion,invoice app
mobile app invoice template,10,,,,,informational,suggestion,invoice app
online invoice generator app,10,,,,,commercial,suggestion,invoice app
free invoice app ios,10,,0,LOW,,transactional,suggestion,invoice app
invoice app android free,10,,0.86,HIGH,26,informational,suggestion,invoice app
best hvac invoice app,10,107.05,0.81,HIGH,,commercial,suggestion,invoice app
trade invoice app,10,,0.71,HIGH,,commercial,suggestion,invoice app
invoice maker billing app free download,10,5.23,0.86,HIGH,33,navigational,suggestion,invoice app
free invoice estimate app,10,,0.79,HIGH,,commercial,suggestion,invoice app
work invoice app,10,,0.86,HIGH,63,transactional,suggestion,invoice app
how to use invoice app,10,6.25,0.57,MEDIUM,,informational,suggestion,invoice app
sending invoice on ebay app,10,,0.14,LOW,0,transactional,suggestion,invoice app
simple invoice app for android,10,,,,,transactional,suggestion,invoice app
job invoice app,10,29.91,0.49,MEDIUM,,commercial,suggestion,invoice app
how to invoice on ebay app,10,,0.11,LOW,,informational,suggestion,invoice app
best ios invoice app,10,,0.86,HIGH,,commercial,suggestion,invoice app
best free invoice maker app for iphone,10,5.08,0.69,HIGH,,commercial,suggestion,invoice app
flutter invoice app github,10,,,,,navigational,suggestion,invoice app
best invoice app for pc,10,,,,,commercial,suggestion,invoice app
invoice app for mac,10,,0.49,MEDIUM,7,transactional,suggestion,invoice app
how to download invoice from lenskart app,10,,,,,informational,suggestion,invoice app
how to find invoice on amazon app,10,,0,LOW,0,informational,suggestion,invoice app
invoice bill app,10,33.18,0.83,HIGH,66,transactional,suggestion,invoice app
how to download invoice from airtel app,10,,,,,informational,suggestion,invoice app
send invoice app,10,103.44,0.82,HIGH,44,transactional,suggestion,invoice app
quicken invoice app,10,,,,,transactional,suggestion,invoice app
nextcloud invoice app,10,,0.43,MEDIUM,,navigational,suggestion,invoice app
how to amend an invoice on ebay app,10,,0,LOW,52,informational,suggestion,invoice app
mobile app development invoice,10,,0,LOW,,commercial,suggestion,invoice app
invoice mac app,10,,0.64,MEDIUM,0,transactional,suggestion,invoice app
printable invoice app,10,8.25,0.86,HIGH,,transactional,suggestion,invoice app
free invoice app for mac,10,,0.29,LOW,53,transactional,suggestion,invoice app
best plumbing invoice app,10,22.32,0.86,HIGH,,informational,suggestion,invoice app
free app invoice maker,10,,,,53,commercial,suggestion,invoice app
how to view invoice in amazon app,10,,0,LOW,0,informational,suggestion,invoice app
pest control invoice app,10,,0,LOW,14,transactional,suggestion,invoice app
best quote and invoice app,10,7.84,0.86,HIGH,,commercial,suggestion,invoice app
how to get amazon invoice from app,10,,0,LOW,0,informational,suggestion,invoice app
best invoice creator app,10,18.19,0.86,HIGH,,commercial,suggestion,invoice app
free invoice app uk,10,,,,,informational,suggestion,invoice app
invoice ninja app self hosted,10,,,,12,navigational,suggestion,invoice app
easy invoice app for ipad,10,,,,,transactional,suggestion,invoice app
amazon invoice on app,10,,0,LOW,0,navigational,suggestion,invoice app
shopify free invoice app,10,,0,LOW,,informational,suggestion,invoice app
free invoice app for pc,10,35.63,0.86,HIGH,,transactional,suggestion,invoice app
gst invoice maker app,10,,,,,transactional,suggestion,invoice app
best invoice maker app for iphone,10,8.67,0.86,HIGH,,commercial,suggestion,invoice app
invoice app store,10,,0.57,MEDIUM,43,transactional,suggestion,invoice app
laravel invoice app,10,,,,,commercial,suggestion,invoice app
vyapar app invoice,10,,,,,navigational,suggestion,invoice app
invoice generator app free,10,35.15,0.7,HIGH,44,informational,suggestion,invoice app
can t print invoice from amazon app,10,,,,,transactional,suggestion,invoice app
invoice approval app,10,14.36,0.39,MEDIUM,7,transactional,suggestion,invoice app|invoice approval
send invoice square app,10,,0.19,LOW,,transactional,suggestion,invoice app
invoice app for business,10,20.57,0.86,HIGH,58,transactional,suggestion,invoice app
apple app store invoice,10,,0,LOW,,transactional,suggestion,invoice app
invoice sample app,10,14.46,0.86,HIGH,26,informational,suggestion,invoice app
invoice bill app download,10,,,,49,transactional,suggestion,invoice app
best shopify invoice app,10,,,,,commercial,suggestion,invoice app
invoice web app,10,,,,70,commercial,suggestion,invoice app
tax invoice app,10,,,,,transactional,suggestion,invoice app
how do i get an invoice from amazon app,10,,0,LOW,,informational,suggestion,invoice app
best invoice app for iphone free,10,,,,52,commercial,suggestion,invoice app
app store invoice pdf,10,,0.5,MEDIUM,,informational,suggestion,invoice app
invoice app ui design,10,,0,LOW,0,navigational,suggestion,invoice app
xero invoice app,10,19.2,0.68,HIGH,55,transactional,suggestion,invoice app
zoho invoice android app,10,,,,54,navigational,suggestion,invoice app
how to get invoice from apple app store,10,,,,,informational,suggestion,invoice app
how to find amazon invoice on app,10,,0,LOW,,informational,suggestion,invoice app
invoice app that syncs with quickbooks,10,,,,0,informational,suggestion,invoice app
free invoice mobile app,10,,,,,transactional,suggestion,invoice app
app development invoice example,10,,,,,informational,suggestion,invoice app
invoice ebay app,10,,,,0,transactional,suggestion,invoice app
invoice app for self employed,10,,0.86,HIGH,20,commercial,suggestion,invoice app
how to delete an invoice on paypal app,10,,0,LOW,22,informational,suggestion,invoice app
invoice maker estimate and invoice app,10,,,,25,commercial,suggestion,invoice app
instant invoice app,10,25.94,0.81,HIGH,0,transactional,suggestion,invoice app
speed invoice app,10,,0.71,HIGH,55,navigational,suggestion,invoice app
invoice editing app,10,,,,49,commercial,suggestion,invoice app
invoice app free iphone,10,,,,7,transactional,suggestion,invoice app
ebay invoice on app,10,,0,LOW,,navigational,suggestion,invoice app
invoice quick app,10,,,,21,transactional,suggestion,invoice app
vyapar invoice app,10,,0,LOW,,transactional,suggestion,invoice app
how to print invoice from amazon mobile app,10,,0,LOW,24,informational,suggestion,invoice app
invoice app github,10,,0.57,MEDIUM,12,navigational,suggestion,invoice app
how to download uber invoice from app,10,,,,,informational,suggestion,invoice app
e invoice qr code app,10,,,,,transactional,suggestion,invoice app
send ebay invoice on app,10,,,,18,transactional,suggestion,invoice app
how to use wave invoice app,10,,,,,informational,suggestion,invoice app
free ios invoice app,10,1.14,0.86,HIGH,,transactional,suggestion,invoice app
invoice maker app for pc,10,48.37,0.7,HIGH,33,transactional,suggestion,invoice app
zoho invoice maker app,10,,0.46,MEDIUM,,transactional,suggestion,invoice app
best mobile invoice app,10,49.17,0.79,HIGH,,commercial,suggestion,invoice app
best free invoice generator app,10,9.25,0.83,HIGH,,commercial,suggestion,invoice app
create supplier invoice fiori app,10,,0,LOW,,transactional,suggestion,invoice app
how to make invoice app,10,,,,,informational,suggestion,invoice app
best invoice making app,10,13.41,0.81,HIGH,53,commercial,suggestion,invoice app
app invoice maker,10,5.6,0.67,HIGH,49,commercial,suggestion,invoice app
best invoice maker app free,10,11.17,0.82,HIGH,58,commercial,suggestion,invoice app
how to get invoice from ebay app on iphone,10,,,,,informational,suggestion,invoice app
gst invoice app,10,,,,,transactional,suggestion,invoice app
invoice generator app for pc,10,,,,20,transactional,suggestion,invoice app
best invoice app for self-employed,10,,0.86,HIGH,,commercial,suggestion,invoice app
smart invoice app,10,15.17,0.1,LOW,,commercial,suggestion,invoice app|smart invoice
free handyman invoice app,10,11.79,0.82,HIGH,50,navigational,suggestion,invoice app
how to view ebay invoice on app,10,,0,LOW,,informational,suggestion,invoice app
zoho invoice app download for pc,10,,0.14,LOW,,navigational,suggestion,invoice app
invoice creating app,10,19.66,0.86,HIGH,61,commercial,suggestion,invoice app
best invoice app for tradesmen,10,,,,,commercial,suggestion,invoice app
wave invoice app review,10,4.19,0.81,HIGH,,navigational,suggestion,invoice app
is there a free invoice maker app,10,8.75,0.81,HIGH,25,informational,suggestion,invoice app
invoice app reviews,10,,0.29,LOW,25,commercial,suggestion,invoice app
invoice generator free app,10,,0,LOW,44,transactional,suggestion,invoice app
invoice manager app for pc,10,,,,0,transactional,suggestion,invoice app
invoice maker estimate & invoice app for pc,10,,,,21,commercial,suggestion,invoice app
node js invoice app,10,,,,,commercial,suggestion,invoice app
small business invoice app free,10,5.19,0.73,HIGH,60,informational,suggestion,invoice app
how to send invoice on cash app,10,8.44,0.24,LOW,33,informational,suggestion,invoice app
how to view invoice on amazon app on iphone,10,,0,LOW,,informational,suggestion,invoice app
invoice editor app,10,,,,41,navigational,suggestion,invoice app
how to download invoice from decathlon app,10,,,,,informational,suggestion,invoice app
office 365 invoice app,10,,,,,transactional,suggestion,invoice app
albert invoice app,10,,,,,navigational,suggestion,invoice app
how to get invoice from shein app on iphone,10,,,,,informational,suggestion,invoice app
free invoice app ipad,10,13.57,0.77,HIGH,11,transactional,suggestion,invoice app
angular invoice app,10,,,,,commercial,suggestion,invoice app
how to get invoice on amazon mobile app,10,,,,,informational,suggestion,invoice app
invoice app wave,10,7.63,0.71,HIGH,29,transactional,suggestion,invoice app
simple free invoice app,10,8.19,0.69,HIGH,,commercial,suggestion,invoice app
best free invoice app for windows 10,10,,,,,commercial,suggestion,invoice app
e invoice verification app,10,,,,,transactional,suggestion,invoice app
free invoice app for windows,10,,,,,transactional,suggestion,invoice app
app simple invoice,10,0.01,0.71,HIGH,15,transactional,suggestion,invoice app
how do i pay an invoice on paypal app,10,,0,LOW,3,informational,suggestion,invoice app
how to send an invoice through square app,10,7.79,0.19,LOW,,informational,suggestion,invoice app
falcon invoice discounting app,10,,,,,commercial,suggestion,invoice app
how to download invoice from porter app,10,,0,LOW,,informational,suggestion,invoice app
send invoice on paypal app,10,1.71,0.31,LOW,33,transactional,suggestion,invoice app
invoice maker app for windows 10,10,,,,13,transactional,suggestion,invoice app
free invoice generator app for pc,10,,,,,transactional,suggestion,invoice app
free simple invoice app,10,4.98,0.82,HIGH,,informational,suggestion,invoice app
free invoice generator app for android,10,14.68,0.81,HIGH,,commercial,suggestion,invoice app
how to get ola invoice online without app,10,,,,,informational,suggestion,invoice app
how to send invoice in paypal app,10,,0.29,LOW,24,informational,suggestion,invoice app
can t download invoice from amazon app,10,,,,,informational,suggestion,invoice app
invoice amazon app,10,,0,LOW,0,navigational,suggestion,invoice app
invoice maker app android,10,,1,HIGH,10,transactional,suggestion,invoice app
best free quote and invoice app,10,38.43,0.79,HIGH,,commercial,suggestion,invoice app
how to generate e invoice in vyapar app,10,,,,,informational,suggestion,invoice app
easy invoice app for pc,10,,,,65,transactional,idea|suggestion,"automated invoicing,invoice software,invoice management,invoice api|invoice app"
invoice quote app,10,,,,13,commercial,suggestion,invoice app
bookipi invoice app free download,10,,0.57,MEDIUM,,transactional,suggestion,invoice app
invoice maker app free download for pc,10,23.25,0.86,HIGH,,transactional,suggestion,invoice app
invoice billing app,10,33.18,0.83,HIGH,50,commercial,suggestion,invoice app
how to download invoice from amazon mobile app,10,,0,LOW,24,informational,suggestion,invoice app
invoice maker billing manager app,10,,,,,transactional,suggestion,invoice app
free invoice generator app for iphone,10,5.25,0.86,HIGH,,commercial,suggestion,invoice app
what is the easiest invoice app to use,10,,0.86,HIGH,,informational,suggestion,invoice app
best estimate and invoice app,10,60.38,0.63,MEDIUM,35,commercial,suggestion,invoice app
how to cancel an invoice on paypal app,10,,0,LOW,0,informational,suggestion,invoice app
invoice pdf app,10,,,,21,transactional,suggestion,invoice app
invoice discounting app india,10,,,,,commercial,suggestion,invoice app
free invoice app nz,10,,,,,transactional,suggestion,invoice app
best invoice app for mac,10,,0.86,HIGH,4,commercial,suggestion,invoice app
can i download invoice from amazon app,10,,,,,informational,suggestion,invoice app
invoice 360 app,10,,,,,transactional,suggestion,invoice app
wix invoice app,10,26.77,0.64,MEDIUM,49,transactional,suggestion,invoice app
ndis invoice app,10,,,,,transactional,suggestion,invoice app
vue invoice app,10,,,,,commercial,suggestion,invoice app
how to download invoice from uber app,10,,,,,informational,suggestion,invoice app
proforma invoice app,10,,,,,transactional,suggestion,invoice app
moon invoice app,10,,0.46,MEDIUM,,transactional,suggestion,invoice app
taiwan invoice lottery app,10,,,,,informational,suggestion,invoice app
best invoice app nz,10,,,,,commercial,suggestion,invoice app
towing invoice app,10,,0.86,HIGH,0,navigational,suggestion,invoice app
invoice-app github,10,,0.57,MEDIUM,,navigational,suggestion,invoice app
how to use invoice maker app,10,,0.43,MEDIUM,,informational,suggestion,invoice app
how to view invoice on ebay app,10,,0,LOW,,informational,suggestion,invoice app
invoice app australia free,10,,,,,informational,suggestion,invoice app
invoice app logo,10,,0,LOW,18,transactional,suggestion,invoice app
app store connect invoice,10,,,,,navigational,suggestion,invoice app
how to download recharge invoice from jio app,10,,,,,informational,suggestion,invoice app
print invoice from ebay app,10,,,,,transactional,suggestion,invoice app
best construction invoice app,10,89.74,0.76,HIGH,44,commercial,suggestion,invoice app
app for making invoice,10,,,,31,commercial,suggestion,invoice app
invoice generator app iphone,10,,,,24,transactional,suggestion,invoice app
invoice to go app download,10,,0.57,MEDIUM,6,navigational,suggestion,invoice app
how to get invoice from shein app,10,,,,,informational,suggestion,invoice app
how to send a combined invoice on ebay app,10,,0,LOW,1,informational,suggestion,invoice app
invoice making app free,10,,0.86,HIGH,36,informational,suggestion,invoice app
harvest invoice app,10,,0.37,MEDIUM,54,navigational,suggestion,invoice app
paypal invoice in app,10,,0.57,MEDIUM,22,informational,suggestion,invoice app
invoice simple estimate maker app,10,,0,LOW,21,informational,suggestion,invoice app
amazon order invoice from app,10,,0,LOW,,transactional,suggestion,invoice app
clover go invoice app,10,,,,,navigational,suggestion,invoice app
easy invoice manager app for pc,10,,,,,commercial,suggestion,invoice app
which is the best free invoice app,10,,0,LOW,,commercial,suggestion,invoice app
amazon print invoice from app,10,,0,LOW,1,transactional,suggestion,invoice app
invoice to go free app,10,,0.86,HIGH,15,transactional,suggestion,invoice app
what is invoice app,10,,0.33,MEDIUM,,informational,suggestion,invoice app
zoho invoice windows app,10,,,,,navigational,suggestion,invoice app
best invoice app for self employed,10,,0.86,HIGH,,commercial,suggestion,invoice app
simple invoice shopify app,10,,0,LOW,,navigational,suggestion,invoice app
can you create invoice on paypal app,10,6.53,0.43,MEDIUM,,informational,suggestion,invoice app
harvest app invoice,10,,0.37,MEDIUM,54,navigational,suggestion,invoice app
download free invoice app,10,,,,,transactional,suggestion,invoice app
invoice maker app free download,10,,0.71,HIGH,21,transactional,suggestion,invoice app
best invoice app for tradesmen australia,10,,0,LOW,,commercial,suggestion,invoice app
free invoice and receipt app,10,15.27,0.86,HIGH,,transactional,suggestion,invoice app
how to get invoice from aliexpress app,10,,0,LOW,,informational,suggestion,invoice app
paypal app pay invoice,10,2.41,0.29,LOW,,transactional,suggestion,invoice app
app invoice to go,10,,0,LOW,11,transactional,suggestion,invoice app
invoice app reddit,10,,0.18,LOW,,navigational,suggestion,invoice app
send combined invoice ebay app,10,,0,LOW,,transactional,suggestion,invoice app
best business invoice app,10,35.31,0.81,HIGH,,commercial,suggestion,invoice app
wave invoice app free,10,2.52,0.63,MEDIUM,,transactional,suggestion,invoice app
invoice maker & receipt app,10,,,,,transactional,suggestion,invoice app
get invoice on amazon app,10,,,,,transactional,suggestion,invoice app
invoice ninja desktop app,10,,0.2,LOW,56,navigational,suggestion,invoice app
invoice ninja app secret,10,,,,,informational,suggestion,invoice app
invoice and billing app free download,10,,,,55,navigational,suggestion,invoice app
invoice bee app,10,,0.61,MEDIUM,0,navigational,suggestion,invoice app
get invoice simple app,10,39.82,0.71,HIGH,,transactional,suggestion,invoice app
invoice simple app cost,10,2.33,0.57,MEDIUM,12,informational,suggestion,invoice app
mobile invoice app android,10,,,,,transactional,suggestion,invoice app
invoice maker pro app,10,,0.29,LOW,26,commercial,suggestion,invoice app
send invoice from ebay app,10,,0.1,LOW,0,transactional,suggestion,invoice app
quote invoice app,10,13.89,0.86,HIGH,,transactional,suggestion,invoice app
invoice app download free,10,,,,,transactional,suggestion,invoice app
send invoice paypal app,10,1.71,0.31,LOW,33,transactional,suggestion,invoice app
invoice control app,10,,,,,commercial,suggestion,invoice app
odoo invoice app,10,,0.25,LOW,,navigational,suggestion,invoice app
free invoice app reddit,10,13.52,0.57,MEDIUM,,informational,suggestion,invoice app
amazon app view invoice,10,,0,LOW,0,navigational,suggestion,invoice app
invoice and receipt generator app,10,,,,21,transactional,suggestion,invoice app
invoice app ios,10,22.85,0.79,HIGH,17,transactional,suggestion,invoice app
simple invoice app iphone,10,,,,53,informational,suggestion,invoice app
invoice maker billing manager app free download,10,,,,,commercial,suggestion,invoice app
mobile invoice app free,10,,,,,informational,suggestion,invoice app
invoice maker app download,10,3.72,0.76,HIGH,33,transactional,suggestion,invoice app
skynova invoice app,10,,,,0,navigational,suggestion,invoice app
self employed invoice app,10,,0.86,HIGH,54,commercial,suggestion,invoice app
what is the best invoice app for iphone,10,,0.06,LOW,42,commercial,suggestion,invoice app
free invoice web app,10,,,,,commercial,suggestion,invoice app
create invoice app free,10,8,0.71,HIGH,,transactional,suggestion,invoice app
django invoice app,10,,,,,commercial,suggestion,invoice app
app to edit invoice,10,,0.57,MEDIUM,,transactional,suggestion,invoice app
ios invoice app,10,22.85,0.79,HIGH,17,transactional,suggestion,invoice app
tiny invoice app login,10,,,,,navigational,suggestion,invoice app
send invoice ebay android app,10,,,,,transactional,suggestion,invoice app
invoice app for pc free,10,,,,51,transactional,suggestion,invoice app
amazon invoice from app,10,,0,LOW,0,navigational,suggestion,invoice app
best invoice maker app for android,10,,,,,commercial,suggestion,invoice app
how to get invoice from amazon mobile app,10,,,,24,informational,suggestion,invoice app
aynax invoice app,10,,0.71,HIGH,,transactional,suggestion,invoice app
roofing invoice app,10,,0,LOW,,navigational,suggestion,invoice app
magento 2 api create invoice,10,,0,LOW,,transactional,suggestion,invoice api
xero invoice api documentation,10,,0,LOW,45,informational,suggestion,invoice api
xero api documentation invoice,10,,,,45,informational,suggestion,invoice api
authorize.net invoice api,10,,,,,informational,suggestion,invoice api
recurly::invoice api,10,,0.14,LOW,,informational,suggestion,invoice api
quickbooks create invoice api,10,28.59,0.14,LOW,36,transactional,suggestion,invoice api
invoice express api,10,,,,2,commercial,suggestion,invoice api
stripe upcoming invoice api,10,,0,LOW,,navigational,suggestion,invoice api
api to create ar invoice in oracle apps,10,,,,,transactional,suggestion,invoice api
generate invoice api,10,,,,4,commercial,suggestion,invoice api
magento invoice api,10,,,,,commercial,suggestion,invoice api
stripe api get invoice pdf,10,,,,,informational,suggestion,invoice api
green invoice api,10,,,,16,commercial,suggestion,invoice api
e invoice api,10,,,,12,informational,suggestion,invoice api
create invoice api stripe,10,,0,LOW,,transactional,suggestion,invoice api
stripe api pay invoice,10,,,,,transactional,suggestion,invoice api
mercury invoice api,10,,0.11,LOW,,navigational,suggestion,invoice api
xendit invoice api,10,,0,LOW,,commercial,suggestion,invoice api
e invoice api integration system,10,,,,,commercial,suggestion,invoice api
zoho books api invoice,10,,,,,navigational,suggestion,invoice api
aws invoice api,10,,0,LOW,,commercial,suggestion,invoice api
freshbooks api invoice,10,,0.29,LOW,30,informational,suggestion,invoice api
stripe api send invoice,10,,,,,transactional,suggestion,invoice api
create invoice api,10,,0.21,LOW,,commercial,suggestion,invoice api
azure invoice api,10,,0,LOW,,commercial,suggestion,invoice api
e invoice api integration,10,,,,,commercial,suggestion,invoice api
xero create invoice api,10,,,,48,transactional,suggestion,invoice api
quickbooks api documentation invoice,10,,0.07,LOW,,transactional,suggestion,invoice api
api invoice meaning,10,,0.29,LOW,,informational,suggestion,invoice api
stripe api download invoice pdf,10,,,,,transactional,suggestion,invoice api
oracle ap invoice api,10,,0.14,LOW,,informational,suggestion,invoice api
amazon invoice api,10,,0.04,LOW,,informational,suggestion,invoice api
quickbooks api invoice pdf,10,,,,,transactional,suggestion,invoice api
xero api send invoice,10,,0.57,MEDIUM,48,transactional,suggestion,invoice api
odoo invoice api,10,,,,,commercial,suggestion,invoice api
stripe api invoice item,10,,0,LOW,,informational,suggestion,invoice api
stripe invoice api docs,10,,0,LOW,,informational,suggestion,invoice api
what is api in e invoice,10,,,,,informational,suggestion,invoice api
e-invoice api providers,10,,,,,commercial,suggestion,invoice api
stripe get invoice api,10,,0,LOW,,informational,suggestion,invoice api
ar invoice api in oracle apps r12,10,,,,,navigational,suggestion,invoice api
quickbooks online api create invoice,10,,0.05,LOW,,transactional,suggestion,invoice api
xero api update invoice,10,,0,LOW,40,transactional,suggestion,invoice api
stripe api invoice object,10,,0,LOW,,informational,suggestion,invoice api
braintree invoice api,10,,,,,commercial,suggestion,invoice api
invoice generator com api,10,,0.14,LOW,16,commercial,suggestion,invoice api
invoice ninja api key,10,,0,LOW,,informational,suggestion,invoice api
ar invoice rest api,10,,0,LOW,,navigational,suggestion,invoice api
invoice-generator api,10,10.6,0.4,MEDIUM,5,informational,suggestion,invoice api
concur invoice api,10,,0,LOW,,commercial,suggestion,invoice api
cleartax e invoice api documentation,10,,,,,informational,suggestion,invoice api
rest api to create invoice in oracle fusion,10,,0.05,LOW,,transactional,suggestion,invoice api
ap invoice rest api,10,,0,LOW,,informational,suggestion,invoice api
authorize net invoice api,10,,,,,informational,suggestion,invoice api
e invoice malaysia api,10,,,,,informational,suggestion,invoice api
api to create ap invoice in oracle apps r12,10,,,,37,transactional,suggestion,invoice api
ups invoice api,10,,0.09,LOW,44,informational,suggestion,invoice api
xero api get invoice pdf,10,,0,LOW,49,transactional,suggestion,invoice api
invoice-generator.com api,10,,0.14,LOW,16,commercial,suggestion,invoice api
invoice generator api,10,10.6,0.4,MEDIUM,8,commercial,idea|suggestion,"automated invoicing,invoice software,invoice management,invoice api|invoice api"
api for e invoice,10,,0,LOW,,commercial,suggestion,invoice api
e invoice api documentation,10,,,,,informational,suggestion,invoice api
xero api invoice status,10,,,,45,navigational,suggestion,invoice api
coupa api invoice,10,,0.14,LOW,0,transactional,suggestion,invoice api
malaysia e invoice api,10,,,,,navigational,suggestion,invoice api
api invoice generator,10,,0.86,HIGH,4,commercial,suggestion,invoice api
zoho api invoice,10,,,,10,commercial,idea|suggestion,"automated invoicing,invoice software,invoice management,invoice api|invoice api"
qbo invoice api,10,,0.05,LOW,,navigational,suggestion,invoice api
e invoice api developer portal,10,,,,,navigational,suggestion,invoice api
zoho books invoice api,10,,0,LOW,,navigational,suggestion,invoice api
zoho invoice api documentation,10,,0,LOW,47,informational,suggestion,invoice api
stripe api finalize invoice,10,,,,,transactional,suggestion,invoice api
rest api to create ap invoice in oracle fusion,10,,0.43,MEDIUM,,transactional,suggestion,invoice api
api e invoice,10,,,,,commercial,suggestion,invoice api
stripe invoice item api,10,,0,LOW,,informational,suggestion,invoice api
stripe invoice create api,10,,0,LOW,,transactional,suggestion,invoice api
invoice scanning api,10,,,,0,commercial,suggestion,invoice api
stripe invoice pdf api,10,,0,LOW,,informational,suggestion,invoice api
paypal create invoice api,10,6.13,0.18,LOW,,informational,suggestion,invoice api
stripe api create invoice with items,10,,,,,transactional,suggestion,invoice api
chargebee api invoice,10,,0.14,LOW,,commercial,suggestion,invoice api
stripe api invoice pdf,10,,,,,informational,idea|suggestion,"automated invoicing,invoice software,invoice management,invoice api|invoice api"
razorpay invoice api,10,,,,,commercial,suggestion,invoice api
stripe send invoice api,10,,0.05,LOW,,transactional,suggestion,invoice api
gst e invoice api,10,,0,LOW,4,transactional,suggestion,invoice api
e invoice lhdn api,10,,,,,informational,suggestion,invoice api
free invoice api,10,,,,,commercial,suggestion,invoice api
api to update ar invoice in oracle apps r12,10,,,,,transactional,suggestion,invoice api
invoice ninja api documentation,10,,,,11,informational,suggestion,invoice api
chargebee invoice api,10,,0.04,LOW,,commercial,suggestion,invoice api
invoice rest api,10,,0,LOW,1,informational,suggestion,invoice api
qbo api invoice,10,,0,LOW,,navigational,idea|suggestion,"automated invoicing,invoice software,invoice management,invoice api|invoice api"
quickbooks online invoice api,10,,0.04,LOW,,commercial,suggestion,invoice api
stripe api get invoice,10,,0.1,LOW,,informational,suggestion,invoice api
invoice api hubspot,10,,0,LOW,9,commercial,suggestion,invoice api
waveapps api create invoice,10,,,,42,transactional,suggestion,invoice api
chatgpt api invoice,10,,0,LOW,,transactional,suggestion,invoice api|invoice chatgpt
invoice api paypal,10,,,,49,commercial,suggestion,invoice api
fedex invoice api,10,,0.09,LOW,,commercial,suggestion,invoice api
square api invoice,10,,0,LOW,6,commercial,suggestion,invoice api
e invoice api portal,10,,,,,navigational,suggestion,invoice api
stripe api upcoming invoice,10,,0,LOW,,informational,suggestion,invoice api
google invoice api,10,,0,LOW,,informational,suggestion,invoice api
recurly invoice api,10,,0.14,LOW,,informational,suggestion,invoice api
shopify api invoice,10,,,,,commercial,suggestion,invoice api
shopify invoice api,10,,,,,commercial,suggestion,invoice api
ups paperless invoice api,10,,0,LOW,47,informational,suggestion,invoice api
e invoice api testing,10,,,,,informational,suggestion,invoice api
create invoice stripe api,10,,0,LOW,59,transactional,suggestion,invoice api
invoice stripe api,10,4.46,0.04,LOW,23,commercial,suggestion,invoice api
api to create ar invoice in oracle apps r12,10,,0,LOW,,transactional,suggestion,invoice api
hubspot api invoice,10,,0,LOW,9,commercial,suggestion,invoice api
paypal api create invoice,10,6.13,0.18,LOW,,transactional,suggestion,invoice api
e invoice api providers list,10,,,,,informational,suggestion,invoice api
e invoice api c#,10,,,,,informational,suggestion,invoice api
openai api invoice,10,,0,LOW,,transactional,suggestion,invoice api
ap invoice payment api in r12,10,,,,,informational,suggestion,invoice api
magento 2 invoice api,10,,,,,commercial,suggestion,invoice api
invoice api xero,10,,,,4,transactional,suggestion,invoice api
rest api to update invoice in oracle fusion,10,,0,LOW,,transactional,suggestion,invoice api
supplier invoice api,10,,0,LOW,,commercial,suggestion,invoice api
zuora invoice api,10,,0,LOW,,commercial,suggestion,invoice api
stripe download invoice pdf api,10,,,,,transactional,suggestion,invoice api
facebook invoice api,10,,,,,informational,suggestion,invoice api
invoice recognition api,10,,,,0,informational,suggestion,invoice api
invoice api documentation,10,,,,,navigational,suggestion,invoice api
business central sales invoice api,10,,0.14,LOW,,informational,suggestion,invoice api
odoo api create invoice,10,,,,,transactional,suggestion,invoice api
ap invoice api in oracle apps r12,10,,0.14,LOW,,informational,suggestion,invoice api
invoice rest api oracle fusion,10,,0,LOW,0,informational,suggestion,invoice api
stripe pay invoice api,10,,,,,commercial,suggestion,invoice api
e invoice api providers,10,,,,,commercial,suggestion,invoice api
ap invoice rest api in oracle fusion,10,5.08,0.12,LOW,,transactional,suggestion,invoice api
xero api create invoice,10,,0,LOW,48,transactional,suggestion,invoice api
quickbooks cancel recurring invoice,10,,0.05,LOW,,informational,suggestion,recurring invoice
recurring invoice meaning in tamil,10,,,,,informational,suggestion,recurring invoice
quickbooks set up recurring invoice,10,47.13,0.1,LOW,,transactional,suggestion,recurring invoice
wave accounting recurring invoice,10,,0.29,LOW,,transactional,suggestion,recurring invoice
quickbooks self-employed recurring invoice,10,,,,43,informational,suggestion,recurring invoice
what is recurring invoice in zoho books,10,,,,,informational,suggestion,recurring invoice
how to delete a recurring invoice in quickbooks online,10,,0.09,LOW,0,informational,suggestion,recurring invoice
invoice recurring payments,10,,,,7,informational,suggestion,recurring invoice
quickbooks self employed recurring invoice,10,,,,43,informational,suggestion,recurring invoice
paypal recurring payments invoice,10,,,,32,informational,suggestion,recurring invoice
recurring invoice zoho books,10,,0,LOW,,navigational,suggestion,recurring invoice
recurring invoice dynamics 365,10,,,,,informational,suggestion,recurring invoice
cancel recurring invoice quickbooks,10,,0.05,LOW,0,transactional,suggestion,recurring invoice
vtiger recurring invoice,10,,,,42,informational,suggestion,recurring invoice
create recurring invoice paypal,10,,,,,transactional,suggestion,recurring invoice
delete recurring invoice quickbooks online,10,,0.11,LOW,0,transactional,suggestion,recurring invoice
how to create a recurring invoice in quickbooks,10,6.12,0.36,MEDIUM,3,informational,suggestion,recurring invoice
how to cancel a recurring invoice in quickbooks,10,,,,24,informational,suggestion,recurring invoice
how do i make an invoice recurring in quickbooks online,10,,0.2,LOW,,informational,suggestion,recurring invoice
how to delete recurring invoice in quickbooks,10,,0.05,LOW,13,informational,suggestion,recurring invoice
invoice ninja recurring invoices,10,,,,0,navigational,suggestion,recurring invoice
recurring invoice template,10,28.68,0.57,MEDIUM,0,informational,suggestion,recurring invoice
send recurring invoice paypal,10,,0.29,LOW,,transactional,suggestion,recurring invoice
how to create a recurring invoice in paypal,10,,,,,informational,suggestion,recurring invoice
how to edit a recurring invoice in quickbooks,10,,0.1,LOW,,informational,suggestion,recurring invoice
how to cancel recurring invoice on quickbooks,10,,0.06,LOW,,informational,suggestion,recurring invoice
create a recurring invoice in quickbooks,10,,,,,transactional,suggestion,recurring invoice
recurring invoice in zoho books,10,,,,,navigational,suggestion,recurring invoice
recurring invoice in oracle fusion,10,,0,LOW,,transactional,suggestion,recurring invoice
harvest recurring invoice,10,,0.14,LOW,,transactional,suggestion,recurring invoice
recurring invoice odoo,10,,,,,informational,suggestion,recurring invoice
create recurring invoice in quickbooks,10,,0.21,LOW,,transactional,suggestion,recurring invoice
bill com recurring invoice,10,,0.11,LOW,9,informational,suggestion,recurring invoice
quickbooks recurring invoice template,10,,0,LOW,,informational,suggestion,recurring invoice
erpnext recurring invoice,10,,,,,informational,suggestion,recurring invoice
zoho invoice recurring invoices,10,,,,,navigational,suggestion,recurring invoice
bill.com recurring invoice,10,,0.11,LOW,9,transactional,suggestion,recurring invoice
quickbooks online edit recurring invoice,10,,0.07,LOW,0,transactional,suggestion,recurring invoice
recurring invoice stripe,10,,0.13,LOW,45,informational,suggestion,recurring invoice
recurring invoice example,10,,0.09,LOW,0,informational,suggestion,recurring invoice
freshbooks recurring invoice,10,,0.14,LOW,1,informational,suggestion,recurring invoice
wave recurring invoice,10,,0,LOW,37,informational,suggestion,recurring invoice
quickbooks edit recurring invoice,10,,0.05,LOW,34,informational,suggestion,recurring invoice
quickbooks online create recurring invoice,10,,0.07,LOW,0,transactional,suggestion,recurring invoice
xero recurring invoice,10,,0.1,LOW,0,informational,suggestion,recurring invoice
recurring invoice system,10,,,,,commercial,suggestion,recurring invoice
odoo recurring invoice,10,,0,LOW,,informational,suggestion,recurring invoice
free recurring invoice software,10,8.58,0.86,HIGH,57,commercial,suggestion,recurring invoice
how to create recurring invoice in zoho books,10,,0,LOW,,informational,suggestion,recurring invoice
square cancel recurring invoice,10,,,,,transactional,suggestion,recurring invoice
recurring invoice in oracle apps r12,10,,,,,transactional,suggestion,recurring invoice
recurring invoice quickbooks desktop,10,,0.1,LOW,0,navigational,suggestion,recurring invoice
make recurring invoice in quickbooks,10,,0.29,LOW,,transactional,suggestion,recurring invoice
paypal invoice recurring payments,10,,,,32,informational,suggestion,recurring invoice
how to change a recurring invoice in quickbooks,10,,0.11,LOW,28,informational,suggestion,recurring invoice
business central recurring invoice,10,,,,,navigational,suggestion,recurring invoice
recurring invoice in oracle payables r12,10,,,,,transactional,suggestion,recurring invoice
overdue invoice reminder sample,10,2.36,0.25,LOW,,informational,suggestion,invoice reminder
pledge reminder invoice,10,,,,,informational,suggestion,invoice reminder
overdue invoice reminder template,10,2.36,0.25,LOW,,informational,suggestion,invoice reminder
reminder invoice not paid,10,,,,,informational,suggestion,invoice reminder
paypal invoice reminder,10,,0.08,LOW,1,informational,suggestion,invoice reminder
invoice payment reminder email sample,10,,,,18,transactional,suggestion,invoice reminder
invoice reminder text example,10,,,,0,informational,suggestion,invoice reminder
friendly overdue invoice reminder,10,,0.14,LOW,,navigational,suggestion,invoice reminder
outstanding invoice email reminder,10,,0.14,LOW,,navigational,suggestion,invoice reminder
outstanding invoice reminder email,10,,,,,navigational,suggestion,invoice reminder
reminder letter for overdue invoice,10,,0.86,HIGH,,transactional,suggestion,invoice reminder
polite invoice reminder email,10,,,,,informational,suggestion,invoice reminder
send invoice reminder xero,10,,,,47,transactional,suggestion,invoice reminder
reminder for unpaid invoice template,10,,,,,transactional,suggestion,invoice reminder
friendly reminder email for past due invoice,10,,0,LOW,,transactional,suggestion,invoice reminder
reminder to pay invoice letter,10,,,,16,transactional,suggestion,invoice reminder
how to send overdue invoice reminder in xero,10,,,,,transactional,suggestion,invoice reminder
reminder to pay invoice example,10,,,,,transactional,suggestion,invoice reminder
friendly reminder invoice overdue,10,,0.14,LOW,,informational,suggestion,invoice reminder
how to send invoice reminder in quickbooks,10,,0.11,LOW,27,informational,suggestion,invoice reminder
past due invoice reminder email,10,,0.31,LOW,,informational,suggestion,invoice reminder
friendly invoice reminder email,10,,0.64,MEDIUM,,informational,suggestion,invoice reminder
unpaid invoice reminder template,10,,,,,informational,suggestion,invoice reminder
how to send invoice reminder in xero,10,,0,LOW,,informational,suggestion,invoice reminder
unpaid invoice reminder email,10,,0.14,LOW,67,informational,suggestion,invoice reminder
how to send an invoice reminder in xero,10,,,,,informational,suggestion,invoice reminder
xero invoice reminder settings,10,,0,LOW,,navigational,suggestion,invoice reminder
how to send invoice reminder in quickbooks desktop,10,,0.04,LOW,,informational,suggestion,invoice reminder
overdue invoice second reminder,10,,,,,informational,suggestion,invoice reminder
how to write an invoice reminder email,10,,,,,informational,suggestion,invoice reminder
invoice reminder wording,10,4.06,0.43,MEDIUM,0,informational,suggestion,invoice reminder
overdue invoice reminder letter,10,,0.86,HIGH,,informational,suggestion,invoice reminder
square invoice reminder,10,,0.13,LOW,5,informational,suggestion,invoice reminder
reminder to pay invoice template,10,,0.64,MEDIUM,,transactional,suggestion,invoice reminder
invoice reminder letter example,10,,,,0,informational,suggestion,invoice reminder
paypal invoice payment reminder,10,,,,,informational,suggestion,invoice reminder
invoice reminder message,10,,0.33,MEDIUM,0,informational,suggestion,invoice reminder
reminder invoice email template,10,,,,13,informational,suggestion,invoice reminder
email template for invoice reminder,10,,0.43,MEDIUM,13,informational,suggestion,invoice reminder
xero send invoice reminder manually,10,,0,LOW,44,transactional,suggestion,invoice reminder
outstanding invoice reminder letter,10,,,,,transactional,suggestion,invoice reminder
payment reminder for overdue invoice,10,,,,24,transactional,suggestion,invoice reminder
payment reminder for invoice,10,,0.02,LOW,0,transactional,suggestion,invoice reminder
quickbooks overdue invoice reminder,10,,0.4,MEDIUM,24,transactional,suggestion,invoice reminder
reminder for overdue invoice,10,,0,LOW,1,transactional,suggestion,invoice reminder
gentle reminder to pay invoice,10,,0.21,LOW,,transactional,suggestion,invoice reminder
late invoice reminder,10,2.2,0.64,MEDIUM,,informational,suggestion,invoice reminder
unpaid invoice overdue payment reminder letter pdf,10,,0,LOW,0,transactional,suggestion,invoice reminder
quickbooks online overdue invoice reminder,10,,0.36,MEDIUM,,transactional,suggestion,invoice reminder
invoice due reminder letter,10,,,,4,informational,suggestion,invoice reminder
friendly reminder email past due invoice,10,,0,LOW,,transactional,suggestion,invoice reminder
payment reminder for unpaid invoice,10,,0,LOW,,transactional,suggestion,invoice reminder
paparazzi invoice reminder,10,,0,LOW,23,informational,suggestion,invoice reminder
open invoice reminder letter sample,10,,0.14,LOW,,informational,suggestion,invoice reminder
paypal invoice payment reminder email,10,,,,,informational,suggestion,invoice reminder
invoice reminder letter template,10,,,,0,informational,suggestion,invoice reminder
invoice reminder letter,10,,,,0,informational,suggestion,invoice reminder
reminder unpaid invoice letter,10,,0,LOW,,informational,suggestion,invoice reminder
how to send invoice reminder xero,10,,,,,informational,suggestion,invoice reminder
overdue invoice email reminder,10,,0,LOW,18,informational,suggestion,invoice reminder
reminder letter for outstanding payment invoice,10,,,,,transactional,suggestion,invoice reminder
friendly reminder invoice due,10,,0,LOW,17,informational,suggestion,invoice reminder
send invoice reminder quickbooks online,10,,0.13,LOW,,transactional,suggestion,invoice reminder
invoice payment reminder sample,10,,0.43,MEDIUM,6,informational,suggestion,invoice reminder
friendly invoice reminder template,10,,,,,informational,suggestion,invoice reminder
past due invoice reminder letter,10,,,,,informational,suggestion,invoice reminder
how to send invoice reminder stripe,10,,0,LOW,,informational,suggestion,invoice reminder
friendly reminder to pay your invoice,10,,0.43,MEDIUM,,transactional,suggestion,invoice reminder
final reminder invoice template,10,,,,,informational,suggestion,invoice reminder
invoice payment reminder letter sample,10,,,,16,transactional,suggestion,invoice reminder
outstanding invoice reminder template,10,,0.86,HIGH,,navigational,suggestion,invoice reminder
friendly reminder of outstanding invoice,10,,0.11,LOW,,navigational,suggestion,invoice reminder
how to send invoice reminder on xero,10,,0,LOW,,informational,suggestion,invoice reminder
invoice reminder letter sample,10,,,,,informational,suggestion,invoice reminder
reminder unpaid invoice example,10,,,,,transactional,suggestion,invoice reminder
how to send invoice reminder email,10,,,,,informational,suggestion,invoice reminder
invoice payment reminder paypal,10,,,,12,informational,suggestion,invoice reminder
invoice reminder example,10,,0.43,MEDIUM,0,informational,suggestion,invoice reminder
quickbooks send invoice reminder,10,,0.14,LOW,,transactional,suggestion,invoice reminder
how to send an invoice reminder,10,,0.25,LOW,,informational,suggestion,invoice reminder
overdue invoice reminder email example,10,,0.14,LOW,,informational,suggestion,invoice reminder
invoice payment reminder letter,10,,,,17,informational,suggestion,invoice reminder
pending invoice reminder email,10,,0,LOW,,informational,suggestion,invoice reminder
invoice payment reminder template,10,,0,LOW,0,informational,suggestion,invoice reminder
reminder letter for unpaid invoice,10,,0,LOW,,transactional,suggestion,invoice reminder
reminder for invoice payment example,10,3.93,,,16,transactional,suggestion,invoice reminder
sample overdue invoice reminder,10,,0.14,LOW,,transactional,suggestion,invoice reminder
invoice friendly reminder,10,3.17,0.36,MEDIUM,0,informational,suggestion,invoice reminder
past due invoice email reminder,10,,0.48,MEDIUM,,informational,suggestion,invoice reminder
xero send invoice reminder,10,,0.29,LOW,47,transactional,suggestion,invoice reminder
invoice due reminder email,10,,0.23,LOW,1,informational,suggestion,invoice reminder
friendly reminder pay your invoice,10,,0.43,MEDIUM,8,navigational,suggestion,invoice reminder
xero manually send invoice reminder,10,,,,44,transactional,suggestion,invoice reminder
invoice reminder meme,10,,0,LOW,0,informational,suggestion,invoice reminder
how to write invoice reminder,10,,,,,informational,suggestion,invoice reminder
overdue invoice reminder email template,10,,0.14,LOW,,informational,suggestion,invoice reminder
send invoice reminder stripe,10,,0,LOW,,transactional,suggestion,invoice reminder
how to send a reminder invoice in quickbooks,10,,0.29,LOW,27,informational,suggestion,invoice reminder
invoice reminder text,10,,0.86,HIGH,0,informational,suggestion,invoice reminder
when to send invoice reminder,10,,0,LOW,54,informational,suggestion,invoice reminder
reminder to pay invoice email,10,,0.21,LOW,2,transactional,suggestion,invoice reminder
outstanding invoice reminder email template,10,,0.14,LOW,,navigational,suggestion,invoice reminder
polite overdue invoice reminder email,10,,0,LOW,,transactional,suggestion,invoice reminder
outstanding invoice overdue invoice reminder email,10,,0,LOW,,transactional,suggestion,invoice reminder
xero overdue invoice reminder,10,,0.14,LOW,47,transactional,suggestion,invoice reminder
friendly invoice reminder,10,3.17,0.36,MEDIUM,0,informational,suggestion,invoice reminder
invoice reminder email example,10,,0.14,LOW,0,informational,suggestion,invoice reminder
past due invoice reminder template,10,,0.29,LOW,9,informational,suggestion,invoice reminder
how to send invoice reminder on square,10,,0.13,LOW,,informational,suggestion,invoice reminder
stripe send invoice reminder,10,,0,LOW,,navigational,suggestion,invoice reminder
gentle reminder for invoice payment,10,,,,,transactional,suggestion,invoice reminder
invoice due date reminder,10,,,,0,informational,suggestion,invoice reminder
reminder invoice text,10,,,,,informational,suggestion,invoice reminder
concur invoice approval workflow,10,,,,13,transactional,suggestion,invoice approval
ame setup for invoice approval in r12,10,,,,,transactional,suggestion,invoice approval
compello invoice approval,10,,,,,commercial,suggestion,invoice approval
ap invoice approval,10,,0.51,MEDIUM,,informational,suggestion,invoice approval
invoice approval workflow in oracle r12,10,,,,0,informational,suggestion,invoice approval
sap invoice approval workflow,10,,0.64,MEDIUM,32,informational,suggestion,invoice approval
invoice approval definition,10,,,,0,informational,suggestion,invoice approval
oracle fusion invoice approval workflow,10,,0.38,MEDIUM,,commercial,suggestion,invoice approval
oracle ap invoice approval,10,,,,,informational,suggestion,invoice approval
invoice approval request email,10,,0,LOW,0,transactional,suggestion,invoice approval
oracle r12 invoice approval workflow,10,,,,,transactional,suggestion,invoice approval
quickbooks invoice approval,10,82.48,0.6,MEDIUM,14,transactional,suggestion,invoice approval
invoice approval in oracle fusion,10,,,,0,transactional,suggestion,invoice approval
sap invoice approval process,10,,0,LOW,,informational,suggestion,invoice approval
quickbooks invoice approval workflow,10,39.58,0.59,MEDIUM,,transactional,suggestion,invoice approval
invoice approval email template,10,,0.21,LOW,0,informational,suggestion,invoice approval
invoice for amazon approval,10,,0.59,MEDIUM,0,transactional,suggestion,invoice approval
amazon brand approval invoice,10,25.15,0.86,HIGH,,informational,suggestion,invoice approval
invoice approval request email sample,10,,,,0,transactional,suggestion,invoice approval
invoice review and approval process,10,28.35,0.5,MEDIUM,0,informational,suggestion,invoice approval
electronic invoice approval system,10,,,,,commercial,suggestion,invoice approval
ap invoice approval status query,10,,0.14,LOW,,navigational,suggestion,invoice approval
oracle payables invoice approval workflow,10,,,,27,transactional,suggestion,invoice approval
sap invoice approval,10,,0.14,LOW,,informational,suggestion,invoice approval
what is invoice approval,10,,0.06,LOW,,informational,suggestion,invoice approval
power automate invoice approval workflow,10,,0,LOW,,transactional,suggestion,invoice approval
oracle invoice approval workflow tables,10,,,,,navigational,suggestion,invoice approval
an invoice approval form is used by the,10,,0,LOW,,informational,suggestion,invoice approval
odoo invoice approval,10,,,,,navigational,suggestion,invoice approval
xero invoice approval workflow,10,,0.57,MEDIUM,40,transactional,suggestion,invoice approval
online invoice approval system,10,,0.21,LOW,16,commercial,suggestion,invoice approval
paperless invoice approval,10,,0.43,MEDIUM,,commercial,suggestion,invoice approval
invoice approval workflow concurrent program,10,,,,0,transactional,suggestion,invoice approval
sap vendor invoice approval workflow,10,,,,,informational,suggestion,invoice approval
invoice approval policy template,10,,,,0,informational,suggestion,invoice approval
invoice approval system xero,10,,,,,commercial,suggestion,invoice approval
invoice approval journal in ax 2012,10,,,,0,transactional,suggestion,invoice approval
sap invoice approval transaction,10,,,,,informational,suggestion,invoice approval
invoice approval form,10,17.05,0.43,MEDIUM,0,informational,suggestion,invoice approval
vendor invoice approval process,10,,,,,informational,suggestion,invoice approval
ap invoice approval setup in oracle r12,10,,,,,transactional,suggestion,invoice approval
invoice approval hierarchy in oracle payables,10,,,,0,commercial,suggestion,invoice approval
power automate invoice approval,10,,0,LOW,,transactional,suggestion,invoice approval
microsoft teams invoice approval,10,,0,LOW,,transactional,suggestion,invoice approval
invoice approval workflow sharepoint,10,,0.43,MEDIUM,9,informational,suggestion,invoice approval
invoice approval status in oracle apps,10,,,,0,informational,suggestion,invoice approval
oracle invoice approval,10,,0,LOW,,informational,suggestion,invoice approval
supplier invoice approval,10,,0,LOW,,commercial,suggestion,invoice approval
docusign invoice approval,10,,0,LOW,,navigational,suggestion,invoice approval
ap invoice approval workflow oracle apps r12,10,7.49,0.5,MEDIUM,,navigational,suggestion,invoice approval
invoice approval workflow oracle,10,,,,0,informational,suggestion,invoice approval
xero invoice approval,10,,0,LOW,40,commercial,suggestion,invoice approval
ap invoice approval process,10,38.11,0.52,MEDIUM,,informational,suggestion,invoice approval
accounts payable invoice approval,10,,0.71,HIGH,,informational,suggestion,invoice approval
electronic invoice approval workflow,10,,,,,informational,suggestion,invoice approval
quickbooks invoice approval process,10,12.74,0.59,MEDIUM,,informational,suggestion,invoice approval
invoice approval process in sap,10,,,,0,informational,suggestion,invoice approval
sage invoice approval,10,,0.86,HIGH,,informational,suggestion,invoice approval
online invoice approval,10,,,,,transactional,suggestion,invoice approval
invoice approval checklist,10,,0.29,LOW,0,informational,suggestion,invoice approval
invoice approval workflow in oracle fusion,10,,0.14,LOW,0,commercial,suggestion,invoice approval
vendor invoice approval,10,,,,,informational,suggestion,invoice approval
netsuite invoice approval,10,25.53,0.52,MEDIUM,,navigational,suggestion,invoice approval
invoice approval workflow sap,10,,0.64,MEDIUM,0,informational,suggestion,invoice approval
internal control invoice approval,10,,,,0,informational,suggestion,invoice approval
invoice approval xero,10,,0,LOW,0,commercial,suggestion,invoice approval
invoice approval workflow netsuite,10,,0.52,MEDIUM,0,navigational,suggestion,invoice approval
sharepoint invoice approval workflow,10,,0.43,MEDIUM,,informational,suggestion,invoice approval
quickbooks online invoice approval,10,,0.57,MEDIUM,,transactional,suggestion,invoice approval
ap invoice approval workflow,10,,0,LOW,0,informational,suggestion,invoice approval
flipkart brand approval invoice format,10,,,,,informational,suggestion,invoice approval
invoice approval workflow quickbooks,10,,,,0,transactional,suggestion,invoice approval
xero invoice approval process,10,,0.71,HIGH,40,commercial,suggestion,invoice approval
invoice approval workflow in oracle payables r12,10,,,,0,informational,suggestion,invoice approval
invoice approval best practices,10,,,,0,informational,suggestion,invoice approval
electronic invoice approval process,10,,0.57,MEDIUM,,informational,suggestion,invoice approval
oracle invoice approval workflow,10,,0.29,LOW,18,informational,suggestion,invoice approval
request for invoice approval,10,,,,,transactional,suggestion,invoice approval
sap ap invoice approval workflow,10,,0.86,HIGH,,informational,suggestion,invoice approval
ap invoice approval history table,10,,,,,navigational,suggestion,invoice approval
oracle ap invoice approval workflow,10,,,,,informational,suggestion,invoice approval
how to ask for invoice approval,10,,0,LOW,,informational,suggestion,invoice approval
invoice approval workflow oracle r12,10,,,,0,transactional,suggestion,invoice approval
invoice approval workflow in oracle payables,10,,,,0,informational,suggestion,invoice approval
invoice approval form template free,10,,,,0,informational,suggestion,invoice approval
invoice approval form template,10,,0,LOW,0,informational,suggestion,invoice approval
oracle fusion invoice approval workflow tables,10,,,,,navigational,suggestion,invoice approval
invoice approval process in oracle payables,10,,,,,informational,suggestion,invoice approval
match approval level and invoice match option,10,,,,,commercial,suggestion,invoice approval
netsuite invoice approval workflow,10,,0.26,LOW,0,informational,suggestion,invoice approval
invoice for approval,10,26.52,0.59,MEDIUM,0,informational,suggestion,invoice approval
amazon seller approval invoice,10,,,,,navigational,suggestion,invoice approval
invoice approval workflow in oracle apps r12,10,,,,0,informational,suggestion,invoice approval
sage 50 invoice approval,10,,,,,informational,suggestion,invoice approval
invoice approval process workflow,10,,,,0,informational,suggestion,invoice approval
invoice approval matrix,10,,,,0,informational,suggestion,invoice approval
invoice approval history table in r12,10,,,,0,navigational,suggestion,invoice approval
oracle ap invoice approval workflow customization,10,,0,LOW,,commercial,suggestion,invoice approval
invoice approval workflow in sap,10,,,,0,informational,suggestion,invoice approval
sharepoint invoice approval,10,,0,LOW,,informational,suggestion,invoice approval
rockwell automation accounts payable,10,,0.29,LOW,,navigational,suggestion,accounts payable automation
accounts payable automation software list,10,,,,,commercial,suggestion,accounts payable automation
accounts payable in automation,10,,,,29,commercial,suggestion,accounts payable automation
accounts payable automation software nz,10,,,,,commercial,suggestion,accounts payable automation
dynamics ax accounts payable automation,10,,0.07,LOW,0,navigational,suggestion,accounts payable automation
accounts payable automation market size,10,,0,LOW,,commercial,suggestion,accounts payable automation
accounts payable automation articles,10,,,,,informational,suggestion,accounts payable automation
accounts payable automation market,10,,0,LOW,54,commercial,suggestion,accounts payable automation
accounts payable automation uk,10,,0,LOW,,commercial,suggestion,accounts payable automation
accounts payable robotic process automation,10,,,,0,commercial,suggestion,accounts payable automation
accounts payable automation rfp,10,,0,LOW,,commercial,suggestion,accounts payable automation
accounts payable automation india,10,,0,LOW,,commercial,suggestion,accounts payable automation
kofax accounts payable automation,10,,0.46,MEDIUM,,navigational,suggestion,accounts payable automation
accounts payable automation in sap,10,,0.14,LOW,0,commercial,idea|suggestion,"accounts payable automation|invoice automation,ai invoice generator,invoice processing,invoice ocr"
robotic automation in accounts payable,10,,,,,commercial,suggestion,accounts payable automation
robotic process automation for accounts payable,10,,0.07,LOW,0,commercial,suggestion,accounts payable automation
accounts payable automation software uk,10,,0,LOW,,commercial,suggestion,accounts payable automation
ariba accounts payable automation,10,136.3,0.81,HIGH,47,commercial,suggestion,accounts payable automation
automation anywhere accounts payable,10,,0.71,HIGH,,commercial,suggestion,accounts payable automation
accounts payable automation gartner,10,,0.03,LOW,21,navigational,suggestion,accounts payable automation
accounts payable automation ppt,10,,,,40,informational,suggestion,accounts payable automation
accounts payable automation software australia,10,,,,,commercial,suggestion,accounts payable automation
accounts payable automation trends,10,,0.43,MEDIUM,,commercial,suggestion,accounts payable automation
accounts payable automation white paper,10,,,,,informational,idea|suggestion,"accounts payable automation|invoice automation,ai invoice generator,invoice processing,invoice ocr"
corcentric accounts payable automation,10,,0.29,LOW,,navigational,suggestion,accounts payable automation
gartner magic quadrant accounts payable automation,10,70.51,0.73,HIGH,0,commercial,suggestion,accounts payable automation
bill pay/accounts payable automation solutions,10,,,,,commercial,suggestion,accounts payable automation
edenred accounts payable automation,10,,,,,commercial,suggestion,accounts payable automation
accounts payable automation survey,10,,0.86,HIGH,,informational,suggestion,accounts payable automation
accounts payable automation software canada,10,,0,LOW,,commercial,suggestion,accounts payable automation
bill pay accounts payable automation solutions,10,,,,,commercial,suggestion,accounts payable automation
great plains accounts payable automation,10,,,,,navigational,idea|suggestion,"accounts payable automation|invoice automation,ai invoice generator,invoice processing,invoice ocr"
ordway billing and revenue automation,10,26.86,0.56,MEDIUM,,commercial,suggestion,billing automation
billing automation system,10,,,,16,commercial,suggestion,billing automation
web hosting billing & automation platform,10,,0,LOW,100,commercial,suggestion,billing automation
subscription billing automation software,10,,0.01,LOW,21,commercial,suggestion,billing automation
billing automation platform,10,,0,LOW,,commercial,suggestion,billing automation
recurring billing automation,10,,0.1,LOW,9,commercial,suggestion,billing automation
plesk billing automation,10,,0.86,HIGH,,commercial,suggestion,billing automation
billing and automation software,10,,,,19,commercial,suggestion,billing automation
automation in medical billing,10,,0.39,MEDIUM,0,commercial,suggestion,billing automation
healthcare billing automation,10,,0.09,LOW,,commercial,suggestion,billing automation
salesforce billing automation,10,,0.86,HIGH,,commercial,suggestion,billing automation
best billing automation for saas,10,,,,,commercial,suggestion,billing automation
billing automation solution,10,,,,,commercial,suggestion,billing automation
helcim recurring payments automation billing tool,10,,,,,commercial,suggestion,billing automation
cpanel billing automation,10,,,,,commercial,suggestion,billing automation
infusionsoft billing automation,10,,,,0,commercial,suggestion,billing automation
billing automation tools,10,,,,,commercial,suggestion,billing automation
cloud billing automation,10,,,,,commercial,suggestion,billing automation
where to find my chatgpt invoice,10,,0,LOW,,informational,suggestion,invoice chatgpt
chatgpt plus subscription invoice,10,,,,,transactional,suggestion,invoice chatgpt
download chatgpt invoice,10,,,,0,transactional,suggestion,invoice chatgpt
openai chatgpt invoice,10,,0,LOW,,commercial,suggestion,invoice chatgpt
invoice history chatgpt,10,,,,,navigational,suggestion,invoice chatgpt
chatgpt business invoice,10,29.66,0.27,LOW,,transactional,suggestion,invoice chatgpt
chatgpt download invoice,10,,0,LOW,0,transactional,suggestion,invoice chatgpt
how to get my chatgpt invoice,10,,0,LOW,,informational,suggestion,invoice chatgpt
find chatgpt invoice,10,,,,,commercial,suggestion,invoice chatgpt
chatgpt invoice receipt,10,,0.06,LOW,,transactional,suggestion,invoice chatgpt
where is my chatgpt invoice,10,,0,LOW,,navigational,suggestion,invoice chatgpt
where to get chatgpt invoice,10,,0,LOW,,informational,suggestion,invoice chatgpt
chatgpt tax invoice,10,,,,,transactional,suggestion,invoice chatgpt
how to get invoice for chatgpt,10,,0,LOW,,transactional,suggestion,invoice chatgpt
https chatgpt com invoice,10,,0,LOW,,transactional,suggestion,invoice chatgpt
chatgpt invoice template,10,26.44,0.4,MEDIUM,,transactional,suggestion,invoice chatgpt
invoice for chatgpt,10,,0.03,LOW,0,transactional,suggestion,invoice chatgpt
get invoice chatgpt,10,,,,,transactional,suggestion,invoice chatgpt
chatgpt invoice email,10,,0,LOW,,commercial,suggestion,invoice chatgpt
chatgpt plus invoice,10,,,,,commercial,suggestion,invoice chatgpt
openai invoice chatgpt,10,,0,LOW,,commercial,suggestion,invoice chatgpt
chatgpt send invoice to email,10,,0,LOW,,transactional,suggestion,invoice chatgpt
chatgpt how to get invoice,10,,0,LOW,,informational,suggestion,invoice chatgpt
chatgpt team invoice,10,,0,LOW,,commercial,suggestion,invoice chatgpt
chatgpt invoice where to find,10,,,,,transactional,suggestion,invoice chatgpt
chatgpt subscription invoice,10,,0.02,LOW,,transactional,suggestion,invoice chatgpt
chatgpt email invoice,10,,,,,commercial,suggestion,invoice chatgpt
chatgpt invoice for company,10,,,,,transactional,suggestion,invoice chatgpt
leonardo ai billing,10,,0,LOW,,informational,suggestion,ai billing
janitor ai billing,10,,0,LOW,3,commercial,suggestion,ai billing
google ai billing dashboard,10,20.01,0.03,LOW,,navigational,suggestion,ai billing
jenni ai billing,10,,,,,informational,suggestion,ai billing
midjourney ai billing,10,,,,,navigational,suggestion,ai billing
janitor ai billing quota,10,,,,2,informational,suggestion,ai billing
kie ai billing,10,,0.02,LOW,,informational,suggestion,ai billing
usage-based billing ai,10,14.18,0.41,MEDIUM,,commercial,suggestion,ai billing
ai medical billing services,10,7.92,0.37,MEDIUM,,commercial,suggestion,ai billing
ai based billing software,10,30.87,0.43,MEDIUM,,commercial,suggestion,ai billing
billing claude ai,10,,0,LOW,6,transactional,suggestion,ai billing
orb ai billing,10,33.13,0.56,MEDIUM,,transactional,suggestion,ai billing
ai in medical coding and billing course aapc,10,8.12,0.54,MEDIUM,,commercial,suggestion,ai billing
fal ai dashboard billing,10,6.09,0.27,LOW,,navigational,suggestion,ai billing
hix ai billing,10,,,,,commercial,suggestion,ai billing
dental billing ai,10,92.32,0.79,HIGH,,commercial,suggestion,ai billing
is medical billing and coding safe from ai,10,,0.15,LOW,,commercial,suggestion,ai billing
metronome ai billing,10,80.08,0.45,MEDIUM,,transactional,suggestion,ai billing
ai in medical coding and billing,10,24.63,0.41,MEDIUM,12,commercial,suggestion,ai billing
global ai billing corp,10,,,,,navigational,suggestion,ai billing
cloudflare ai gateway unified billing,10,,0.01,LOW,,commercial,suggestion,ai billing
is ai replacing medical billing and coding,10,,0.12,LOW,,commercial,suggestion,ai billing
kling ai billing,10,3.95,0.22,LOW,,transactional,suggestion,ai billing
google ai api billing,10,,0.02,LOW,,transactional,suggestion,ai billing
open ai billing overview,10,,0,LOW,49,transactional,suggestion,ai billing
billing vyro ai,10,,,,,transactional,suggestion,ai billing
ai in medical coding & billing revolutionizing the healthcare industry,10,,,,,informational,suggestion,ai billing
notion ai billing,10,,0,LOW,,commercial,suggestion,ai billing
google ai studio usage and billing,10,,0,LOW,,transactional,suggestion,ai billing
set up billing google ai studio,10,,,,,transactional,suggestion,ai billing
ai in medical coding and billing aapc,10,,0.14,LOW,0,informational,suggestion,ai billing
billing pephop ai,10,,,,,commercial,suggestion,ai billing
together ai billing,10,,0,LOW,,commercial,suggestion,ai billing
best ai billing software,10,,0.06,LOW,16,commercial,suggestion,ai billing
fal ai billing,10,,0,LOW,,transactional,suggestion,ai billing
ai in billing,10,,0.71,HIGH,28,commercial,suggestion,ai billing
ai dupont billing,10,,0,LOW,,navigational,suggestion,ai billing
google vertex ai billing,10,,0,LOW,,informational,suggestion,ai billing
jasper ai billing,10,,0,LOW,,transactional,suggestion,ai billing
mistral ai billing,10,,0,LOW,,navigational,suggestion,ai billing
manus ai billing,10,8.22,0.48,MEDIUM,,transactional,suggestion,ai billing
ai for medical coding and billing,10,9.51,0.63,MEDIUM,12,commercial,suggestion,ai billing
google ai studio billing plan,10,5.57,0.25,LOW,,transactional,suggestion,ai billing
global ai billing,10,,,,,commercial,suggestion,ai billing
blackbox ai billing,10,,,,,transactional,suggestion,ai billing
smartsolve ai billing,10,,0,LOW,,commercial,suggestion,ai billing
medical billing ai tools,10,18.23,0.86,HIGH,,commercial,suggestion,ai billing
ai modifier medical billing,10,,0.17,LOW,0,commercial,suggestion,ai billing
billing homedesigns ai,10,,,,,commercial,suggestion,ai billing
x ai billing,10,,0,LOW,,transactional,suggestion,ai billing
stripe ai billing,10,,0.24,LOW,,transactional,suggestion,ai billing
paid ai billing,10,,0.5,MEDIUM,,transactional,suggestion,ai billing
billing janitor ai,10,,,,,navigational,suggestion,ai billing
fireflies ai billing,10,,0.31,LOW,,informational,suggestion,ai billing
google ai pro billing,10,4.65,0.04,LOW,,transactional,suggestion,ai billing
ai dupont hospital billing,10,,0,LOW,,navigational,suggestion,ai billing
ai healthcare billing,10,42.07,0.74,HIGH,,commercial,suggestion,ai billing
ai billing software free,10,,,,,commercial,suggestion,ai billing
medical billing ai agent,10,63.15,0.84,HIGH,,transactional,suggestion,ai billing
ai billing system,10,34.37,0.79,HIGH,,commercial,suggestion,ai billing
usage based billing ai,10,14.18,0.41,MEDIUM,,commercial,suggestion,ai billing
smart invoice download,10,,,,,transactional,suggestion,smart invoice
smart invoice template,10,,,,,informational,suggestion,smart invoice
oocl smart invoice,10,,0.27,LOW,,transactional,suggestion,smart invoice
zra smart invoice,10,,0.54,MEDIUM,,transactional,suggestion,smart invoice
engage smart invoice cloud,10,,0.14,LOW,17,transactional,suggestion,smart invoice
zra smart invoice portal,10,,0.19,LOW,,navigational,suggestion,smart invoice
smart invoice oocl login,10,,,,,navigational,suggestion,smart invoice
versacheck smart invoice & estimates,10,,,,,transactional,suggestion,smart invoice
smart invoice maker,10,,,,,commercial,suggestion,smart invoice
invoice settlement in smart meter,10,,,,,commercial,suggestion,smart invoice
smart invoice system v1.9,10,,,,,transactional,suggestion,smart invoice
smart invoice login,10,,,,,navigational,suggestion,smart invoice
smart invoice zambia,10,,0.14,LOW,,navigational,suggestion,smart invoice
smart invoice system,10,,0,LOW,,commercial,suggestion,smart invoice
zra smart invoice download,10,,0,LOW,,transactional,suggestion,smart invoice
zra portal smart invoice,10,,,,,transactional,suggestion,smart invoice
smart invoice zra,10,,0.14,LOW,,transactional,suggestion,smart invoice
smart invoice zra login,10,,,,,navigational,suggestion,smart invoice
smart invoice pro,10,,,,,transactional,suggestion,smart invoice
laserfiche smart invoice capture,10,,0.86,HIGH,24,transactional,suggestion,smart invoice
smart invoice generator,10,,,,,commercial,suggestion,smart invoice
smart invoice for pc,10,,,,,commercial,suggestion,smart invoice
smart invoice maker mod apk,10,,,,,transactional,suggestion,smart invoice
smart smo invoice,10,,0,LOW,,commercial,suggestion,smart invoice
hdpos smart billing & invoice software,10,,,,,commercial,suggestion,smart invoice
invoice smart assistant,10,,,,0,commercial,suggestion,smart invoice
zra smart invoice login,10,,,,,navigational,suggestion,smart invoice
invoicing currency meaning,10,,0.01,LOW,0,informational,idea,"automated invoicing,invoice software,invoice management,invoice api|invoice automation,ai invoice generator,invoice processing,invoice ocr"
invoice generator uk,10,32.54,0.38,MEDIUM,23,commercial,idea,"automated invoicing,invoice software,invoice management,invoice api|invoice automation,ai invoice generator,invoice processing,invoice ocr"
accounts payable pdf,10,,0.1,LOW,,informational,idea,"invoice automation,ai invoice generator,invoice processing,invoice ocr"
uc accounts payable,10,,0,LOW,49,navigational,idea,"invoice automation,ai invoice generator,invoice processing,invoice ocr"
accounts payable module,10,,0,LOW,45,commercial,idea,"invoice automation,ai invoice generator,invoice processing,invoice ocr"
sample accounts payable policy,10,38.65,0.22,LOW,0,informational,idea,"invoice automation,ai invoice generator,invoice processing,invoice ocr"
uno accounts payable,10,,0,LOW,27,navigational,idea,"invoice automation,ai invoice generator,invoice processing,invoice ocr"
gst invoice generator,10,13.55,0.86,HIGH,,transactional,idea,"automated invoicing,invoice software,invoice management,invoice api|invoice automation,ai invoice generator,invoice processing,invoice ocr"
accounts payable full course,10,,,,,informational,idea,"invoice automation,ai invoice generator,invoice processing,invoice ocr"
invoice funding company,10,,0,LOW,18,commercial,idea,"automated invoicing,invoice software,invoice management,invoice api|invoice automation,ai invoice generator,invoice processing,invoice ocr"
fhir invoice,10,,0,LOW,,informational,idea,"automated invoicing,invoice software,invoice management,invoice api|invoice automation,ai invoice generator,invoice processing,invoice ocr"
niu accounts payable,10,,0,LOW,,navigational,idea,"invoice automation,ai invoice generator,invoice processing,invoice ocr"
kiewit accounts payable,10,,0,LOW,,commercial,idea,"invoice automation,ai invoice generator,invoice processing,invoice ocr"
jll accounts payable,10,,,,,navigational,idea,"invoice automation,ai invoice generator,invoice processing,invoice ocr"
invoicing experience,10,,0.1,LOW,0,commercial,idea,"automated invoicing,invoice software,invoice management,invoice api|invoice automation,ai invoice generator,invoice processing,invoice ocr"
collective invoicing,10,23.2,0.4,MEDIUM,1,commercial,idea,"automated invoicing,invoice software,invoice management,invoice api|invoice automation,ai invoice generator,invoice processing,invoice ocr"
ubl format invoice,10,,0.06,LOW,44,informational,idea,"automated invoicing,invoice software,invoice management,invoice api|invoice automation,ai invoice generator,invoice processing,invoice ocr"
accounts payable antonym,10,,,,,informational,idea,"invoice automation,ai invoice generator,invoice processing,invoice ocr"
siuc accounts payable,10,,,,,navigational,idea,"invoice automation,ai invoice generator,invoice processing,invoice ocr"
wpi accounts payable,10,,0,LOW,,navigational,idea,"invoice automation,ai invoice generator,invoice processing,invoice ocr"
accounts payable lsu,10,,0,LOW,0,navigational,idea,"invoice automation,ai invoice generator,invoice processing,invoice ocr"
sewanee accounts payable,10,,0,LOW,,navigational,idea,"invoice automation,ai invoice generator,invoice processing,invoice ocr"
accounts payable wikipedia,10,,0,LOW,,informational,idea,"invoice automation,ai invoice generator,invoice processing,invoice ocr"
zoho proforma invoice,10,,,,47,commercial,idea,"automated invoicing,invoice software,invoice management,invoice api|invoice automation,ai invoice generator,invoice processing,invoice ocr"
zoho retainer invoice,10,40.67,0.14,LOW,,navigational,idea,"automated invoicing,invoice software,invoice management,invoice api|invoice automation,ai invoice generator,invoice processing,invoice ocr"
accounts payable receivable resume,10,,0,LOW,0,informational,idea,"invoice automation,ai invoice generator,invoice processing,invoice ocr"
misa invoice,10,,0.2,LOW,,navigational,idea,"automated invoicing,invoice software,invoice management,invoice api|invoice automation,ai invoice generator,invoice processing,invoice ocr"
invoice module,10,,0.4,MEDIUM,6,commercial,idea,"automated invoicing,invoice software,invoice management,invoice api|invoice automation,ai invoice generator,invoice processing,invoice ocr"
dynamics 365 accounts payable,10,86,0.57,MEDIUM,,navigational,idea,"invoice automation,ai invoice generator,invoice processing,invoice ocr"
complete automated accounts payable system,10,,0,LOW,,commercial,idea,"invoice automation,ai invoice generator,invoice processing,invoice ocr"
aldine isd accounts payable,10,,0,LOW,,transactional,idea,"invoice automation,ai invoice generator,invoice processing,invoice ocr"
nyc doe accounts payable,10,,0,LOW,40,navigational,idea,"invoice automation,ai invoice generator,invoice processing,invoice ocr"
vueling invoice,10,,0,LOW,44,navigational,idea,"automated invoicing,invoice software,invoice management,invoice api|invoice automation,ai invoice generator,invoice processing,invoice ocr"
create gst invoice,10,,,,,transactional,idea,"automated invoicing,invoice software,invoice management,invoice api|invoice automation,ai invoice generator,invoice processing,invoice ocr"
capcut invoice generator,10,,0.06,LOW,,commercial,idea,"invoice automation,ai invoice generator,invoice processing,invoice ocr"
kra invoice generator,10,,,,,commercial,idea,"invoice automation,ai invoice generator,invoice processing,invoice ocr"
netsuite reconciliation rules,10,,0.22,LOW,,navigational,idea,"automated invoicing,invoice software,invoice management,invoice api|invoice automation,ai invoice generator,invoice processing,invoice ocr"
e invoicing accounts payable,10,,,,,commercial,idea,"invoice automation,ai invoice generator,invoice processing,invoice ocr"
quickbooks past due invoice report,10,,0,LOW,,informational,idea,"automated invoicing,invoice software,invoice management,invoice api|invoice automation,ai invoice generator,invoice processing,invoice ocr"
message on invoice quickbooks,10,,,,,informational,idea,"automated invoicing,invoice software,invoice management,invoice api|invoice automation,ai invoice generator,invoice processing,invoice ocr"
invoice vs pro forma invoice,10,,0.04,LOW,0,informational,idea,"automated invoicing,invoice software,invoice management,invoice api|invoice automation,ai invoice generator,invoice processing,invoice ocr"
viking invoice,10,,0.09,LOW,43,navigational,idea,"automated invoicing,invoice software,invoice management,invoice api|invoice automation,ai invoice generator,invoice processing,invoice ocr"
account payable pdf,10,,0.1,LOW,,informational,idea,"invoice automation,ai invoice generator,invoice processing,invoice ocr"
bill of materials catia,10,,0.21,LOW,,informational,idea,"invoice automation,ai invoice generator,invoice processing,invoice ocr"
costed bill of materials netsuite,10,,0.26,LOW,,informational,idea,"invoice automation,ai invoice generator,invoice processing,invoice ocr"
accounts payable policy template,10,,0.26,LOW,27,informational,idea,"invoice automation,ai invoice generator,invoice processing,invoice ocr"
accounts payable procedures template,10,,,,50,informational,idea,"invoice automation,ai invoice generator,invoice processing,invoice ocr"
free accounts payable forms,10,,,,,informational,idea,"invoice automation,ai invoice generator,invoice processing,invoice ocr"
invoice journal entry accounts payable,10,,,,1,navigational,idea,"invoice automation,ai invoice generator,invoice processing,invoice ocr"
debit prepaid expense credit accounts payable,10,,,,49,informational,idea,"invoice automation,ai invoice generator,invoice processing,invoice ocr"
the existence of unrecorded accounts payable,10,,0,LOW,,informational,idea,"invoice automation,ai invoice generator,invoice processing,invoice ocr"
invoice ninja portainer,10,,0,LOW,4,navigational,idea,"automated invoicing,invoice software,invoice management,invoice api|invoice automation,ai invoice generator,invoice processing,invoice ocr"
ionos invoice,10,0.02,0.18,LOW,0,informational,idea,"automated invoicing,invoice software,invoice management,invoice api|invoice automation,ai invoice generator,invoice processing,invoice ocr"
accounts payable scanning invoice,10,235.02,0.43,MEDIUM,0,informational,idea,"invoice automation,ai invoice generator,invoice processing,invoice ocr"
accounts payable invoice storage,10,,,,,commercial,idea,"invoice automation,ai invoice generator,invoice processing,invoice ocr"
ucla accounts payable invoice,10,,0,LOW,45,navigational,idea,"invoice automation,ai invoice generator,invoice processing,invoice ocr"
accounts payable invoice tracking,10,,,,,commercial,idea,"invoice automation,ai invoice generator,invoice processing,invoice ocr"
invoice cycle,10,,0.06,LOW,11,informational,idea,"automated invoicing,invoice software,invoice management,invoice api|invoice automation,ai invoice generator,invoice processing,invoice ocr"
ahpra invoice,10,,,,,informational,idea,"automated invoicing,invoice software,invoice management,invoice api|invoice automation,ai invoice generator,invoice processing,invoice ocr"
invoice aging meaning,10,,0,LOW,10,informational,idea,"invoice automation,ai invoice generator,invoice processing,invoice ocr"
invoice value meaning,10,,0,LOW,3,informational,idea,"invoice automation,ai invoice generator,invoice processing,invoice ocr"
accounts payable processing procedures,10,,,,,informational,idea,"invoice automation,ai invoice generator,invoice processing,invoice ocr"
accrued expenses payable meaning,10,,0,LOW,,informational,idea,"invoice automation,ai invoice generator,invoice processing,invoice ocr"
expensify invoice,10,,0.49,MEDIUM,8,informational,idea,"automated invoicing,invoice software,invoice management,invoice api|invoice automation,ai invoice generator,invoice processing,invoice ocr"
prolific invoice,10,,0.02,LOW,,navigational,idea,"automated invoicing,invoice software,invoice management,invoice api|invoice automation,ai invoice generator,invoice processing,invoice ocr"
braintree invoice,10,,0.25,LOW,12,navigational,idea,"automated invoicing,invoice software,invoice management,invoice api|invoice automation,ai invoice generator,invoice processing,invoice ocr"
decathlon invoice,10,,0,LOW,,navigational,idea,"automated invoicing,invoice software,invoice management,invoice api|invoice automation,ai invoice generator,invoice processing,invoice ocr"
mollak invoice,10,,0,LOW,,navigational,idea,"automated invoicing,invoice software,invoice management,invoice api|invoice automation,ai invoice generator,invoice processing,invoice ocr"
over invoicing and under invoicing,10,,0,LOW,,informational,idea,"automated invoicing,invoice software,invoice management,invoice api|invoice automation,ai invoice generator,invoice processing,invoice ocr"
ap invoice rejection table,10,,0,LOW,38,informational,idea,"automated invoicing,invoice software,invoice management,invoice api|invoice automation,ai invoice generator,invoice processing,invoice ocr"
freshdesk invoicing,10,,0,LOW,,commercial,idea,"automated invoicing,invoice software,invoice management,invoice api|invoice automation,ai invoice generator,invoice processing,invoice ocr"
converge invoicing,10,,0.4,MEDIUM,13,commercial,idea,"automated invoicing,invoice software,invoice management,invoice api|invoice automation,ai invoice generator,invoice processing,invoice ocr"
payable-through accounts meaning,10,,0,LOW,,informational,idea,"invoice automation,ai invoice generator,invoice processing,invoice ocr"
accounts payable voucher meaning,10,,0.03,LOW,,informational,idea,"invoice automation,ai invoice generator,invoice processing,invoice ocr"
oracle accounts payable module,10,,0.57,MEDIUM,,commercial,idea,"invoice automation,ai invoice generator,invoice processing,invoice ocr"
invoice basics,10,,0.89,HIGH,32,informational,idea,"automated invoicing,invoice software,invoice management,invoice api|invoice automation,ai invoice generator,invoice processing,invoice ocr"
tally invoice format,10,5.57,0.52,MEDIUM,,informational,idea,"invoice automation,ai invoice generator,invoice processing,invoice ocr"
refund invoice quickbooks,10,,0.05,LOW,,transactional,idea,"invoice automation,ai invoice generator,invoice processing,invoice ocr"
invoice requirements nz,10,,,,0,informational,idea,"invoice automation,ai invoice generator,invoice processing,invoice ocr"
stripe invoice preview,10,,0,LOW,,informational,idea,"automated invoicing,invoice software,invoice management,invoice api|invoice automation,ai invoice generator,invoice processing,invoice ocr"
it services invoice,10,0.01,1,HIGH,0,commercial,idea,"invoice automation,ai invoice generator,invoice processing,invoice ocr"
coo commercial invoice,10,,0.14,LOW,,navigational,idea,"invoice automation,ai invoice generator,invoice processing,invoice ocr"
current invoice amount meaning,10,,0,LOW,,informational,idea,"invoice automation,ai invoice generator,invoice processing,invoice ocr"
best ocr for accounts payable,10,,0,LOW,,commercial,idea,"invoice automation,ai invoice generator,invoice processing,invoice ocr"
accounts payable reconciliation spreadsheet,10,,0,LOW,,informational,idea,"invoice automation,ai invoice generator,invoice processing,invoice ocr"
invoicing accounts receivable automation solutions,10,,,,,commercial,idea,"invoice automation,ai invoice generator,invoice processing,invoice ocr"
zoho books recurring invoices,10,,0,LOW,48,navigational,idea,"invoice automation,ai invoice generator,invoice processing,invoice ocr"
utilities payable current or noncurrent,10,,,,,informational,idea,"invoice automation,ai invoice generator,invoice processing,invoice ocr"
equity paybill template,10,,,,,informational,idea,"invoice automation,ai invoice generator,invoice processing,invoice ocr"
uvu accounts receivable,10,,0,LOW,,navigational,idea,"invoice automation,ai invoice generator,invoice processing,invoice ocr"
iu accounts receivable,10,,0,LOW,23,navigational,idea,"invoice automation,ai invoice generator,invoice processing,invoice ocr"
bir invoicing requirements,10,,,,,commercial,idea,"invoice automation,ai invoice generator,invoice processing,invoice ocr"
easy invoicing system,10,55.88,0.86,HIGH,,commercial,idea,"automated invoicing,invoice software,invoice management,invoice api|invoice automation,ai invoice generator,invoice processing,invoice ocr"
lawson software accounts payable,10,,,,,navigational,idea,"invoice automation,ai invoice generator,invoice processing,invoice ocr"
invoice in php,10,,0,LOW,50,informational,idea,"invoice automation,ai invoice generator,invoice processing,invoice ocr"
sage 50 invoice import,10,,,,,transactional,idea,"invoice automation,ai invoice generator,invoice processing,invoice ocr"
e invoice implementation timeline,10,,,,,informational,idea,"invoice automation,ai invoice generator,invoice processing,invoice ocr"
invoice and quotation difference,10,,0.03,LOW,0,informational,idea,"invoice automation,ai invoice generator,invoice processing,invoice ocr"
e invoice for services,10,,,,4,commercial,idea,"invoice automation,ai invoice generator,invoice processing,invoice ocr"
eu commercial invoice requirements,10,,0.14,LOW,,informational,idea,"invoice automation,ai invoice generator,invoice processing,invoice ocr"
e invoice turnover limit,10,,,,,informational,idea,"invoice automation,ai invoice generator,invoice processing,invoice ocr"
temu invoice for company,10,,,,,transactional,idea,"invoice automation,ai invoice generator,invoice processing,invoice ocr"
e invoice tally prime,10,,,,,informational,idea,"invoice automation,ai invoice generator,invoice processing,invoice ocr"
invoice netsuite,10,24.36,0.86,HIGH,0,navigational,idea,"invoice automation,ai invoice generator,invoice processing,invoice ocr"
invoice due on receipt meaning,10,,0,LOW,0,informational,idea,"invoice automation,ai invoice generator,invoice processing,invoice ocr"
vouchers payable vs accounts payable,10,,0.02,LOW,,informational,idea,"invoice automation,ai invoice generator,invoice processing,invoice ocr"
bgsu accounts payable,10,,0,LOW,,navigational,idea,"invoice automation,ai invoice generator,invoice processing,invoice ocr"
suits accounts payable,10,,0,LOW,0,commercial,idea,"invoice automation,ai invoice generator,invoice processing,invoice ocr"
cvs accounts payable,10,,0,LOW,0,navigational,idea,"invoice automation,ai invoice generator,invoice processing,invoice ocr"
lidl accounts payable,10,,0,LOW,,navigational,idea,"invoice automation,ai invoice generator,invoice processing,invoice ocr"
cigna accounts payable,10,,0,LOW,,navigational,idea,"invoice automation,ai invoice generator,invoice processing,invoice ocr"
odu accounts payable,10,,0,LOW,,navigational,idea,"invoice automation,ai invoice generator,invoice processing,invoice ocr"
accounts payable gif,10,,0,LOW,,informational,idea,"invoice automation,ai invoice generator,invoice processing,invoice ocr"
unr accounts payable,10,,0,LOW,47,navigational,idea,"invoice automation,ai invoice generator,invoice processing,invoice ocr"
usm accounts payable,10,,0,LOW,45,informational,idea,"invoice automation,ai invoice generator,invoice processing,invoice ocr"
basf accounts-payable,10,3.62,0.07,LOW,,transactional,idea,"invoice automation,ai invoice generator,invoice processing,invoice ocr"
aep accounts payable,10,,0,LOW,,navigational,idea,"invoice automation,ai invoice generator,invoice processing,invoice ocr"
uaa accounts payable,10,,0,LOW,0,navigational,idea,"invoice automation,ai invoice generator,invoice processing,invoice ocr"
starbucks accounts payable,10,,0,LOW,0,commercial,idea,"invoice automation,ai invoice generator,invoice processing,invoice ocr"
chop accounts payable,10,,0,LOW,,informational,idea,"invoice automation,ai invoice generator,invoice processing,invoice ocr"
csx accounts payable,10,,0,LOW,,navigational,idea,"invoice automation,ai invoice generator,invoice processing,invoice ocr"
jefferson accounts payable,10,,0,LOW,,navigational,idea,"invoice automation,ai invoice generator,invoice processing,invoice ocr"
famu accounts payable,10,,0,LOW,11,navigational,idea,"invoice automation,ai invoice generator,invoice processing,invoice ocr"
accounts payable worksheet,10,,0.7,HIGH,,informational,idea,"invoice automation,ai invoice generator,invoice processing,invoice ocr"
csulb accounts payable,10,,0,LOW,,navigational,idea,"invoice automation,ai invoice generator,invoice processing,invoice ocr"
basf accounts payable,10,3.62,0.07,LOW,,navigational,idea,"invoice automation,ai invoice generator,invoice processing,invoice ocr"
ohsu accounts payable,10,,0,LOW,26,navigational,idea,"invoice automation,ai invoice generator,invoice processing,invoice ocr"
xto accounts payable,10,,0.05,LOW,,navigational,idea,"invoice automation,ai invoice generator,invoice processing,invoice ocr"
airgas accounts payable,10,,0,LOW,48,navigational,idea,"invoice automation,ai invoice generator,invoice processing,invoice ocr"
eversource accounts payable,10,,0,LOW,,navigational,idea,"invoice automation,ai invoice generator,invoice processing,invoice ocr"
accounts payable utk,10,,0,LOW,,commercial,idea,"invoice automation,ai invoice generator,invoice processing,invoice ocr"
autozone accounts payable,10,,0,LOW,,commercial,idea,"invoice automation,ai invoice generator,invoice processing,invoice ocr"
accounts payable payscale,10,,0,LOW,23,informational,idea,"invoice automation,ai invoice generator,invoice processing,invoice ocr"
myob accounts payable,10,,0,LOW,,navigational,idea,"invoice automation,ai invoice generator,invoice processing,invoice ocr"
csi accounts payable,10,,0.14,LOW,,navigational,idea,"invoice automation,ai invoice generator,invoice processing,invoice ocr"
3m accounts payable,10,,0,LOW,44,informational,idea,"invoice automation,ai invoice generator,invoice processing,invoice ocr"
anna invoice,10,,0.32,LOW,,informational,idea,"invoice automation,ai invoice generator,invoice processing,invoice ocr"
ownwell invoice,10,7.38,0.12,LOW,,transactional,idea,"invoice automation,ai invoice generator,invoice processing,invoice ocr"
avon invoice,10,,0,LOW,18,informational,idea,"invoice automation,ai invoice generator,invoice processing,invoice ocr"
netsuite intercompany invoicing,10,,,,,navigational,idea,"invoice automation,ai invoice generator,invoice processing,invoice ocr"
consolidated invoicing netsuite,10,,0.22,LOW,0,navigational,idea,"invoice automation,ai invoice generator,invoice processing,invoice ocr"
clean harbors accounts payable,10,,0.05,LOW,,navigational,idea,"invoice automation,ai invoice generator,invoice processing,invoice ocr"
freelance jobs accounts payable,10,,0,LOW,0,informational,idea,"invoice automation,ai invoice generator,invoice processing,invoice ocr"
drake invoice,10,,0,LOW,0,navigational,idea,"invoice automation,ai invoice generator,invoice processing,invoice ocr"
transperfect invoice,10,7.94,0.36,MEDIUM,,informational,idea,"invoice automation,ai invoice generator,invoice processing,invoice ocr"
invoice exception,10,,0,LOW,0,informational,idea,"invoice automation,ai invoice generator,invoice processing,invoice ocr"
invoice malaysia,10,,0.05,LOW,9,informational,idea,"invoice automation,ai invoice generator,invoice processing,invoice ocr"
roadrunner invoice,10,,0,LOW,,informational,idea,"invoice automation,ai invoice generator,invoice processing,invoice ocr"
mint invoice,10,11.28,0.23,LOW,17,informational,idea,"invoice automation,ai invoice generator,invoice processing,invoice ocr"
canada invoice,10,,0.24,LOW,18,informational,idea,"invoice automation,ai invoice generator,invoice processing,invoice ocr"
pmi invoice,10,,0.04,LOW,,commercial,idea,"invoice automation,ai invoice generator,invoice processing,invoice ocr"
deloitte invoice,10,,0.02,LOW,,commercial,idea,"invoice automation,ai invoice generator,invoice processing,invoice ocr"
etr invoice,10,,0,LOW,,informational,idea,"invoice automation,ai invoice generator,invoice processing,invoice ocr"
freshdesk invoice,10,,0,LOW,,commercial,idea,"invoice automation,ai invoice generator,invoice processing,invoice ocr"
solna invoice,10,,,,49,informational,idea,"invoice automation,ai invoice generator,invoice processing,invoice ocr"
kiwi invoice,10,,,,,informational,idea,"invoice automation,ai invoice generator,invoice processing,invoice ocr"
commercial invoice vs proforma invoice vs tax invoice,10,,,,,commercial,idea,"invoice automation,ai invoice generator,invoice processing,invoice ocr"
net invoice vs gross invoice,10,,0,LOW,,informational,idea,"invoice automation,ai invoice generator,invoice processing,invoice ocr"
proforma invoice commercial invoice difference,10,,0,LOW,,informational,idea,"invoice automation,ai invoice generator,invoice processing,invoice ocr"
proforma invoice vs performa invoice,10,,0,LOW,,informational,idea,"invoice automation,ai invoice generator,invoice processing,invoice ocr"
cash bill format,10,5.37,0.57,MEDIUM,4,informational,idea,"invoice automation,ai invoice generator,invoice processing,invoice ocr"
invoice date vs accounting date,10,,0,LOW,0,informational,idea,"invoice automation,ai invoice generator,invoice processing,invoice ocr"
please see the attached invoice,10,,0,LOW,,transactional,idea,"invoice automation,ai invoice generator,invoice processing,invoice ocr"
sliq invoice,10,,,,18,commercial,idea,"invoice automation,ai invoice generator,invoice processing,invoice ocr"
istock invoice,10,,0,LOW,0,informational,idea,"invoice automation,ai invoice generator,invoice processing,invoice ocr"
jbl invoice,10,,,,,informational,idea,"invoice automation,ai invoice generator,invoice processing,invoice ocr"
etax invoice,10,,0.29,LOW,,informational,idea,"invoice automation,ai invoice generator,invoice processing,invoice ocr"
vgen invoice,10,,0.04,LOW,,transactional,idea,"invoice automation,ai invoice generator,invoice processing,invoice ocr"
invoice attributes,10,,0,LOW,0,informational,idea,"invoice automation,ai invoice generator,invoice processing,invoice ocr"
wasac invoice,10,,0,LOW,,informational,idea,"invoice automation,ai invoice generator,invoice processing,invoice ocr"
kledo invoice,10,,0.71,HIGH,,navigational,idea,"invoice automation,ai invoice generator,invoice processing,invoice ocr"
invoice ng,10,,0.57,MEDIUM,7,informational,idea,"invoice automation,ai invoice generator,invoice processing,invoice ocr"
activecampaign invoice,10,,0,LOW,,commercial,idea,"invoice automation,ai invoice generator,invoice processing,invoice ocr"
paystack invoice,10,,0,LOW,,informational,idea,"invoice automation,ai invoice generator,invoice processing,invoice ocr"
finnair invoice,10,,0,LOW,,navigational,idea,"invoice automation,ai invoice generator,invoice processing,invoice ocr"
sapo invoice,10,,0.19,LOW,,transactional,idea,"invoice automation,ai invoice generator,invoice processing,invoice ocr"
ndis invoice,10,,0,LOW,,informational,idea,"invoice automation,ai invoice generator,invoice processing,invoice ocr"
producer invoice,10,18.78,0.8,HIGH,32,informational,idea,"invoice automation,ai invoice generator,invoice processing,invoice ocr"
invoice figma,10,,0.14,LOW,2,informational,idea,"invoice automation,ai invoice generator,invoice processing,invoice ocr"
invoice exchange,10,,0.05,LOW,22,commercial,idea,"invoice automation,ai invoice generator,invoice processing,invoice ocr"
quickbooks invoice design,10,,0.05,LOW,5,commercial,idea,"invoice automation,ai invoice generator,invoice processing,invoice ocr"
invoicing policy in odoo,10,,0,LOW,0,commercial,idea,"invoice automation,ai invoice generator,invoice processing,invoice ocr"
invoicing system for freelancers,10,12.09,0.88,HIGH,0,commercial,idea,"automated invoicing,invoice software,invoice management,invoice api|invoice automation,ai invoice generator,invoice processing,invoice ocr"
accounts payable pdf notes,10,,,,,informational,idea,"invoice automation,ai invoice generator,invoice processing,invoice ocr"
accounts payable notes pdf,10,,,,,informational,idea,"invoice automation,ai invoice generator,invoice processing,invoice ocr"
automated electronic invoicing,10,,0,LOW,,commercial,idea,"invoice automation,ai invoice generator,invoice processing,invoice ocr"
proforma invoice and commercial invoice difference,10,,0,LOW,,informational,idea,"invoice automation,ai invoice generator,invoice processing,invoice ocr"
free accounts payable test,10,,0.05,LOW,,informational,idea,"invoice automation,ai invoice generator,invoice processing,invoice ocr"
free accounts payable tests,10,,0.05,LOW,,informational,idea,"invoice automation,ai invoice generator,invoice processing,invoice ocr"
great plains accounts receivable,10,53.03,0.64,MEDIUM,,informational,idea,"invoice automation,ai invoice generator,invoice processing,invoice ocr"
accounts payable three-way invoice matching,10,,,,,informational,idea,"invoice automation,ai invoice generator,invoice processing,invoice ocr"
accounts payable three way invoice matching,10,,,,,informational,idea,"invoice automation,ai invoice generator,invoice processing,invoice ocr"
zoho gst reconciliation,10,,,,,navigational,idea,"invoice automation,ai invoice generator,invoice processing,invoice ocr"
accounts payable process meaning,10,,,,55,informational,idea,"invoice automation,ai invoice generator,invoice processing,invoice ocr"
accounts payable reconciliation meaning,10,,0,LOW,,informational,idea,"invoice automation,ai invoice generator,invoice processing,invoice ocr"
accounts receivable and payable template,10,,0.57,MEDIUM,,informational,idea,"invoice automation,ai invoice generator,invoice processing,invoice ocr"
invoice payment schedule,10,124.23,0.71,HIGH,0,informational,idea,"invoice automation,ai invoice generator,invoice processing,invoice ocr"
quickbooks invoice setup,10,,0.86,HIGH,,transactional,idea,"invoice automation,ai invoice generator,invoice processing,invoice ocr"
notes payable current liability,10,,0,LOW,2,informational,idea,"invoice automation,ai invoice generator,invoice processing,invoice ocr"
small business software tools,10,,0.43,MEDIUM,,commercial,idea,"automated invoicing,invoice software,invoice management,invoice api"
invoicing system software,10,,0.48,MEDIUM,39,commercial,idea,"automated invoicing,invoice software,invoice management,invoice api"
create invoice sap,10,,0.26,LOW,0,transactional,idea,"automated invoicing,invoice software,invoice management,invoice api"
go gst billing software,10,,,,,transactional,idea,"automated invoicing,invoice software,invoice management,invoice api"
billing software for pc,10,,0.38,MEDIUM,57,commercial,idea,"automated invoicing,invoice software,invoice management,invoice api"
zoho account billing,10,,0.06,LOW,,navigational,idea,"automated invoicing,invoice software,invoice management,invoice api"
zoho invoice alternatives,10,,,,47,commercial,idea,"automated invoicing,invoice software,invoice management,invoice api"
zoho online invoice,10,46.45,0.25,LOW,53,transactional,idea,"automated invoicing,invoice software,invoice management,invoice api"
indigo invoice download,10,,0,LOW,0,transactional,idea,"automated invoicing,invoice software,invoice management,invoice api"
invoicing software reddit,10,,0.43,MEDIUM,,commercial,idea,"automated invoicing,invoice software,invoice management,invoice api"
free payroll software canada,10,,,,,commercial,idea,"automated invoicing,invoice software,invoice management,invoice api"
linkedin invoice download,10,,0,LOW,,transactional,idea,"automated invoicing,invoice software,invoice management,invoice api"
e invoicing for small business,10,31.71,0.95,HIGH,,commercial,idea,"automated invoicing,invoice software,invoice management,invoice api"
zoho invoice offline,10,,0,LOW,48,transactional,idea,"automated invoicing,invoice software,invoice management,invoice api"
vendor invoice pln,10,,,,,commercial,idea,"automated invoicing,invoice software,invoice management,invoice api"
lufthansa invoice download,10,,0,LOW,,informational,idea,"automated invoicing,invoice software,invoice management,invoice api"
stripe invoice metadata,10,,0,LOW,50,informational,idea,"automated invoicing,invoice software,invoice management,invoice api"
refund invoice stripe,10,,,,,informational,idea,"automated invoicing,invoice software,invoice management,invoice api"
new lease accounting software solutions,10,,,,,commercial,idea,"automated invoicing,invoice software,invoice management,invoice api"
invoicing software india,10,20.34,0.79,HIGH,74,commercial,idea,"automated invoicing,invoice software,invoice management,invoice api"
monthly invoicing linkedin,10,,0.14,LOW,,navigational,idea,"automated invoicing,invoice software,invoice management,invoice api"
mulesoft for small business,10,,0.52,MEDIUM,,commercial,idea,"automated invoicing,invoice software,invoice management,invoice api"
free payroll system for small business,10,169.65,0.74,HIGH,23,commercial,idea,"automated invoicing,invoice software,invoice management,invoice api"
express invoice invoicing software download,10,,,,,navigational,idea,"automated invoicing,invoice software,invoice management,invoice api"
restaurant billing software for pc,10,,,,,commercial,idea,"automated invoicing,invoice software,invoice management,invoice api"
automated billing system software,10,,0,LOW,,commercial,idea,"automated invoicing,invoice software,invoice management,invoice api"
zoho invoice custom fields,10,,0,LOW,48,navigational,idea,"automated invoicing,invoice software,invoice management,invoice api"
zoho invoice vs wave,10,,0.05,LOW,18,commercial,idea,"automated invoicing,invoice software,invoice management,invoice api"
netsuite 1099 vendor payment report,10,,,,,informational,idea,"automated invoicing,invoice software,invoice management,invoice api"
stripe invoice due date,10,,0,LOW,,informational,idea,"automated invoicing,invoice software,invoice management,invoice api"
stripe one time invoice,10,,0.29,LOW,62,informational,idea,"automated invoicing,invoice software,invoice management,invoice api"
cloud invoice software,10,,0.18,LOW,67,commercial,idea,"automated invoicing,invoice software,invoice management,invoice api"
e invoicing download,10,,0,LOW,,transactional,idea,"automated invoicing,invoice software,invoice management,invoice api"
timekeeping and invoicing software,10,40.82,0.62,MEDIUM,,commercial,idea,"automated invoicing,invoice software,invoice management,invoice api"
best invoicing software reddit,10,82.77,0.4,MEDIUM,,commercial,idea,"automated invoicing,invoice software,invoice management,invoice api"
best legal billing software solo,10,,,,,commercial,idea,"automated invoicing,invoice software,invoice management,invoice api"
apple invoice receipt pdf,10,,,,,informational,idea,"automated invoicing,invoice software,invoice management,invoice api"
busy billing software,10,,0.36,MEDIUM,53,commercial,idea,"automated invoicing,invoice software,invoice management,invoice api"
reference billing software,10,,,,,commercial,idea,"automated invoicing,invoice software,invoice management,invoice api"
split-billing software,10,,0.38,MEDIUM,0,commercial,idea,"automated invoicing,invoice software,invoice management,invoice api"
tally billing software,10,1.35,0.29,LOW,,commercial,idea,"automated invoicing,invoice software,invoice management,invoice api"
staples invoice software,10,,0.14,LOW,,commercial,idea,"automated invoicing,invoice software,invoice management,invoice api"
invoicing software malaysia,10,,,,1,commercial,idea,"automated invoicing,invoice software,invoice management,invoice api"
small business money management app,10,,0.86,HIGH,75,commercial,idea,"automated invoicing,invoice software,invoice management,invoice api"
sap invoice software,10,6.14,0.61,MEDIUM,,commercial,idea,"automated invoicing,invoice software,invoice management,invoice api"
revolut business invoice,10,,0.67,HIGH,,transactional,idea,"automated invoicing,invoice software,invoice management,invoice api"
google business invoice,10,6.52,0.23,LOW,,commercial,idea,"automated invoicing,invoice software,invoice management,invoice api"
sap vendor invoice,10,,0.14,LOW,0,commercial,idea,"automated invoicing,invoice software,invoice management,invoice api"
money management software for pc,10,,0.86,HIGH,,commercial,idea,"automated invoicing,invoice software,invoice management,invoice api"
billing invoice software download,10,,,,,transactional,idea,"automated invoicing,invoice software,invoice management,invoice api"
invoicing software one time purchase,10,,,,,transactional,idea,"automated invoicing,invoice software,invoice management,invoice api"
self hosted invoice ninja,10,,0.07,LOW,24,navigational,idea,"automated invoicing,invoice software,invoice management,invoice api"
zoho create invoice,10,3.35,0.54,MEDIUM,48,transactional,idea,"automated invoicing,invoice software,invoice management,invoice api"
create invoice zoho,10,,0.1,LOW,48,transactional,idea,"automated invoicing,invoice software,invoice management,invoice api"
e-invoicing software saudi arabia,10,,,,,commercial,idea,"automated invoicing,invoice software,invoice management,invoice api"
linkedin monthly invoicing,10,,0.1,LOW,,navigational,idea,"automated invoicing,invoice software,invoice management,invoice api"
banyon utility billing software,10,23.93,0.64,MEDIUM,,navigational,idea,"automated invoicing,invoice software,invoice management,invoice api"
best uk small business accounting software,10,,0.2,LOW,32,commercial,idea,"automated invoicing,invoice software,invoice management,invoice api"
zoho small business software,10,,0.17,LOW,52,commercial,idea,"automated invoicing,invoice software,invoice management,invoice api"
invoice maker github,10,,0.14,LOW,34,commercial,idea,"automated invoicing,invoice software,invoice management,invoice api"
gst billing software india,10,,,,,commercial,idea,"automated invoicing,invoice software,invoice management,invoice api"
isp billing software mikrotik,10,,0.81,HIGH,2,commercial,idea,"automated invoicing,invoice software,invoice management,invoice api"
invoice sample.com,10,,,,61,informational,idea,"automated invoicing,invoice software,invoice management,invoice api"
free invoice manager,10,26.25,0.81,HIGH,58,commercial,idea,"automated invoicing,invoice software,invoice management,invoice api"
invoice simple for pc,10,,0.52,MEDIUM,21,transactional,idea,"automated invoicing,invoice software,invoice management,invoice api"
best billing software for jewellery shop,10,,,,,commercial,idea,"automated invoicing,invoice software,invoice management,invoice api"
squarespace invoice download,10,,0,LOW,,navigational,idea,"automated invoicing,invoice software,invoice management,invoice api"
openai download invoice,10,,0,LOW,8,transactional,idea,"automated invoicing,invoice software,invoice management,invoice api"
cursor invoice download,10,,0,LOW,,transactional,idea,"automated invoicing,invoice software,invoice management,invoice api"
udemy download invoice,10,,,,,transactional,idea,"automated invoicing,invoice software,invoice management,invoice api"
billing software zoho,10,,,,,commercial,idea,"automated invoicing,invoice software,invoice management,invoice api"
zoho invoice vs billing,10,,0,LOW,,commercial,idea,"automated invoicing,invoice software,invoice management,invoice api"
accounting software for,10,,0.62,MEDIUM,84,commercial,idea,"automated invoicing,invoice software,invoice management,invoice api"
best time tracking and invoicing software,10,,0.86,HIGH,58,commercial,idea,"automated invoicing,invoice software,invoice management,invoice api"
small business invoicing software reviews,10,,0,LOW,,commercial,idea,"automated invoicing,invoice software,invoice management,invoice api"
small business invoicing software nz,10,,,,,commercial,idea,"automated invoicing,invoice software,invoice management,invoice api"
electronic fiscal receipting and invoicing system,10,,,,,commercial,idea,"automated invoicing,invoice software,invoice management,invoice api"
accounting software for small business open source,10,,,,49,commercial,idea,"automated invoicing,invoice software,invoice management,invoice api"
free accounting software with inventory management,10,16.31,0.52,MEDIUM,,commercial,idea,"automated invoicing,invoice software,invoice management,invoice api"
sap create invoice,10,,0.26,LOW,0,transactional,idea,"automated invoicing,invoice software,invoice management,invoice api"
netsuite small business accounting software,10,,,,,commercial,idea,"automated invoicing,invoice software,invoice management,invoice api"
sap invoice report with po number,10,,,,,informational,idea,"automated invoicing,invoice software,invoice management,invoice api"
electronic invoicing billing software,10,,,,,commercial,idea,"automated invoicing,invoice software,invoice management,invoice api"
computerized accounting software free download,10,,,,,transactional,idea,"automated invoicing,invoice software,invoice management,invoice api"
mr reporting software,10,,0,LOW,,navigational,idea,"automated invoicing,invoice software,invoice management,invoice api"
system audit software,10,,0.36,MEDIUM,31,commercial,idea,"automated invoicing,invoice software,invoice management,invoice api"
free online invoicing software for small business,10,,,,,commercial,idea,"automated invoicing,invoice software,invoice management,invoice api"
sap display vendor invoice,10,,0,LOW,47,navigational,idea,"automated invoicing,invoice software,invoice management,invoice api"
reverse vendor invoice sap,10,,,,,informational,idea,"automated invoicing,invoice software,invoice management,invoice api"
sap vendor invoice report,10,,0,LOW,44,informational,idea,"automated invoicing,invoice software,invoice management,invoice api"
display vendor invoice sap,10,,0,LOW,,navigational,idea,"automated invoicing,invoice software,invoice management,invoice api"
business charge account,10,,0.7,HIGH,25,commercial,idea,"automated invoicing,invoice software,invoice management,invoice api"
cms balance billing,10,,0,LOW,82,navigational,idea,"automated invoicing,invoice software,invoice management,invoice api"
microinvest invoice pro,10,,0.57,MEDIUM,,commercial,idea,"automated invoicing,invoice software,invoice management,invoice api"
reliance retail invoice download,10,,,,,navigational,idea,"automated invoicing,invoice software,invoice management,invoice api"
vfs global invoice download,10,,,,,informational,idea,"automated invoicing,invoice software,invoice management,invoice api"
lg amc invoice download,10,,,,,transactional,idea,"automated invoicing,invoice software,invoice management,invoice api"
accounts payable automation software for small business,,,,,,commercial,related|suggestion,accounts payable automation|invoice automation
zoho invoice app for android,,,,,54,navigational,related,invoice automation
zoho invoice generator download,,,,,,navigational,related,invoice automation
invoice processing jobs near california,,,,,,commercial,related|suggestion,invoice processing
invoice processing jobs near texas,,,,,,commercial,related|suggestion,invoice processing
compliance invoice meaning,,,,,,informational,related,invoice processing
spacy for invoice extraction,0,,,,,informational,related|suggestion,invoice data extraction|invoice extraction
top ap automation companies,,,,,,commercial,related,accounts payable automation
janus automation llc paypal invoice,0,,,,,navigational,suggestion,invoice automation
invoice automation rpa,0,,,,0,commercial,suggestion,invoice automation
automation solution for invoice status,0,,,,,commercial,suggestion,invoice automation
invoice automation market,,,,,,commercial,suggestion,invoice automation
sap concur invoice automation,,,,,,commercial,suggestion,invoice automation
invoice automation using uipath,,,,,,commercial,suggestion,invoice automation
robotic process automation invoice,,,,,,commercial,suggestion,invoice automation
sap ap invoice automation,,,,,,commercial,suggestion,invoice automation
invoice automation github,,,,,,commercial,suggestion,invoice automation
paymode-x invoice automation,,,,,,commercial,suggestion,invoice automation
quickbooks desktop invoice automation,,,,,,transactional,suggestion,invoice automation
invoice processing using rpa and automation using apn,,,,,,commercial,suggestion,invoice automation|invoice processing
oracle ebs ap invoice automation,,,,,,commercial,suggestion,invoice automation
microsoft invoice automation,,,,,,commercial,suggestion,invoice automation
quickbooks online invoice automation,,,,,,commercial,suggestion,invoice automation
e invoice automation,,,,,,commercial,suggestion,invoice automation
dataline invoice automation,,,,,,commercial,suggestion,invoice automation
inspyrus invoice automation login,,,,,,navigational,suggestion,invoice automation
ibm invoice automation,,,,,,commercial,suggestion,invoice automation
error creating word invoice automation server can t create object,,,,,,informational,suggestion,invoice automation
invoice automation case study,,,,,,commercial,suggestion,invoice automation
invoice automation and payment automation bill com,,,,,,commercial,suggestion,invoice automation
palette invoice automation,,,,,,commercial,suggestion,invoice automation
ap invoice automation oracle,,,,,,commercial,suggestion,invoice automation
invoice automation wix,,,,,,commercial,suggestion,invoice automation
paymode x invoice automation,,,,,,commercial,suggestion,invoice automation
commerce bank invoice automation,,,,,,commercial,suggestion,invoice automation
sap vendor invoice automation,,,,,,commercial,suggestion,invoice automation
taulia invoice automation,,,,,,commercial,suggestion,invoice automation
amazon invoice automation,,,,,,commercial,suggestion,invoice automation
sage invoice automation,,,,,,commercial,suggestion,invoice automation
invoice receipt automation,,,,,,commercial,suggestion,invoice automation
ariba po and invoice automation,,,,,,navigational,suggestion,invoice automation
wix invoice automation,,,,,,commercial,suggestion,invoice automation
non po invoice processing automation,,,,,,commercial,suggestion,invoice automation|invoice processing
ariba purchase order and invoice automation,,,,,,transactional,suggestion,invoice automation
invoice processing using automation anywhere,,,,,,commercial,suggestion,invoice automation|invoice processing
invoice processing automation anywhere,,,,,,commercial,suggestion,invoice automation|invoice processing
invoice automation in d365,,,,,,commercial,suggestion,invoice automation
invoice automation statistics,,,,,,commercial,suggestion,invoice automation
invoice automation market size,,,,,,commercial,suggestion,invoice automation
e-invoice automation,,,,,,commercial,suggestion,invoice automation
tungsten invoice automation,,,,,,navigational,suggestion,invoice automation
oracle invoice processing automation,,,,,22,commercial,suggestion,invoice automation|invoice processing
navision invoice automation,,,,,,commercial,suggestion,invoice automation
commercial invoice automation,,,,,,commercial,suggestion,invoice automation
bill com invoice automation,,,,,,commercial,suggestion,invoice automation
gartner ap invoice automation,,,,,,transactional,suggestion,invoice automation
invoice processing automation cost,,,,,,commercial,suggestion,invoice automation|invoice processing
invoice template illustrator format ai,0,,,,,informational,suggestion,ai invoice
ai invoice processing uipath,0,,,,,commercial,suggestion,ai invoice|invoice processing
uipath ai invoice processing,0,,,,52,commercial,suggestion,ai invoice|invoice processing
ai enabled fintech b2b invoice management,0,,,,,commercial,suggestion,ai invoice|invoice management
uipath invoice ai,0,,,,52,commercial,suggestion,ai invoice
uipath invoice processing ai,,,,,,commercial,suggestion,ai invoice|invoice processing
invoice capture ai,,,,,,transactional,suggestion,ai invoice
freelance invoice template ai,,,,,,commercial,suggestion,ai invoice
invoice extraction ai,,,,,,commercial,suggestion,ai invoice|invoice extraction
powerapps ai builder invoice,,,,,,commercial,suggestion,ai invoice
template invoice ai,,,,,13,commercial,suggestion,ai invoice
invoice processing ai builder,,,,,,commercial,suggestion,ai invoice|invoice processing
automated invoice handling with machine learning and ocr,0,,,,,commercial,suggestion,automated invoice|invoice ocr
how to create automated invoice in excel in hindi,0,,,,,informational,suggestion,automated invoice
automated invoice and stock,0,,,,,commercial,suggestion,automated invoice
excel automated invoice saves data,0,,,,,transactional,suggestion,automated invoice
fusion automated invoice processing cloud service data sheet,,,,,,commercial,suggestion,automated invoice|invoice processing
automated invoice in word,,,,,,commercial,suggestion,automated invoice
quickbooks online automated invoice,,,,,,transactional,suggestion,automated invoice
automated invoice chasing,,,,,,commercial,suggestion,automated invoice
automated invoice validation,,,,,,commercial,suggestion,automated invoice
oracle fusion automated invoice processing cloud service data sheet,,,,,,commercial,suggestion,automated invoice|invoice processing
automated invoice processing and storing details,,,,,,commercial,suggestion,automated invoice|invoice processing
manual vs automated invoice,,,,,,informational,suggestion,automated invoice
automated invoice processing configuration,,,,,,commercial,suggestion,automated invoice|invoice processing
quickbooks desktop automated invoice,,,,,,transactional,suggestion,automated invoice
automated invoice processing sage,,,,,,commercial,suggestion,automated invoice|invoice processing
automated invoice processing workflow,,,,,,commercial,suggestion,automated invoice|invoice processing
automated invoice processing oracle fusion,,,,,55,commercial,suggestion,automated invoice|invoice processing
automated invoice processing xero,,,,,,commercial,suggestion,automated invoice|invoice processing
automated invoice processing pdf,,,,,,informational,suggestion,automated invoice|invoice processing
quickbooks automated email invoice,,,,,,transactional,suggestion,automated invoice
automated invoice processing oracle cloud,,,,,,commercial,suggestion,automated invoice|invoice processing
free automated invoice processing,,,,,,commercial,suggestion,automated invoice|invoice processing
automated invoice processing for accounts payable,,,,,,commercial,suggestion,automated invoice|invoice processing
automated sales invoice,,,,,,commercial,suggestion,automated invoice
automated invoice shopify,,,,,,commercial,suggestion,automated invoice
automated invoice template excel,,,,,,informational,suggestion,automated invoice
automated invoice data entry,,,,,,commercial,suggestion,automated invoice
automatic invoice verification in sap,0,,,,,commercial,suggestion,automatic invoice
automatic invoice shopify,0,,,,,commercial,suggestion,automatic invoice
automatic gst invoice,0,,,,,informational,suggestion,automatic invoice
creation of fully automatic gst invoice in excel,0,,,,,transactional,suggestion,automatic invoice
automatic invoice number change in excel,0,,,,,informational,suggestion,automatic invoice
automatic sales invoice number in tally,0,,,,,informational,suggestion,automatic invoice
tally prime automatic invoice number,0,,,,,informational,suggestion,automatic invoice
ebay automatic invoice,0,,,,,informational,suggestion,automatic invoice
automatic gst invoice format in excel,0,,,,,transactional,suggestion,automatic invoice
how to generate automatic invoice in excel,0,,,,64,informational,suggestion,automatic invoice
automatic invoice woocommerce,0,,,,75,commercial,suggestion,automatic invoice
fully automatic gst invoice in excel download,0,,,,,transactional,suggestion,automatic invoice
how to automatic invoice number in tally,0,,,,,informational,suggestion,automatic invoice
automatic invoice number in tally prime,0,,,,,transactional,suggestion,automatic invoice
excel invoice number automatic,0,,,,,informational,suggestion,automatic invoice
how to generate automatic invoice number in php,0,,,,,informational,suggestion,automatic invoice
xero automatic invoice number,0,,,,,informational,suggestion,automatic invoice
automatic sales invoice number in tally prime,0,,,,,informational,suggestion,automatic invoice
automatic gst invoice in excel,0,,,,,transactional,suggestion,automatic invoice
automatic invoice data entry,0,,,,,commercial,suggestion,automatic invoice
automatic invoice number in tally,0,,,,,informational,suggestion,automatic invoice
fully automatic gst invoice in excel hindi,,,,,,transactional,suggestion,automatic invoice
sap automatic invoice blocking,,,,,,informational,suggestion,automatic invoice
qbo automatic invoice,,,,,,navigational,suggestion,automatic invoice
automatic invoice reminders,,,,,,commercial,suggestion,automatic invoice
how to disable automatic invoice number in tally,,,,,,informational,suggestion,automatic invoice
automatic invoice numbering in quickbooks,,,,,,informational,suggestion,automatic invoice
how to create fully automatic multi rate gst invoice,,,,,,informational,suggestion,automatic invoice
tally automatic invoice number,,,,,,informational,suggestion,automatic invoice
automatic gst invoice in excel free download,,,,,,transactional,suggestion,automatic invoice
automatic invoice generator shopify,,,,,,commercial,suggestion,automatic invoice
quickbooks 2016 automatic invoice number generation,,,,,,informational,suggestion,automatic invoice
woocommerce automatic invoice email,,,,,,commercial,suggestion,automatic invoice
automatic vat invoice amazon,,,,,,informational,suggestion,automatic invoice
quickbooks automatic overdue invoice reminder,,,,,,informational,suggestion,automatic invoice|invoice reminder
automatic invoice reminder,,,,,,transactional,suggestion,automatic invoice|invoice reminder
quickbooks desktop automatic invoice number generation,,,,,,informational,suggestion,automatic invoice
automatic invoice reminders myob,,,,,,informational,suggestion,automatic invoice
automatic invoice numbering in quickbooks online,,,,,,transactional,suggestion,automatic invoice
automatic invoice parsing,,,,,,commercial,suggestion,automatic invoice
how to create automatic invoice number in excel 2007,,,,,,informational,suggestion,automatic invoice
automatic invoice generator excel template,,,,,,commercial,suggestion,automatic invoice
xero automatic invoice,,,,,45,commercial,suggestion,automatic invoice
automatic invoice entry,,,,,,commercial,suggestion,automatic invoice
quickbooks automatic email invoice,,,,,,transactional,suggestion,automatic invoice
quickbooks desktop automatic invoice reminders,,,,,,navigational,suggestion,automatic invoice
automatic proforma invoice in sap,,,,,,transactional,suggestion,automatic invoice
stripe invoice automatic reminders,,,,,,informational,suggestion,automatic invoice
automatic invoice parser,,,,,,commercial,suggestion,automatic invoice|invoice parser
etsy automatic invoice,,,,,,informational,suggestion,automatic invoice
excel me automatic gst invoice,,,,,,transactional,suggestion,automatic invoice
suspend automatic merge of payables invoice lines,,,,,,transactional,suggestion,automatic invoice
how to change automatic invoice number in quickbooks online,,,,,,informational,suggestion,automatic invoice
how to automatic multi gst invoice in excel,,,,,,informational,suggestion,automatic invoice
ocr invoice scanning sap,0,,,,,navigational,suggestion,invoice ocr
google vision api ocr invoice,0,,,,,transactional,suggestion,invoice api|invoice ocr
invoice ocr cloud,0,,,,,transactional,suggestion,invoice ocr
invoice ocr sdk,0,,,,0,transactional,suggestion,invoice ocr
invoice ocr as a service,,,,,,commercial,suggestion,invoice ocr
ocr invoice scanner,,,,,,transactional,suggestion,invoice ocr|invoice scanner
invoice ocr python github,,,,,,transactional,suggestion,invoice ocr
invoice processing software ocr,,,,,0,commercial,suggestion,invoice ocr|invoice processing
invoice ocr solution,,,,,,commercial,suggestion,invoice ocr
gst invoice ocr,,,,,,transactional,suggestion,invoice ocr
free invoice ocr software,,,,,,commercial,suggestion,invoice ocr
sharepoint invoice ocr,,,,,,transactional,suggestion,invoice ocr
invoice receipt ocr,,,,,,informational,suggestion,invoice ocr
nuance invoice ocr,,,,,,navigational,suggestion,invoice ocr
vendor invoice ocr,,,,,,transactional,suggestion,invoice ocr
invoice ocr india,,,,,,informational,suggestion,invoice ocr
workday invoice ocr,,,,,,informational,suggestion,invoice ocr
invoice ocr medium,,,,,,informational,suggestion,invoice ocr
ocr invoice dataset,,,,,,informational,suggestion,invoice ocr
abbyy ocr invoice processing,,,,,,transactional,suggestion,invoice ocr|invoice processing
research papers on invoice digitization using ocr and deep learning,,,,,,commercial,suggestion,invoice ocr
powerapps invoice ocr,,,,,,transactional,suggestion,invoice ocr
pdf ocr invoice,,,,,,informational,suggestion,invoice ocr
ocr invoice to excel,,,,,,informational,suggestion,invoice ocr
free invoice ocr,,,,,,informational,suggestion,invoice ocr
supplier invoice ocr,,,,,,commercial,suggestion,invoice ocr
sharepoint scanner invoice,0,,,,,transactional,suggestion,invoice scanner
zatca invoice scanner,0,,,,,navigational,suggestion,invoice scanner
e invoice qr scanner,0,,,,,transactional,suggestion,invoice scanner
e invoice qr code scanner online,0,,,,,transactional,suggestion,invoice scanner
gst e invoice qr code scanner app,0,,,,,transactional,suggestion,invoice app|invoice scanner
gst e invoice qr code scanner,0,,,,,transactional,suggestion,invoice scanner
e invoice qr code scanner app download,0,,,,,transactional,suggestion,invoice app|invoice scanner
qr code scanner e invoice,0,,,,,transactional,suggestion,invoice scanner
e invoice barcode scanner,0,,,,,transactional,suggestion,invoice scanner
e invoice scanner online,0,,,,,transactional,suggestion,invoice scanner
e invoice qr code scanner app,0,,,,,transactional,suggestion,invoice app|invoice scanner
receipt and invoice scanner,,,,,,transactional,suggestion,invoice scanner
invoice scanner free,,,,,,informational,suggestion,invoice scanner
myob invoice scanner,,,,,,transactional,suggestion,invoice scanner
express invoice barcode scanner,,,,,,transactional,suggestion,invoice scanner
invoice processing meaning in tamil,0,,,,,informational,suggestion,invoice processing
resume format for invoice processing,0,,,,,transactional,suggestion,invoice processing
sap fico invoice processing,0,,,,,commercial,suggestion,invoice processing
electronic invoice using image processing,0,,,,,commercial,suggestion,invoice processing
procure to pay processing-invoice processing,0,,,,,transactional,suggestion,invoice processing
invoice processing questions and answers,0,,,,0,informational,suggestion,invoice processing
p2p invoice processing in sap,0,,,,,commercial,suggestion,invoice processing
what are the 3 main steps involved in invoice processing,0,,,,,informational,suggestion,invoice processing
invoice processing in vim,0,,,,0,informational,suggestion,invoice processing
invoice processing using uipath,0,,,,,commercial,suggestion,invoice processing
invoice processing jobs in hyderabad 2019,0,,,,,commercial,suggestion,invoice processing
accounts payable invoice processing job,0,,,,,transactional,suggestion,invoice processing
p2p invoice processing resume,0,,,,,transactional,suggestion,invoice processing
invoice processing pa2,0,,,,,informational,suggestion,invoice processing
invoice processing spa,0,,,,,commercial,suggestion,invoice processing
invoice processing in sap pdf,0,,,,0,commercial,suggestion,invoice processing
any deviation from the normal invoice processing procedure is called,0,,,,,informational,suggestion,invoice processing
invoice processing jobs in mumbai,0,,,,0,informational,suggestion,invoice processing
invoice batch processing helps,0,,,,,commercial,suggestion,invoice processing
kofax invoice processing solution,0,,,,,commercial,suggestion,invoice processing
uipath invoice processing workflow,0,,,,40,navigational,suggestion,invoice processing
capgemini invoice processing interview questions,0,,,,,commercial,suggestion,invoice processing
invoice processing tcodes in sap,0,,,,0,commercial,suggestion,invoice processing
invoice processing quality check,0,,,,0,informational,suggestion,invoice processing
what is the tcode used for processing po based invoice,0,,,,,informational,suggestion,invoice processing
cost of processing an invoice uk,0,,,,,commercial,suggestion,invoice processing
deep learning for invoice processing,0,,,,,transactional,suggestion,invoice processing
procure to pay processing invoice processing,0,,,,,transactional,suggestion,invoice processing
sap invoice processing pdf,0,,,,,informational,suggestion,invoice processing
invoice processing in sap interview questions,0,,,,0,commercial,suggestion,invoice processing
collective invoice processing sap,0,,,,,navigational,suggestion,invoice processing
non po invoice processing in oracle,0,,,,,commercial,suggestion,invoice processing
invoice processing jobs in delhi ncr,0,,,,,informational,suggestion,invoice processing
p2p invoice processing job description,0,,,,,transactional,suggestion,invoice processing
invoice processing elite,0,,,,0,commercial,suggestion,invoice processing
tolerance limit with respect to invoice processing,0,,,,,informational,suggestion,invoice processing
invoice processing walkins in bangalore,0,,,,,commercial,suggestion,invoice processing
invoice image processing,0,,,,0,commercial,suggestion,invoice processing
procure to pay processing invoice processing operations,0,,,,,transactional,suggestion,invoice processing
invoice processing in sap resume,0,,,,,transactional,suggestion,invoice processing
po based invoice processing,0,,,,,commercial,suggestion,invoice processing
invoice processing jobs meaning,0,,,,,informational,suggestion,invoice processing
invoice processing machine learning github,0,,,,11,commercial,suggestion,invoice processing
invoice processing costs would be considered a,,,,,,informational,suggestion,invoice processing
docuware kinetic solution for invoice processing,,,,,,commercial,suggestion,invoice processing
invoice processing in s4 hana,,,,,,transactional,suggestion,invoice processing
invoice processing using machine learning,,,,,,commercial,suggestion,invoice processing
bottom line invoice processing,,,,,,commercial,suggestion,invoice processing
invoice processing jobs in gurgaon,,,,,,commercial,suggestion,invoice processing
uipath pdf invoice processing,,,,,,navigational,suggestion,invoice processing
invoice processing using tensorflow,,,,,,transactional,suggestion,invoice processing
sap invoice processing screen,,,,,,navigational,suggestion,invoice processing
invoice processing in sap jobs,,,,,,informational,suggestion,invoice processing
invoice processing jobs in dubai,,,,,,commercial,suggestion,invoice processing
invoice image processing python,,,,,,informational,suggestion,invoice processing
invoice processing experience,,,,,,commercial,suggestion,invoice processing
customer invoice processing in sap,,,,,,commercial,suggestion,invoice processing
invoice processing survey,,,,,,informational,suggestion,invoice processing
invoice processing pdf,,,,,,informational,suggestion,invoice processing
bottomline invoice processing,,,,,,commercial,suggestion,invoice processing
invoice processing jobs hyderabad 2018,,,,,,informational,suggestion,invoice processing
vendor invoice processing system nyc,,,,,,commercial,idea|suggestion,"automated invoicing,invoice software,invoice management,invoice api|invoice processing"
federal government invoice processing,,,,,,navigational,suggestion,invoice processing
d365 invoice processing,,,,,,commercial,suggestion,invoice processing
amazon invoice processing,,,,,,commercial,suggestion,invoice processing
cp 1 invoice processing,,,,,,informational,suggestion,invoice processing
invoice processing calculator,,,,,,informational,suggestion,invoice processing
docuware invoice processing youtube,,,,,,navigational,suggestion,invoice processing
fortis invoice processing,,,,,,navigational,suggestion,invoice processing
quickbooks credit card processing fee to invoice,,,,,,commercial,suggestion,invoice processing
free online invoice payment processing,,,,,,commercial,suggestion,invoice processing
sap vendor invoice processing,,,,,43,commercial,suggestion,invoice processing
dart invoice processing,,,,,,commercial,suggestion,invoice processing
is invoice processing a good candidate for rpa,,,,,,informational,suggestion,invoice processing
invoice processing in sap rpa,,,,,,commercial,suggestion,invoice processing
best practices for invoice processing,,,,,2,informational,suggestion,invoice processing
average cost of processing an invoice uk,,,,,,commercial,suggestion,invoice processing
manual invoice processing in sap,,,,,,transactional,suggestion,invoice processing
non purchase order invoice processing,,,,,,transactional,suggestion,invoice processing
sap digital invoice processing,,,,,,commercial,suggestion,invoice processing
kofax invoice processing video,,,,,,navigational,suggestion,invoice processing
what is a tolerance limit to invoice processing,,,,,,informational,suggestion,invoice processing
axtension invoice processing d365,,,,,,transactional,suggestion,invoice processing
invoice processing opening in chennai,,,,,,transactional,suggestion,invoice processing
google vision api for invoice processing,,,,,,commercial,suggestion,invoice api|invoice processing
oracle fusion invoice processing,,,,,,commercial,suggestion,invoice processing
invoice processing jobs in shipping industry mumbai,,,,,,commercial,suggestion,invoice processing
invoice processing procedure accounts receivable,,,,,,informational,suggestion,invoice processing
invoice processing analyst accenture salary,,,,,,informational,suggestion,invoice processing
purchase ledger invoice processing,,,,,,transactional,suggestion,invoice processing
invoice processing manual,,,,,31,informational,suggestion,invoice processing
accounts payable/invoice processing audit work program,,,,,,commercial,suggestion,invoice processing
velocity invoice processing,,,,,,transactional,suggestion,invoice processing
invoice processing tcodes,,,,,,informational,suggestion,invoice processing
invoice processing platform training,,,,,,commercial,suggestion,invoice processing
invoice processing jobs in cognizant hyderabad,,,,,,commercial,suggestion,invoice processing
immigrant visa fee processing invoice,,,,,,informational,suggestion,invoice processing
batch invoice processing in sap,,,,,,commercial,suggestion,invoice processing
invoice processing challenges,,,,,,commercial,suggestion,invoice processing
po invoice processing in oracle,,,,,,transactional,suggestion,invoice processing
invoice processing github,,,,,,commercial,suggestion,invoice processing
steps for invoice processing,,,,,45,informational,suggestion,invoice processing
controls in invoice processing,,,,,,informational,suggestion,invoice processing
invoice processing using nlp,,,,,,commercial,suggestion,invoice processing
invoice processing work from home,,,,,17,commercial,suggestion,invoice processing
accounts payable invoice processing checklist,,,,,,informational,suggestion,invoice processing
myob invoice processing,,,,,,transactional,suggestion,invoice processing
trapeze invoice processing,,,,,,informational,suggestion,invoice processing
invoice processing using deep learning,,,,,,commercial,suggestion,invoice processing
iris invoice processing,,,,,,transactional,suggestion,invoice processing
invoice processing jobs in navi mumbai,,,,,,transactional,suggestion,invoice processing
ucla invoice processing,,,,,,navigational,suggestion,invoice processing
oracle webcenter invoice processing,,,,,,navigational,suggestion,invoice processing
invoice processing guidelines,,,,,,informational,suggestion,invoice processing
invoice processing experience resume,,,,,,transactional,suggestion,invoice processing
invoice processing in sap mm,,,,,,commercial,suggestion,invoice processing
treasury's invoice processing platform,,,,,,navigational,suggestion,invoice processing
data flow diagram for invoice processing system,,,,,,informational,suggestion,invoice processing
oracle electronic invoice processing,,,,,,commercial,suggestion,invoice processing
uipath demo invoice extraction and processing,,,,,,navigational,suggestion,invoice extraction|invoice processing
average accounts payable invoice processing,,,,,,informational,suggestion,invoice processing
uipath invoice receipt processing,,,,,,navigational,suggestion,invoice processing
invoice processing jobs in cognizant hyderabad 2019,,,,,,commercial,suggestion,invoice processing
stripe processing fees invoice,,,,,,informational,suggestion,invoice processing
cost of processing an invoice in australia,,,,,,commercial,suggestion,invoice processing
invoice processing reports in sap,,,,,,transactional,suggestion,invoice processing
youtube uipath invoice processing,,,,,,navigational,suggestion,invoice processing
machine learning in invoice processing,,,,,29,commercial,suggestion,invoice processing
invoice processing manager job description,,,,,,transactional,suggestion,invoice processing
invoice processing flowchart sap,,,,,,informational,suggestion,invoice processing
webexpenses invoice processing,,,,,,commercial,suggestion,invoice processing
quickbooks online invoice credit card processing fee,,,,,,commercial,suggestion,invoice processing
objectives of invoice processing,,,,,,informational,suggestion,invoice processing
work from home invoice processing jobs in bangalore,,,,,,commercial,suggestion,invoice processing
invoice processing project,,,,,,commercial,suggestion,invoice processing
invoice processing cost calculation,,,,,26,informational,suggestion,invoice processing
uipath invoice processing youtube,,,,,,navigational,suggestion,invoice processing
invoice processing template,,,,,,informational,suggestion,invoice processing
invoice processing job resume,,,,,,transactional,suggestion,invoice processing
tolerance limit in invoice processing,,,,,,informational,suggestion,invoice processing
invoice processing vendors,,,,,0,commercial,suggestion,invoice processing
invoice processing in sap jobs in mumbai,,,,,,informational,suggestion,invoice processing
sap tcodes ap invoice processing,,,,,,informational,suggestion,invoice processing
vendor invoice processing system vips,,,,,,commercial,suggestion,invoice processing
accounts receivable invoice processing best practices,,,,,,informational,suggestion,invoice processing
ucla ap invoice processing,,,,,,navigational,suggestion,invoice processing
sap invoice processing workflow,,,,,,informational,suggestion,invoice processing
home based invoice processing jobs,,,,,,informational,suggestion,invoice processing
invoice processing executive jobs in bangalore,,,,,,commercial,suggestion,invoice processing
workfusion invoice processing,,,,,,commercial,suggestion,invoice processing
ppt on invoice processing,,,,,,informational,suggestion,invoice processing
invoice processing open source,,,,,,commercial,suggestion,invoice processing
invoice processing wiki,,,,,,informational,suggestion,invoice processing
how to calculate average invoice processing time,,,,,,informational,suggestion,invoice processing
aspen invoice processing,,,,,,navigational,suggestion,invoice processing
us department of the treasury's invoice processing platform system,,,,,,navigational,suggestion,invoice processing
objective of invoice processing,,,,,,informational,suggestion,invoice processing
invoice processing analyst salary,,,,,,informational,suggestion,invoice processing
invoice processing blockchain,,,,,,commercial,suggestion,invoice processing
kpis for invoice processing,,,,,,commercial,suggestion,invoice processing
kofax invoice processing agility,,,,,,transactional,suggestion,invoice processing
ap invoice processing resume,,,,,,transactional,suggestion,invoice processing
invoice processing costs would be considered a quizlet,,,,,,commercial,suggestion,invoice processing
ghx invoice processing,,,,,,transactional,suggestion,invoice processing
invoice processing check points,,,,,,commercial,suggestion,invoice processing
datamatics invoice processing,,,,,,commercial,suggestion,invoice processing
invoice processing platform user guide,,,,,,informational,suggestion,invoice processing
invoice processing quora,,,,,,informational,suggestion,invoice processing
tangoe invoice processing,,,,,,navigational,suggestion,invoice processing
invoice processing audit,,,,,14,commercial,suggestion,invoice processing
the true costs of paper based invoice processing and disbursements,,,,,,commercial,suggestion,invoice processing
electronic invoice using image processing github,,,,,,commercial,suggestion,invoice processing
brainware invoice processing,,,,,,transactional,suggestion,invoice processing
invoice processing by opentext,,,,,,commercial,suggestion,invoice processing
ancora invoice processing,,,,,,commercial,suggestion,invoice processing
the true costs of paper-based invoice processing and disbursements,,,,,,commercial,suggestion,invoice processing
invoice processing in sap fico,,,,,,transactional,suggestion,invoice processing
docuware invoice processing video,,,,,,transactional,suggestion,invoice processing
aum invoice processing,,,,,,commercial,suggestion,invoice processing
invoice processing walkins,,,,,,navigational,suggestion,invoice processing
invoice processing using blue prism,,,,,,transactional,suggestion,invoice processing
invoice processing procedure sample,,,,,,informational,suggestion,invoice processing
lightyear invoice processing,,,,,,navigational,suggestion,invoice processing
automating invoice processing python,,,,,,transactional,suggestion,invoice processing
2 way invoice processing,,,,,,commercial,suggestion,invoice processing
issues in invoice processing,,,,,,informational,suggestion,invoice processing
cleardata invoice processing,,,,,,commercial,suggestion,invoice processing
interview questions and answers for invoice processing,,,,,17,informational,suggestion,invoice processing
violation processing center feed invoice number,,,,,,informational,suggestion,invoice processing
xflow invoice processing,,,,,,transactional,suggestion,invoice processing
we have received your invoice and will forwarded for processing,,,,,,transactional,suggestion,invoice processing
invoice processing accuracy benchmark,,,,,,commercial,suggestion,invoice processing
invoice processing 3 way match,,,,,,informational,suggestion,invoice processing
gep invoice processing,,,,,,commercial,suggestion,invoice processing
invoice processing analyst accenture,,,,,,commercial,suggestion,invoice processing
invoice processing case study,,,,,,commercial,suggestion,invoice processing
invoice processing system ips,,,,,,commercial,suggestion,invoice processing
blockchain in invoice processing,,,,,,commercial,suggestion,invoice processing
invoice processing executive,,,,,,commercial,suggestion,invoice processing
invoice processing training,,,,,,commercial,suggestion,invoice processing
hearst invoice processing,,,,,,commercial,suggestion,invoice processing
miro invoice processing in sap,,,,,,navigational,suggestion,invoice processing
quickbooks credit card processing fee invoice,,,,,,informational,suggestion,invoice processing
invoice processing cycle time,,,,,,informational,suggestion,invoice processing
freelance invoice processing,,,,,,commercial,suggestion,invoice processing
invoice processing projects,,,,,,commercial,suggestion,invoice processing
processing non po invoice,,,,,8,informational,suggestion,invoice processing
invoice processing steps in oracle,,,,,,informational,suggestion,invoice processing
cogneesol invoice processing,,,,,,navigational,suggestion,invoice processing
invoice processing in sap video,,,,,,informational,suggestion,invoice processing
invoice processing market,,,,,,commercial,suggestion,invoice processing
uipath sap invoice processing,,,,,,navigational,suggestion,invoice processing
gsa invoice processing,,,,,,commercial,suggestion,invoice processing
quickbooks invoice credit card processing fee,,,,,,commercial,suggestion,invoice processing
how to do invoice processing in uipath,,,,,,informational,suggestion,invoice processing
accounts payable invoice processing job description,,,,,,transactional,suggestion,invoice processing
oracle ap invoice processing,,,,,,commercial,suggestion,invoice processing
invoice processing bot,,,,,,commercial,suggestion,invoice processing
online invoice payment processing free,,,,,,commercial,suggestion,invoice processing
invoice processing diagram,,,,,,informational,suggestion,invoice processing
invoice processing market size,,,,,,commercial,suggestion,invoice processing
ricoh invoice processing,,,,,,transactional,suggestion,invoice processing
purchase invoice processing software,,,,,,transactional,suggestion,invoice processing
invoice data extraction using python,0,,,,5,informational,suggestion,invoice data extraction|invoice extraction
invoice data extraction using machine learning,,,,,,commercial,suggestion,invoice data extraction|invoice extraction
invoice data extraction open source,,,,,,informational,suggestion,invoice data extraction|invoice extraction
neural network invoice data extraction,,,,,,informational,suggestion,invoice data extraction|invoice extraction
invoice data extraction tools,,,,,,commercial,suggestion,invoice data extraction|invoice extraction
invoice data extraction deep learning python,,,,,,transactional,suggestion,invoice data extraction|invoice extraction
invoice data extraction medium,,,,,,informational,suggestion,invoice data extraction|invoice extraction
google invoice parser demo,,,,,,informational,suggestion,invoice parser
google cloud invoice parser,,,,,,transactional,suggestion,invoice parser
aws invoice parser,,,,,,transactional,suggestion,invoice parser
invoice parser api,,,,,,informational,suggestion,invoice api|invoice parser
invoice parser gcp,,,,,,commercial,suggestion,invoice parser
google invoice parser review,,,,,,commercial,suggestion,invoice parser
invoice extraction machine learning github,0,,,,,informational,suggestion,invoice extraction
invoice extraction using machine learning,0,,,,0,commercial,suggestion,invoice extraction
invoice extraction uipath,0,,,,0,navigational,suggestion,invoice extraction
gpt-3 invoice extraction,0,,,,,informational,suggestion,invoice extraction
invoice extraction kaggle,,,,,,commercial,suggestion,invoice extraction
invoice extraction rpa challenge,,,,,,transactional,suggestion,invoice extraction
best invoice extraction software,,,,,,commercial,suggestion,invoice extraction
coupa invoice extraction,,,,,,informational,suggestion,invoice extraction
invoice extraction dataset,,,,,,informational,suggestion,invoice extraction
water extraction invoice,,,,,,informational,suggestion,invoice extraction
invoice entity extraction,,,,,,informational,suggestion,invoice extraction
invoice extraction using uipath,,,,,,navigational,suggestion,invoice extraction
invoice extraction products,,,,,,commercial,suggestion,invoice extraction
peak plan management invoice email,0,,,,,navigational,suggestion,invoice management
sims simple invoice management system,0,,,,,informational,suggestion,invoice management
invoice management system in asp.net,0,,,,,commercial,suggestion,invoice management
tax invoice management system kra,0,,,,,informational,suggestion,invoice management
vendor invoice management system ongc,0,,,,,navigational,suggestion,invoice management
invoice management system php source code,0,,,,0,commercial,suggestion,invoice management
vendor invoice management deutsch,0,,,,45,commercial,suggestion,invoice management
sap invoice management by opentext solution in detail,0,,,,,commercial,suggestion,invoice management
invoice management system gst ppt,0,,,,,navigational,suggestion,invoice management
gst invoice format for event management services,0,,,,,commercial,suggestion,invoice management
hdfc bank vendor invoice management system,0,,,,,navigational,suggestion,invoice management
draft manual on invoice management system,0,,,,,informational,suggestion,invoice management
vendor invoice management system hdfc,0,,,,47,navigational,suggestion,invoice management
blue 10 invoice management,0,,,,,informational,suggestion,invoice management
invoice management system python project,0,,,,0,commercial,suggestion,invoice management
invoice management system ppt,0,,,,,informational,suggestion,invoice management
invoice and stock management in excel,0,,,,,informational,suggestion,invoice management
lpsdesktop invoice management login,0,,,,0,navigational,suggestion,invoice management
invoice management system in asp net,0,,,,,commercial,suggestion,invoice management
invoice management system project in php,0,,,,0,commercial,suggestion,invoice management
stock and invoice management software free download,0,,,,,transactional,suggestion,invoice management
sales invoice management,0,,,,,commercial,suggestion,invoice management
lps invoice management contact,0,,,,,navigational,suggestion,invoice management
invoice management system django,0,,,,,commercial,suggestion,invoice management
lps invoice management training,0,,,,,commercial,suggestion,invoice management
what is invoice management system under gst,0,,,,,informational,suggestion,invoice management
sap central invoice management pricing,0,,,,,commercial,suggestion,invoice management
sap invoice management open text,0,,,,14,navigational,suggestion,invoice management
invoice management system project documentation,0,,,,0,informational,suggestion,invoice management
vendor invoice management opentext sap vim,0,,,,,navigational,suggestion,invoice management
bpcl digital invoice management,0,,,,,navigational,suggestion,invoice management
abstract for invoice management system,,,,,,commercial,suggestion,invoice management
what is opentext vendor invoice management,,,,,,informational,suggestion,invoice management
social media management invoice template,,,,,,navigational,suggestion,invoice management
waste management view invoice,,,,,,navigational,suggestion,invoice management
vendor invoice management benefits,,,,,,commercial,suggestion,invoice management
sap invoice management by opentext architecture,,,,,,navigational,suggestion,invoice management
invoice management saas,,,,,,commercial,suggestion,invoice management
invoice management startup,,,,,,commercial,suggestion,invoice management
inventory and invoice management software demo,,,,,,commercial,suggestion,invoice management
purchase invoice management software,,,,,,transactional,suggestion,invoice management
invoice management website,,,,,,commercial,suggestion,invoice management
invoice management market,,,,,,commercial,suggestion,invoice management
st johns river water management district invoice payment,,,,,,navigational,suggestion,invoice management
invoice management system codecanyon,,,,,,commercial,suggestion,invoice management
proforma invoice in oracle order management,,,,,,transactional,suggestion,invoice management
ap invoice management software,,,,,,commercial,suggestion,invoice management
advantages of vendor invoice management,,,,,,informational,suggestion,invoice management
invoice management quickbooks,,,,,31,commercial,suggestion,invoice management
sap vendor invoice management certification,,,,,,commercial,suggestion,invoice management
waste management invoice tracker,,,,,,informational,suggestion,invoice management
invoice management project,,,,,4,commercial,suggestion,invoice management
invoice management system template,,,,,,informational,suggestion,invoice management
regus management invoice pay,,,,,,navigational,suggestion,invoice management
wmd invoice management,,,,,,navigational,suggestion,invoice management
g2 invoice management,,,,,,commercial,suggestion,invoice management
invoice management solutions companies,,,,,,commercial,suggestion,invoice management
jp morgan invoice management,,,,,,navigational,suggestion,invoice management
purchase order and invoice management,,,,,,transactional,suggestion,invoice management
free text invoice print management d365,,,,,,transactional,suggestion,invoice management
sample invoice for project management services,,,,,,commercial,suggestion,invoice management
invoice management software india,,,,,,commercial,suggestion,invoice management
sage invoice management,,,,,,navigational,suggestion,invoice management
invoice management system in java,,,,,,commercial,suggestion,invoice management
invoice and payment management,,,,,0,commercial,suggestion,invoice management
vendor invoice management jobs,,,,,,commercial,suggestion,invoice management
vendor invoice management blog,,,,,,informational,suggestion,invoice management
cloud invoice management,,,,,,commercial,suggestion,invoice management
invoice management github,,,,,,navigational,suggestion,invoice management
invoice management system meaning,,,,,,informational,suggestion,invoice management
vendor invoice management sap t code,,,,,39,navigational,suggestion,invoice management
commercial invoice print management d365,,,,,,commercial,suggestion,invoice management
waste management invoice tracking,,,,,,informational,suggestion,invoice management
invoice management black knight,,,,,,navigational,suggestion,invoice management
invoice management resume,,,,,,informational,suggestion,invoice management
customer invoice management,,,,,,commercial,suggestion,invoice management
waste management invoice and payment status portal,,,,,,navigational,suggestion,invoice management
invoice management system demo,,,,,,commercial,suggestion,invoice management
condominium management review invoice,,,,,,informational,suggestion,invoice management
xero invoice management,,,,,,commercial,suggestion,invoice management
invoice approval management,,,,,,commercial,suggestion,invoice approval|invoice management
submit invoice to waste management,,,,,,transactional,suggestion,invoice management
preferred management review invoice,,,,,,commercial,suggestion,invoice management
quickbooks invoice management,,,,,31,commercial,suggestion,invoice management
waste management invoice lookup,,,,,,informational,suggestion,invoice management
sap invoice management youtube,,,,,,informational,suggestion,invoice management
waste management invoice info,,,,,,informational,suggestion,invoice management
oracle invoice management system,,,,,,commercial,suggestion,invoice management
invoice management project php,,,,,,commercial,suggestion,invoice management
waste management invoice check,,,,,,informational,suggestion,invoice management
waste management invoice fees,,,,,,informational,suggestion,invoice management
gst invoice for event management services,,,,,,commercial,suggestion,invoice management
construction management invoice template,,,,,,informational,suggestion,invoice management
invoice software for auto repair shops vip shop management,,,,,,commercial,suggestion,invoice management
invoice management in excel,,,,,0,commercial,suggestion,invoice management
invoice management software features,,,,,,commercial,suggestion,invoice management
incoming invoice management,,,,,,commercial,suggestion,invoice management
opentext vendor invoice management user guide,,,,,,informational,suggestion,invoice management
waste management invoice template,,,,,,informational,suggestion,invoice management
invoice management system database,,,,,,commercial,suggestion,invoice management
invoice management system using php,,,,,,commercial,suggestion,invoice management
opentext vendor invoice management for sap solutions administration guide,,,,,,commercial,suggestion,invoice management
debitoor invoice management,,,,,,commercial,suggestion,invoice management
management consulting invoice template,,,,,,informational,suggestion,invoice management
features of invoice management system,,,,,0,informational,suggestion,invoice management
s 4 invoice management,,,,,,navigational,suggestion,invoice management
construction invoice management,,,,,,commercial,suggestion,invoice management
sales invoice management system,,,,,,commercial,suggestion,invoice management
cass invoice management,,,,,,navigational,suggestion,invoice management
arco invoice management,,,,,,navigational,suggestion,invoice management
cdk invoice management,,,,,,navigational,suggestion,invoice management
invoice management codecanyon,,,,,,navigational,suggestion,invoice management
purina invoice management,,,,,,navigational,suggestion,invoice management
tipalti invoice management,,,,,,commercial,suggestion,invoice management
maxflow invoice management,,,,,,commercial,suggestion,invoice management
invoice and stock management,,,,,,commercial,suggestion,invoice management
invoice management blockchain,,,,,,commercial,suggestion,invoice management
job time and invoice management software,,,,,,commercial,suggestion,invoice management
ariba invoice management demo,,,,,,navigational,suggestion,invoice management
ariba invoice management reviews,,,,,,informational,suggestion,invoice management
project and invoice management,,,,,10,commercial,suggestion,invoice management
waste management online invoice,,,,,,transactional,suggestion,invoice management
invoice management system abstract,,,,,,commercial,suggestion,invoice management
inventory management with invoice,,,,,,commercial,suggestion,invoice management
opentext vendor invoice management certification,,,,,,transactional,suggestion,invoice management
opentext vendor invoice management configuration guide pdf,,,,,,informational,suggestion,invoice management
sap opentext vendor invoice management process,,,,,,informational,suggestion,invoice management
invoice simple account management,,,,,,navigational,suggestion,invoice management
expensify invoice management,,,,,,commercial,suggestion,invoice management
invoice management in sap,,,,,2,commercial,suggestion,invoice management
vendor invoice management interview questions,,,,,,informational,suggestion,invoice management
property management rent invoice,,,,,,informational,suggestion,invoice management
invoice management module,,,,,,commercial,suggestion,invoice management
inventory and invoice management system nulled,,,,,,navigational,suggestion,invoice management
xero invoice scanning app,0,,,,49,transactional,suggestion,invoice app
best invoice app for iphone 2018,0,,,,,commercial,suggestion,invoice app
best free invoice app for tradesmen australia,0,,,,,commercial,suggestion,invoice app
tiny invoice app for pc,0,,,,,transactional,suggestion,invoice app
best invoice app android 2018,0,,,,,commercial,suggestion,invoice app
how to download invoice from flipkart app,0,,,,,informational,suggestion,invoice app
best invoice app 2019,0,,,,,commercial,suggestion,invoice app
best invoice app android 2017,0,,,,,commercial,suggestion,invoice app
best invoice app australia free,0,,,,,commercial,suggestion,invoice app
best invoice app 2017,0,,,,,commercial,suggestion,invoice app
free gst invoice app,0,,,,,transactional,suggestion,invoice app
best gst invoice app,0,,,,,commercial,suggestion,invoice app
best app for invoice discounting,0,,,,,commercial,suggestion,invoice app
invoice maker estimate & invoice app mod apk,0,,,,,transactional,suggestion,invoice app
best invoice app for tradesmen uk,0,,,,,commercial,suggestion,invoice app
how to pay 1bill invoice through ubl app,0,,,,,transactional,suggestion,invoice app
how to download invoice from zomato app,0,,,,,informational,suggestion,invoice app
how to revise invoice on ebay app,0,,,,,informational,suggestion,invoice app
best free invoice app shopify,0,,,,,commercial,suggestion,invoice app
how get invoice from amazon app,0,,,,1,informational,suggestion,invoice app
android invoice app source code github,0,,,,,navigational,suggestion,invoice app
how to get invoice from amazon app india,0,,,,,informational,suggestion,invoice app
full stack next js 15 invoice app,0,,,,,navigational,suggestion,invoice app
scoro invoice app,0,,,,,transactional,suggestion,invoice app
how to pay 1bill invoice through hbl mobile app,0,,,,,informational,suggestion,invoice app
easy invoice manager app by gimbooks,0,,,,,navigational,suggestion,invoice app
how to get a vat invoice from amazon app,0,,,,,informational,suggestion,invoice app
swica invoice app,0,,,,,navigational,suggestion,invoice app
how to get invoice from swiggy app,0,,,,,informational,suggestion,invoice app
easy invoice manager app by gimbooks for pc download,0,,,,,navigational,suggestion,invoice app
invoice maker: estimate & invoice app mod apk,0,,,,,navigational,suggestion,invoice app
e invoice verification app for ios,0,,,,50,transactional,suggestion,invoice app
best free invoice app south africa,0,,,,,commercial,suggestion,invoice app
invoice app nz,0,,,,,navigational,suggestion,invoice app
best free invoice app for tradesmen,0,,,,,informational,suggestion,invoice app
amazon order invoice in app,0,,,,,transactional,suggestion,invoice app
mobile app for e invoice,0,,,,,commercial,suggestion,invoice app
invoice lite app,0,,,,,transactional,suggestion,invoice app
how to retrieve invoice from amazon app,0,,,,,informational,suggestion,invoice app
gst invoice app for pc,0,,,,,transactional,suggestion,invoice app
invoice aliexpress app,0,,,,,navigational,suggestion,invoice app
easy invoice manager app by gimbooks download,0,,,,,navigational,suggestion,invoice app
fbr invoice verification app,0,,,,,navigational,suggestion,invoice app
vue js invoice app,0,,,,44,informational,suggestion,invoice app
gst invoice and billing app free,0,,,,,navigational,suggestion,invoice app
invoice discounting best app,0,,,,14,commercial,suggestion,invoice app
how to download recharge invoice from airtel app,0,,,,,informational,suggestion,invoice app
download invoice from airtel app,0,,,,,navigational,suggestion,invoice app
app store invoice email phishing,0,,,,,informational,suggestion,invoice app
sole trader invoice app,0,,,,,navigational,suggestion,invoice app
get invoice in amazon app,0,,,,,transactional,suggestion,invoice app
invoice mini app,0,,,,29,transactional,suggestion,invoice app
how to pay ebay invoice on app,0,,,,,informational,suggestion,invoice app
what is the best invoice app for ipad,0,,,,,commercial,suggestion,invoice app
invoice maker app disappeared,0,,,,,informational,suggestion,invoice app
app store vat invoice,0,,,,,transactional,suggestion,invoice app
invoice expert loan app,0,,,,,commercial,suggestion,invoice app
e invoice otp app,0,,,,,transactional,suggestion,invoice app
app invoice&go,0,,,,11,navigational,suggestion,invoice app
invoice bee app review,0,,,,,informational,suggestion,invoice app
tiny invoice ios app,0,,,,,navigational,suggestion,invoice app
best free invoice app 2018,0,,,,,commercial,suggestion,invoice app
how to download invoice from paytm app,0,,,,,informational,suggestion,invoice app
invoice to go app for pc,0,,,,,transactional,suggestion,invoice app
android invoice app github,0,,,,,navigational,suggestion,invoice app
invoice maker app disabled,0,,,,,informational,suggestion,invoice app
how to use invoice manager app,0,,,,,informational,suggestion,invoice app
xero invoice approval app,0,,,,54,transactional,suggestion,invoice app|invoice approval
ipad invoice app with signature,0,,,,,transactional,suggestion,invoice app
pay ebay invoice on app,0,,,,,transactional,suggestion,invoice app
lano invoice app,0,,,,,navigational,suggestion,invoice app
best invoice app for iphone 2017,0,,,,,commercial,suggestion,invoice app
ato invoice app,0,,,,,transactional,suggestion,invoice app
e invoice check app,0,,,,,transactional,suggestion,invoice app
best invoice app 2018,0,,,,,commercial,suggestion,invoice app
how to see ebay invoice on app,0,,,,,informational,suggestion,invoice app
smart invoice zra app download,0,,,,,navigational,suggestion,invoice app|smart invoice
best invoice app south africa,0,,,,,commercial,suggestion,invoice app
invoice app mod apk,0,,,,,transactional,suggestion,invoice app
how to get recharge invoice from my jio app,0,,,,,informational,suggestion,invoice app
how to get invoice from zomato app,0,,,,,informational,suggestion,invoice app
how to download invoice from act fibernet app,0,,,,,informational,suggestion,invoice app
e invoice qr code app download,0,,,,,transactional,suggestion,invoice app
how to download invoice from mi store app,0,,,,,informational,suggestion,invoice app
green invoice app,,,,,,transactional,suggestion,invoice app
invoice app that works with venmo,,,,,,informational,suggestion,invoice app
invoice app for gmail,,,,,,transactional,suggestion,invoice app
best invoice app for designers,,,,,,commercial,suggestion,invoice app
asto invoice app,,,,,,transactional,suggestion,invoice app
how to amend invoice on ebay app,,,,,52,informational,suggestion,invoice app
tradesman invoice app,,,,,,navigational,suggestion,invoice app
moon invoice app store,,,,,,navigational,suggestion,invoice app
invoice simple app features,,,,,,informational,suggestion,invoice app
unlimited free invoice app,,,,,,informational,suggestion,invoice app
northone's free invoice app,,,,,,navigational,suggestion,invoice app
app inv 05704 warning cannot create invoice line,,,,,,informational,suggestion,invoice app
free invoice generating app,,,,,44,commercial,suggestion,invoice app
how much is invoice simple app,,,,,,informational,suggestion,invoice app
how to send an invoice through the ebay app,,,,,,informational,suggestion,invoice app
how to resend invoice on ebay app,,,,,,informational,suggestion,invoice app
combine invoice ebay app,,,,,,transactional,suggestion,invoice app
ebay app request invoice,,,,,18,transactional,suggestion,invoice app
tiny invoice app support,,,,,,navigational,suggestion,invoice app
restaurant invoice app,,,,,,informational,suggestion,invoice app
invoice maker iphone app,,,,,,commercial,suggestion,invoice app
invoice template app for android,,,,,,transactional,suggestion,invoice app
how to send an invoice reminder on paypal app,,,,,,informational,suggestion,invoice app|invoice reminder
how to cancel invoice paypal app,,,,,22,informational,suggestion,invoice app
how to get invoice from act fibernet app,,,,,,informational,suggestion,invoice app
invoice app for macbook pro,,,,,,transactional,suggestion,invoice app
speedy invoice app,,,,,,commercial,suggestion,invoice app
best invoice app for mac and iphone,,,,,,commercial,suggestion,invoice app
best free invoice creator app,,,,,,commercial,suggestion,invoice app
invoice simple desktop app,,,,,,navigational,suggestion,invoice app
invoice app android studio,,,,,,transactional,suggestion,invoice app
best free invoice app 2019,,,,,,commercial,suggestion,invoice app
api zoho invoice,0,,,,10,commercial,suggestion,invoice api
api to create ap invoice in oracle apps,0,,,,,transactional,suggestion,invoice api
how to use e invoice api,0,,,,,informational,suggestion,invoice api
e invoice api registration,0,,,,,transactional,suggestion,invoice api
api to validate ap invoice,0,,,,,transactional,suggestion,invoice api
e invoice api registration process,0,,,,,informational,suggestion,invoice api
e invoice api login,0,,,,,navigational,suggestion,invoice api
lhdn e invoice api,0,,,,,informational,suggestion,invoice api
api xero invoice,0,,,,4,transactional,suggestion,invoice api
e invoice api price,0,,,,,commercial,suggestion,invoice api
openai api invoice payment failed,0,,,,,informational,suggestion,invoice api
quickbooks api create invoice c#,0,,,,,transactional,suggestion,invoice api
paypal invoice api php example,0,,,,,informational,suggestion,invoice api
api to create an invoice in oracle apps r12,0,,,,,transactional,suggestion,invoice api
e invoice api testing system,0,,,,,commercial,suggestion,invoice api
api registration in e invoice tally prime,0,,,,,transactional,suggestion,invoice api
api e invoice login,0,,,,,navigational,suggestion,invoice api
cleartax e invoice api,0,,,,,transactional,suggestion,invoice api
api for gst e invoice,0,,,,,informational,suggestion,invoice api
how to register api for e invoice,0,,,,,informational,suggestion,invoice api
xero api create invoice php,0,,,,43,transactional,suggestion,invoice api
api registration e invoice,0,,,,,transactional,suggestion,invoice api
e invoice api malaysia,0,,,,,informational,suggestion,invoice api
xero api create invoice c#,0,,,,42,transactional,suggestion,invoice api
invoice registration portal api,0,,,,0,navigational,suggestion,invoice api
ap invoice creation api in r12,0,,,,,informational,suggestion,invoice api
paypal invoice api example,0,,,,,informational,suggestion,invoice api
api in e invoice,0,,,,,transactional,suggestion,invoice api
e-invoice api malaysia,0,,,,,informational,suggestion,invoice api
e-invoice api registration,0,,,,,transactional,suggestion,invoice api
api login for e invoice,0,,,,,navigational,suggestion,invoice api
lhdn e invoice api documentation,0,,,,,informational,suggestion,invoice api
fortnox api invoice,0,,,,,commercial,suggestion,invoice api
e invoice api sandbox,0,,,,,informational,suggestion,invoice api
e invoice api access mechanism,0,,,,,informational,suggestion,invoice api
zoho invoice api example,0,,,,47,informational,suggestion,invoice api
quickbooks api delete invoice,,,,,,informational,suggestion,invoice api
invoice cloud api,,,,,,commercial,suggestion,invoice api
coupa api create invoice,,,,,,transactional,suggestion,invoice api
oracle ap invoice import api,,,,,,navigational,suggestion,invoice api
zoho books api create invoice,,,,,,transactional,suggestion,invoice api
oildex open invoice api,,,,,,commercial,suggestion,invoice api
coupa invoice line api,,,,,,navigational,suggestion,invoice api
invoice ninja api token,,,,,,informational,suggestion,invoice api
api to delete ap invoice in oracle apps,,,,,,transactional,suggestion,invoice api
zuora api invoice,,,,,,commercial,suggestion,invoice api
invoice ninja api invalid token,,,,,,informational,suggestion,invoice api
ups commercial invoice api,,,,,,commercial,suggestion,invoice api
stripe email invoice api,,,,,,informational,suggestion,invoice api
upcoming invoice stripe api,,,,,,informational,suggestion,invoice api
invoice asap api,,,,,,informational,suggestion,invoice api
vtex api invoice,,,,,,commercial,suggestion,invoice api
stripe api change invoice status,,,,,,informational,suggestion,invoice api
stripe create invoice item api,,,,,,informational,suggestion,invoice api
quickbooks api invoice number,,,,,,informational,suggestion,invoice api
invoice ninja api secret,,,,,,informational,suggestion,invoice api
coupa api update invoice,,,,,,informational,suggestion,invoice api
api to discard invoice line oracle,,,,,,transactional,suggestion,invoice api
shopify api send invoice,,,,,,informational,suggestion,invoice api
oracle cloud ap invoice rest api,,,,,,informational,suggestion,invoice api
invoice api google,,,,,,informational,suggestion,invoice api
sage api create invoice,,,,,,commercial,suggestion,invoice api
invoice api free,,,,,,commercial,suggestion,invoice api
invoice validation api,,,,,,commercial,suggestion,invoice api
nexus invoice api,,,,,,commercial,suggestion,invoice api
rest api for ar invoice in oracle fusion,,,,,,transactional,suggestion,invoice api
square api create invoice,,,,,,transactional,suggestion,invoice api
stripe api invoice date,,,,,,informational,suggestion,invoice api
open invoice api documentation,,,,,,informational,suggestion,invoice api
magento api invoice,,,,,,navigational,suggestion,invoice api
erpnext sales invoice api,,,,,,informational,suggestion,invoice api
stripe create invoice api example,,,,,,informational,suggestion,invoice api
invoice maven api,,,,,,commercial,suggestion,invoice api
ap invoice status api,,,,,,informational,suggestion,invoice api
bill.com api invoice,,,,,,navigational,suggestion,invoice api
chargebee create invoice api,,,,,,commercial,suggestion,invoice api
xero api void invoice,,,,,,transactional,suggestion,invoice api
invoice pdf api,,,,,,informational,suggestion,invoice api
ap invoice interface api,,,,,,informational,suggestion,invoice api
stripe api create draft invoice,,,,,,transactional,suggestion,invoice api
quickbooks invoice number api,,,,,,informational,suggestion,invoice api
invoice status api,,,,,,informational,suggestion,invoice api
quickbooks send invoice api,,,,,,transactional,suggestion,invoice api
api to update ap invoice in oracle apps r12,,,,,,transactional,suggestion,invoice api
bill com api invoice,,,,,,informational,suggestion,invoice api
xero api invoice attachment,,,,,,transactional,suggestion,invoice api
xero api repeating invoice,,,,,,transactional,suggestion,invoice api
quickbooks api invoice object,,,,,,commercial,suggestion,invoice api
moneybird api create invoice,,,,,,commercial,suggestion,invoice api
stripe get invoice for subscription api,,,,,,transactional,suggestion,invoice api
qbo api invoice status,,,,,,navigational,suggestion,invoice api
salesforce invoice api,,,,,,commercial,suggestion,invoice api
stripe api create invoice item,,,,,,transactional,suggestion,invoice api
intakeq invoice api,,,,,,navigational,suggestion,invoice api
quickbooks mark invoice as paid api,,,,,,transactional,suggestion,invoice api
invoice api coupa,,,,,0,informational,suggestion,invoice api
r12 ap invoice validation api,,,,,,informational,suggestion,invoice api
tradeshift invoice api,,,,,,commercial,suggestion,invoice api
oracle invoice api,,,,,,informational,suggestion,invoice api
paypal create and send invoice api,,,,,,transactional,suggestion,invoice api
stripe subscription invoice api,,,,,,informational,suggestion,invoice api
direct invoice api,,,,,,commercial,suggestion,invoice api
stripe api last invoice,,,,,,navigational,suggestion,invoice api
freshbooks api get invoice,,,,,,informational,suggestion,invoice api
stripe api close invoice,,,,,,navigational,suggestion,invoice api
magento api create invoice,,,,,,commercial,suggestion,invoice api
xero api download invoice pdf,,,,,,transactional,suggestion,invoice api
quickbooks api invoice status,,,,,,informational,suggestion,invoice api
whmcs create invoice api,,,,,,commercial,suggestion,invoice api
invoice ocean api,,,,,,informational,suggestion,invoice api
zuora generate invoice rest api,,,,,,transactional,suggestion,invoice api
woocommerce invoice api,,,,,,commercial,suggestion,invoice api
recurly api invoice,,,,,,informational,suggestion,invoice api
stripe invoice object api,,,,,,informational,suggestion,invoice api
invoice create api,,,,,,commercial,suggestion,invoice api
stripe void invoice api,,,,,,navigational,suggestion,invoice api
stripe api delete invoice,,,,,,informational,suggestion,invoice api
invoice creation api in oracle apps,,,,,,informational,suggestion,invoice api
invoice factoring api,,,,,,informational,suggestion,invoice api
stripe send invoice to customer api,,,,,,transactional,suggestion,invoice api
zuora invoice item adjustment api,,,,,,informational,suggestion,invoice api
stripe api void invoice,,,,,,navigational,suggestion,invoice api
invoice insurance api,,,,,,commercial,suggestion,invoice api
shell invoice api,,,,,,commercial,suggestion,invoice api
stripe download invoice api,,,,,,navigational,suggestion,invoice api
concur api invoice,,,,,,commercial,suggestion,invoice api
whmcs api update invoice,,,,,,informational,suggestion,invoice api
zoho invoice api php example,,,,,,informational,suggestion,invoice api
mobilepay invoice api,,,,,,commercial,suggestion,invoice api
zoho crm api create invoice,,,,,,transactional,suggestion,invoice api
delete invoice xero api,,,,,,transactional,suggestion,invoice api
chargify api invoice,,,,,,commercial,suggestion,invoice api
rest api invoice example,,,,,,informational,suggestion,invoice api
zoho invoice api php,,,,,,commercial,suggestion,invoice api
bill com invoice api,,,,,,transactional,suggestion,invoice api
bill.com invoice api,,,,,,navigational,suggestion,invoice api
zoho invoice api document,,,,,47,informational,suggestion,invoice api
authorize net api invoice,,,,,,transactional,suggestion,invoice api
coupa invoice payments api,,,,,,commercial,suggestion,invoice api
oracle ap invoice distribution api,,,,,,informational,suggestion,invoice api
zoho crm invoice api,,,,,,commercial,suggestion,invoice api
xero developer api invoice,,,,,,transactional,suggestion,invoice api
stripe invoice api pay,,,,,,commercial,suggestion,invoice api
stripe api add invoice item,,,,,,informational,suggestion,invoice api
chargebee invoice api docs,,,,,,informational,suggestion,invoice api
adwords api invoice,,,,,,commercial,suggestion,invoice api
myob invoice api,,,,,,navigational,suggestion,invoice api
stripe api invoice discount,,,,,,commercial,suggestion,invoice api
xero api delete invoice,,,,,,transactional,suggestion,invoice api
stripe invoice api create,,,,,59,transactional,suggestion,invoice api
waves invoice api,,,,,,commercial,suggestion,invoice api
invoice process api,,,,,,commercial,suggestion,invoice api
quickbooks api update invoice,,,,,,informational,suggestion,invoice api
xero api invoice paid,,,,,,transactional,suggestion,invoice api
quickbooks online create invoice api,,,,,,transactional,suggestion,invoice api
invoice xero api,,,,,4,transactional,suggestion,invoice api
wix invoice api,,,,,,commercial,suggestion,invoice api
oracle r12 ap invoice api,,,,,,navigational,suggestion,invoice api
invoice ninja google maps api,,,,,,navigational,suggestion,invoice api
acumatica rest api create invoice,,,,,,transactional,suggestion,invoice api
api to approve ap invoice in oracle apps r12,,,,,,transactional,suggestion,invoice api
magento 2 api invoice,,,,,,commercial,suggestion,invoice api
api to delete ar invoice in oracle apps r12,,,,,,transactional,suggestion,invoice api
partner center api invoice,,,,,,commercial,suggestion,invoice api
procore invoice api,,,,,,commercial,suggestion,invoice api
stripe api invoice line items,,,,,,navigational,suggestion,invoice api
bigcommerce invoice api,,,,,,commercial,suggestion,invoice api
stripe api next invoice,,,,,,navigational,suggestion,invoice api
paypal invoice generator api,,,,,,commercial,suggestion,invoice api
invoice financing api,,,,,,commercial,suggestion,invoice api
xero api invoice type,,,,,,informational,suggestion,invoice api
xero api email invoice,,,,,,transactional,suggestion,invoice api
api create invoice,,,,,,transactional,suggestion,invoice api
invoice reader api,,,,,,commercial,suggestion,invoice api
freshbooks api create invoice,,,,,,transactional,suggestion,invoice api
freshbooks invoice api,,,,,54,informational,suggestion,invoice api
pdf invoice api,,,,,,commercial,suggestion,invoice api
quickbooks api send invoice,,,,,,transactional,suggestion,invoice api
quickbooks recurring invoice api,,,,,,commercial,suggestion,invoice api|recurring invoice
coupa api for invoice,,,,,0,commercial,suggestion,invoice api
recurring invoice meaning in hindi,0,,,,,informational,suggestion,recurring invoice
recurring tax invoice,0,,,,,informational,suggestion,recurring invoice
a recurring invoice can be,0,,,,,informational,suggestion,recurring invoice
recurring invoice options quickbooks,,,,,,informational,suggestion,recurring invoice
recurring invoice adalah,,,,,,informational,suggestion,recurring invoice
recurring invoice nz,,,,,,informational,suggestion,recurring invoice
gnucash recurring invoice,,,,,,informational,suggestion,recurring invoice
recurring invoice wordpress,,,,,,informational,suggestion,recurring invoice
a progress invoice can be made recurring,,,,,,informational,suggestion,recurring invoice
how do i edit a recurring invoice in quickbooks,,,,,,informational,suggestion,recurring invoice
create recurring invoice in quickbooks enterprise,,,,,,transactional,suggestion,recurring invoice
how to cancel a recurring invoice on paypal,,,,,,informational,suggestion,recurring invoice
whmcs recurring invoice,,,,,,informational,suggestion,recurring invoice
quickbooks recurring invoice desktop,,,,,0,navigational,suggestion,recurring invoice
recurring invoice reminder quickbooks,,,,,,transactional,suggestion,invoice reminder|recurring invoice
recurring invoice zoho,,,,,48,transactional,suggestion,recurring invoice
recurring invoice quickbooks self employed,,,,,43,transactional,suggestion,recurring invoice
qbo recurring invoice,,,,,1,informational,suggestion,recurring invoice
yardbook recurring invoice,,,,,,informational,suggestion,recurring invoice
wordpress recurring invoice,,,,,,informational,suggestion,recurring invoice
square invoice recurring payments,,,,,,informational,suggestion,recurring invoice
epicor recurring invoice,,,,,,informational,suggestion,recurring invoice
recurring invoice in quickbooks self employed,,,,,43,transactional,suggestion,recurring invoice
qbo recurring progress invoice,,,,,,informational,suggestion,recurring invoice
how to create recurring invoice in oracle fusion,,,,,,informational,suggestion,recurring invoice
quickbooks online recurring invoice template,,,,,,informational,suggestion,recurring invoice
recurring invoice in oracle receivables,,,,,,informational,suggestion,recurring invoice
recurring invoice excel,,,,,,informational,suggestion,recurring invoice
quickbooks how to make an invoice recurring,,,,,34,informational,suggestion,recurring invoice
recurring invoice oracle,,,,,,informational,suggestion,recurring invoice
oracle r12 accounts payable recurring invoice oracle docs com,,,,,,navigational,suggestion,recurring invoice
invoice ninja setup recurring,,,,,,transactional,suggestion,recurring invoice
recurring invoice harvest,,,,,,informational,suggestion,recurring invoice
quickbooks online recurring invoice video,,,,,,informational,suggestion,recurring invoice
how to set up recurring invoice in qb desktop,,,,,,informational,suggestion,recurring invoice
how to do a recurring invoice in xero,,,,,,informational,suggestion,recurring invoice
sap recurring invoice,,,,,,informational,suggestion,recurring invoice
quickbooks online recurring invoice number,,,,,,informational,suggestion,recurring invoice
wave recurring invoice fee,,,,,,informational,suggestion,recurring invoice
quickbooks recurring invoice reminders,,,,,,informational,suggestion,recurring invoice
and co recurring invoice,,,,,,commercial,suggestion,recurring invoice
recurring free text invoice d365,,,,,,transactional,suggestion,recurring invoice
invoice asap recurring,,,,,,informational,suggestion,recurring invoice
wp invoice recurring,,,,,,informational,suggestion,recurring invoice
recurring invoice in odoo 11,,,,,,informational,suggestion,recurring invoice
freshbooks stop recurring invoice,,,,,,transactional,suggestion,recurring invoice
recurring invoice app,,,,,,commercial,suggestion,recurring invoice
sap recurring ap invoice,,,,,,informational,suggestion,recurring invoice
invoiceplane recurring invoice,,,,,,informational,suggestion,recurring invoice
zoho invoice recurring payments,,,,,,informational,suggestion,recurring invoice
xero recurring invoice templates,,,,,,informational,suggestion,recurring invoice
paypal recurring invoice due date,,,,,,informational,suggestion,recurring invoice
quickbooks recurring invoice service date,,,,,,informational,suggestion,recurring invoice
quickbooks recurring invoice reminder,,,,,,informational,suggestion,invoice reminder|recurring invoice
xero recurring transactions prior to invoice date,,,,,,commercial,suggestion,recurring invoice
stripe invoice recurring,,,,,45,informational,suggestion,recurring invoice
cancel recurring invoice paypal,,,,,,transactional,suggestion,recurring invoice
recurring invoice setup in oracle apps r12,,,,,,transactional,suggestion,recurring invoice
invoicely recurring invoice,,,,,,informational,suggestion,recurring invoice
recurring invoice dynamics,,,,,,informational,suggestion,recurring invoice
recurring invoice quickbooks self-employed,,,,,43,transactional,suggestion,recurring invoice
how do i cancel a recurring invoice in quickbooks,,,,,,informational,suggestion,recurring invoice
recurring invoice oracle fusion,,,,,,navigational,suggestion,recurring invoice
edit recurring invoice wave,,,,,,informational,suggestion,recurring invoice
whmcs create recurring invoice,,,,,,transactional,suggestion,recurring invoice
recurring invoice in d365,,,,,,informational,suggestion,recurring invoice
xero how to set up recurring invoice,,,,,,informational,suggestion,recurring invoice
invoice ninja recurring invoice pending,,,,,,transactional,suggestion,recurring invoice
odoo 11 recurring invoice,,,,,,informational,suggestion,recurring invoice
recurring invoice template in oracle,,,,,,transactional,suggestion,recurring invoice
create recurring invoice in quickbooks desktop,,,,,,transactional,suggestion,recurring invoice
free recurring invoice,,,,,,informational,suggestion,recurring invoice
how to create recurring invoice in qbo,,,,,,informational,suggestion,recurring invoice
quickbooks mac recurring invoice,,,,,,informational,suggestion,recurring invoice
invoice recurring orders,,,,,,transactional,suggestion,recurring invoice
freshbooks cancel recurring invoice,,,,,,transactional,suggestion,recurring invoice
recurring invoice in tally,,,,,,informational,suggestion,recurring invoice
create recurring invoice quicken,,,,,,transactional,suggestion,recurring invoice
recurring invoice in oracle fusion payables,,,,,,transactional,suggestion,recurring invoice
recurring invoice in sap,,,,,,informational,suggestion,recurring invoice
recurring invoice generator,,,,,,commercial,suggestion,recurring invoice
recurring invoice in quickbooks desktop,,,,,0,navigational,suggestion,recurring invoice
wave delete recurring invoice,,,,,,transactional,suggestion,recurring invoice
create recurring invoice,,,,,,transactional,suggestion,recurring invoice
recurring payment invoice,,,,,34,informational,suggestion,recurring invoice
reminder due invoice emails sent from within quickbooks,0,,,,,transactional,suggestion,invoice reminder
outstanding invoice reminder example,0,,,,,informational,suggestion,invoice reminder
myob overdue invoice reminder,0,,,,,navigational,suggestion,invoice reminder
send a reminder before an invoice becomes past due,0,,,,,transactional,suggestion,invoice reminder
reminder invoice from paypal holding inc,0,,,,,informational,suggestion,invoice reminder
unpaid invoice outstanding payment reminder letter format,0,,,,47,transactional,suggestion,invoice reminder
reminder due invoice emails sent from within quickbooks desktop,,,,,,transactional,suggestion,invoice reminder
reminder text invoice,,,,,,transactional,suggestion,invoice reminder
what does a paypal invoice reminder look like,,,,,,informational,suggestion,invoice reminder
quickbooks desktop overdue invoice reminder,,,,,,navigational,suggestion,invoice reminder
send quickbooks invoice reminder,,,,,,transactional,suggestion,invoice reminder
invoice unpaid reminder whmcs,,,,,,informational,suggestion,invoice reminder
paypal invoice send reminder,,,,,,informational,suggestion,invoice reminder
invoice reminder paparazzi,,,,,23,informational,suggestion,invoice reminder
invoice reminder notice,,,,,,informational,suggestion,invoice reminder
woocommerce invoice reminder,,,,,,informational,suggestion,invoice reminder
quickbooks invoice send reminder,,,,,,transactional,suggestion,invoice reminder
xero invoice reminder template,,,,,,transactional,suggestion,invoice reminder
xero invoice reminder email,,,,,,navigational,suggestion,invoice reminder
paypal reminder invoice,,,,,18,informational,suggestion,invoice reminder
xero outstanding invoice reminder,,,,,,transactional,suggestion,invoice reminder
set invoice reminder on quickbooks,,,,,,transactional,suggestion,invoice reminder
xero send manual invoice reminder,,,,,44,navigational,suggestion,invoice reminder
quickbook invoice reminder,,,,,0,transactional,suggestion,invoice reminder
xero invoice reminder history,,,,,,navigational,suggestion,invoice reminder
jobber invoice reminder,,,,,,transactional,suggestion,invoice reminder
xero invoice reminder email address,,,,,,navigational,suggestion,invoice reminder
paypal invoice auto reminder,,,,,,informational,suggestion,invoice reminder
quickbooks self employed invoice reminder,,,,,,informational,suggestion,invoice reminder
invoice approval in oracle payables r12,0,,,,0,transactional,suggestion,invoice approval
manual invoice approval process,0,,,,,informational,suggestion,invoice approval
xero repeating invoice approval for sending,0,,,,44,transactional,suggestion,invoice approval
microsoft flow invoice approval,0,,,,,transactional,suggestion,invoice approval
compello invoice approval login,0,,,,,navigational,suggestion,invoice approval
myob invoice approval,0,,,,,navigational,suggestion,invoice approval
ap invoice approval workflow customization,0,,,,,commercial,suggestion,invoice approval
invoice approval microsoft flow,0,,,,,transactional,suggestion,invoice approval
invoice register and invoice approval journal,,,,,,transactional,suggestion,invoice approval
microsoft power automate invoice approval,,,,,,informational,suggestion,invoice approval
invoice approval receipt bank,,,,,,navigational,suggestion,invoice approval
an invoice approval form is used by the quizlet,,,,,,informational,suggestion,invoice approval
using sharepoint for invoice approval,,,,,,transactional,suggestion,invoice approval
sap miro invoice approval workflow,,,,,,informational,suggestion,invoice approval
m files invoice approval workflow,,,,,,transactional,suggestion,invoice approval
invoice approval threshold,,,,,,informational,suggestion,invoice approval
invoice approval oracle,,,,,,informational,suggestion,invoice approval
oracle fusion invoice approval rules,,,,,,informational,suggestion,invoice approval
kofax invoice approval,,,,,,transactional,suggestion,invoice approval
sharepoint invoice approval workflow template,,,,,,informational,suggestion,invoice approval
invoice approval rules,,,,,,informational,suggestion,invoice approval
alma invoice approval,,,,,,navigational,suggestion,invoice approval
invoice approval software sap,,,,,,commercial,suggestion,invoice approval
invoice approval quickbooks desktop,,,,,,navigational,suggestion,invoice approval
invoice approval sap,,,,,,informational,suggestion,invoice approval
ap invoice approval process oracle apps,,,,,,navigational,suggestion,invoice approval
invoice approval workflow dynamics 365,,,,,,transactional,suggestion,invoice approval
invoice approval process in oracle apps r12,,,,,,informational,suggestion,invoice approval
invoice approval netsuite,,,,,,navigational,suggestion,invoice approval
sap mm invoice approval workflow,,,,,,informational,suggestion,invoice approval
invoice approval platform,,,,,,commercial,suggestion,invoice approval
ame ap invoice approval,,,,,,informational,suggestion,invoice approval
open source invoice approval,,,,,,informational,suggestion,invoice approval
qbo invoice approval,,,,,,navigational,suggestion,invoice approval
avid invoice approval,,,,,,navigational,suggestion,invoice approval
invoice approval process in sap mm,,,,,,informational,suggestion,invoice approval
invoice approval portal,,,,,,navigational,suggestion,invoice approval
ap invoice approval process in r12,,,,,,informational,suggestion,invoice approval
invoice approval process example,,,,,,informational,suggestion,invoice approval
invoice approval system open source,,,,,,commercial,suggestion,invoice approval
example invoice approval process,,,,,,informational,suggestion,invoice approval
quickbooks desktop invoice approval,,,,,,transactional,suggestion,invoice approval
sap invoice approval report,,,,,,informational,suggestion,invoice approval
ax 2012 invoice approval journal,,,,,,navigational,suggestion,invoice approval
online invoice approval process,,,,,,informational,suggestion,invoice approval
invoice approval process in oracle r12,,,,,,informational,suggestion,invoice approval
d365 invoice approval workflow,,,,,,transactional,suggestion,invoice approval
sap standard workflow for invoice approval,,,,,,informational,suggestion,invoice approval
hyland invoice approval application,,,,,,navigational,suggestion,invoice approval
ap invoice approval in r12,,,,,,informational,suggestion,invoice approval
xero invoice submit for approval,,,,,,transactional,suggestion,invoice approval
ap invoice line level approval,,,,,,informational,suggestion,invoice approval
does quickbooks have an invoice approval process,,,,,,informational,suggestion,invoice approval
difference between invoice match option and match approval level,,,,,,informational,suggestion,invoice approval
invoice approval levels,,,,,,informational,suggestion,invoice approval
basware invoice approval,,,,,,transactional,suggestion,invoice approval
invoice approval rules in oracle fusion,,,,,,informational,suggestion,invoice approval
sap business one invoice approval,,,,,,informational,suggestion,invoice approval
ap invoice approval process oracle apps r12,,,,,,navigational,suggestion,invoice approval
invoice approval software reviews,,,,,,commercial,suggestion,invoice approval
invoice approval setup in oracle fusion,,,,,,transactional,suggestion,invoice approval
sap fi invoice approval workflow,,,,,,informational,suggestion,invoice approval
cloud based invoice approval system,,,,,,commercial,suggestion,invoice approval
oracle invoice approval workflow setup,,,,,,transactional,suggestion,invoice approval
free invoice approval system,,,,,,commercial,suggestion,invoice approval
invoice approval letter,,,,,,informational,suggestion,invoice approval
invoice approval qbo,,,,,,navigational,suggestion,invoice approval
invoice approval process in quickbooks,,,,,,informational,suggestion,invoice approval
invoice approval workflow d365,,,,,,transactional,suggestion,invoice approval
vendor invoice approval dynamics 365,,,,,,transactional,suggestion,invoice approval
invoice approval via email,,,,,,transactional,suggestion,invoice approval
ap invoice approval workflow configure ame,,,,,,transactional,suggestion,invoice approval
invoice approval software xero,,,,,,transactional,suggestion,invoice approval
ap invoice approval workflow oracle apps r12 tables,,,,,,navigational,suggestion,invoice approval
oracle fusion payables invoice approval workflow,,,,,,commercial,suggestion,invoice approval
yardi invoice approval,,,,,,navigational,suggestion,invoice approval
how to improve invoice approval process,,,,,,informational,suggestion,invoice approval
sap invoice approval workflow configuration,,,,,,commercial,suggestion,invoice approval
invoice approval status not required,,,,,,informational,suggestion,invoice approval
amazon request approval invoice,,,,,,transactional,suggestion,invoice approval
invoice approval status table in oracle apps,,,,,,transactional,suggestion,invoice approval
invoice approval routing software,,,,,,commercial,suggestion,invoice approval
invoice approval office 365,,,,,,transactional,suggestion,invoice approval
oracle r12 ap invoice approval setup,,,,,,transactional,suggestion,invoice approval
invoice approval tcode in sap,,,,,,informational,suggestion,invoice approval
invoice approval control,,,,,,informational,suggestion,invoice approval
why is invoice approval important,,,,,,informational,suggestion,invoice approval
vendor invoice approval journal workflow,,,,,,transactional,suggestion,invoice approval
far invoice approval,,,,,,informational,suggestion,invoice approval
ap invoice approval query,,,,,,informational,suggestion,invoice approval
invoice approval in sap,,,,,,informational,suggestion,invoice approval
invoice approval r12,,,,,,informational,suggestion,invoice approval
invoice approval cover sheet,,,,,,informational,suggestion,invoice approval
construction invoice approval software,,,,,,commercial,suggestion,invoice approval
oracle invoice approval date,,,,,,informational,suggestion,invoice approval
simple invoice approval,,,,,,informational,suggestion,invoice approval
hoa invoice approval,,,,,,informational,suggestion,invoice approval
sop for invoice approval,,,,,,informational,suggestion,invoice approval
same day approval invoice factoring,,,,,,transactional,suggestion,invoice approval
vendor invoice approval process in sap,,,,,,commercial,suggestion,invoice approval
how to see invoice approval in sap,,,,,,informational,suggestion,invoice approval
r12 invoice approval workflow,,,,,,informational,suggestion,invoice approval
invoice approval history,,,,,,informational,suggestion,invoice approval
beanworks invoice approval,,,,,,navigational,suggestion,invoice approval
powerapps invoice approval,,,,,,informational,suggestion,invoice approval
invoice approval software nz,,,,,,commercial,suggestion,invoice approval
invoice approval process template,,,,,,informational,suggestion,invoice approval
quickbooks desktop invoice approval process,,,,,,transactional,suggestion,invoice approval
isupplier invoice approval process,,,,,,informational,suggestion,invoice approval
cloud-based invoice approval system,,,,,,commercial,suggestion,invoice approval
dynamics 365 invoice approval workflow,,,,,,informational,suggestion,invoice approval
oracle fusion ap invoice approval,,,,,,informational,suggestion,invoice approval
chrome river invoice approval,,,,,,navigational,suggestion,invoice approval
ap invoice approval setup,,,,,,informational,suggestion,invoice approval
invoice approval flowchart,,,,,,informational,suggestion,invoice approval
invoice approval dynamics 365,,,,,,informational,suggestion,invoice approval
ap invoice approval history query,,,,,,navigational,suggestion,invoice approval
simple invoice approval system,,,,,,commercial,suggestion,invoice approval
doe vendor invoice approval system,,,,,,navigational,suggestion,invoice approval
invoice approval system quickbooks,,,,,,commercial,suggestion,invoice approval
invoice approval process in oracle fusion,,,,,,commercial,suggestion,invoice approval
invoice approval history action future,,,,,,transactional,suggestion,invoice approval
invoice approval sop,,,,,,informational,suggestion,invoice approval
describe what an invoice approval is by selecting,,,,,,informational,suggestion,invoice approval
office 365 invoice approval,,,,,,transactional,suggestion,invoice approval
fusion invoice approval,,,,,,informational,suggestion,invoice approval
invoice approval workflow overview oracle payables user's guide,,,,,,navigational,suggestion,invoice approval
oracle fusion initiate invoice approval workflow,,,,,,transactional,suggestion,invoice approval
invoice approval setup in oracle apps r12,,,,,,transactional,suggestion,invoice approval
oracle ar invoice approval workflow,,,,,,informational,suggestion,invoice approval
same day approval and funding invoice factoring,,,,,,transactional,suggestion,invoice approval
invoice approval tracking,,,,,,informational,suggestion,invoice approval
invoice approval software sage,,,,,,commercial,suggestion,invoice approval
purchase order system and invoice approval software,,,,,,commercial,suggestion,invoice approval
custom invoice approval stamps,,,,,,transactional,suggestion,invoice approval
invoice approval quickbooks,,,,,14,transactional,suggestion,invoice approval
cor invoice approval,,,,,,informational,suggestion,invoice approval
coupa invoice approval,,,,,,informational,suggestion,invoice approval
sap invoice approval workflow tables,,,,,,navigational,suggestion,invoice approval
kissflow invoice approval,,,,,,informational,suggestion,invoice approval
xero purchase invoice approval,,,,,,transactional,suggestion,invoice approval
ap invoice approval workflow setup and usage,,,,,,commercial,suggestion,invoice approval
match approval and invoice match option,,,,,,commercial,suggestion,invoice approval
best practices for invoice approval,,,,,8,informational,suggestion,invoice approval
invoice approval form definition,,,,,,informational,suggestion,invoice approval
accounts payable automation nz,0,,,,,commercial,suggestion,accounts payable automation
search best accounts payable automation software,0,,,,,commercial,suggestion,accounts payable automation
accounts payable automation best practices pdf,0,,,,,informational,suggestion,accounts payable automation
accounts payable automation ideas,,,,,,commercial,suggestion,accounts payable automation
automation ideas for accounts payable,,,,,,commercial,suggestion,accounts payable automation
accounts payable automation reddit,,,,,,informational,suggestion,accounts payable automation
global accounts payable automation market,,,,,,commercial,suggestion,accounts payable automation
quickbooks desktop accounts payable automation,,,,,,commercial,suggestion,accounts payable automation
sage 50 accounts payable automation,,,,,,commercial,suggestion,accounts payable automation
accounts payable automation market by component solution and services,,,,,,commercial,suggestion,accounts payable automation
intellichief accounts payable automation,,,,,,commercial,suggestion,accounts payable automation
challenges in accounts payable automation,,,,,,informational,suggestion,accounts payable automation
process automation for accounts payable,,,,,43,commercial,suggestion,accounts payable automation
accounts payable automation cloud,,,,,,commercial,suggestion,accounts payable automation
accounts payable automation anywhere,,,,,,commercial,suggestion,accounts payable automation
process automation for accounts payable oracle,,,,,,commercial,suggestion,accounts payable automation
accounts payable automation myob,,,,,,navigational,suggestion,accounts payable automation
best accounts payable automation solutions,,,,,,commercial,suggestion,accounts payable automation
accounts payable and receivable automation,,,,,,commercial,suggestion,accounts payable automation
quickbooks enterprise accounts payable automation,,,,,,commercial,suggestion,accounts payable automation
robotic process automation in accounts payable tomorrow is today,,,,,,commercial,suggestion,accounts payable automation
accounts payable automation software quickbooks,,,,,,commercial,suggestion,accounts payable automation
accounts payable automation meaning,,,,,,informational,suggestion,accounts payable automation
sage 100 accounts payable automation,,,,,,commercial,suggestion,accounts payable automation
accounts payable automation quickbooks online,,,,,,commercial,suggestion,accounts payable automation
accounts payable automation use cases,,,,,,commercial,suggestion,accounts payable automation
small business accounts payable automation,,,,,21,commercial,suggestion,accounts payable automation
fori automation accounts payable,,,,,,navigational,suggestion,accounts payable automation
accounts payable automation pdf,,,,,,informational,suggestion,accounts payable automation
accounts payable automation market marketsandmarkets,,,,,,commercial,suggestion,accounts payable automation
billing process will use closed loop automation and predictive analytics,0,,,,,commercial,suggestion,billing automation
hostbilling web hosting billing & automation software,0,,,,,commercial,suggestion,billing automation
rebilly subscription billing automation,0,,,,,transactional,suggestion,billing automation
whmcs v7 5 2 web hosting billing & automation platform,,,,,,commercial,suggestion,billing automation
billing process automation,,,,,,commercial,suggestion,billing automation
billing automation salesforce,,,,,,commercial,suggestion,billing automation
robotic process automation in medical billing,,,,,0,commercial,suggestion,billing automation
hostbill enterprise 10 billing & automation software for webhosts,,,,,,commercial,suggestion,billing automation
whmcs v7 7.1 web hosting billing automation platform,,,,,,commercial,suggestion,billing automation
whmcs v7 7.1 web hosting billing & automation platform,,,,,,commercial,suggestion,billing automation
azure automation billing,,,,,,commercial,suggestion,billing automation
cloud billing and automation,,,,,,commercial,suggestion,billing automation
csp billing automation,,,,,,commercial,suggestion,billing automation
ordway billing automation,,,,,,commercial,suggestion,billing automation
web hosting billing automation,,,,,,commercial,suggestion,billing automation
hostbill enterprise 10 billing & automation software,,,,,,commercial,suggestion,billing automation
billing will use closed loop automation and predictive analytics,,,,,,commercial,suggestion,billing automation
whmcs v7 5.2 web hosting billing & automation platform,,,,,,commercial,suggestion,billing automation
web hosting billing automation platform free,,,,,,commercial,suggestion,billing automation
billing automation benefits,,,,,,informational,suggestion,billing automation
whmcs v7 7 1 web hosting billing & automation platform,,,,,,commercial,suggestion,billing automation
billing automation infusionsoft,,,,,,commercial,suggestion,billing automation
automation of billing process,,,,,,commercial,suggestion,billing automation
whmcs v7 7 1 web hosting billing automation platform,,,,,,commercial,suggestion,billing automation
janitor ai billing plan,0,,,,,navigational,suggestion,ai billing
janitor ai plan and billing,0,,,,,navigational,suggestion,ai billing
janitor ai billing details,0,,,,,navigational,suggestion,ai billing
ai in telecom billing,,,,,,informational,suggestion,ai billing
healthcare billing ai,,,,,,commercial,suggestion,ai billing
octane ai billing,,,,,,transactional,suggestion,ai billing
using ai for medical billing,,,,,,commercial,suggestion,ai billing
use ai billing support,,,,,,transactional,suggestion,ai billing
seamless ai billing,,,,,,commercial,suggestion,ai billing
legal billing ai,,,,,,commercial,suggestion,ai billing
zra smart invoice pdf,0,,,,,transactional,suggestion,smart invoice
smart invoice commitment form,0,,,,,transactional,suggestion,smart invoice
invoice smart watch,0,,,,,transactional,suggestion,smart invoice
smart invoice apk,0,,,,,transactional,suggestion,smart invoice
smart invoice php,0,,,,,commercial,suggestion,smart invoice
smart invoice zra deadline,0,,,,,informational,suggestion,smart invoice
zra smart invoice registration online,0,,,,,transactional,suggestion,smart invoice
smart invoice zra pdf,0,,,,,transactional,suggestion,smart invoice
oocl smart invoice login,0,,,,,navigational,suggestion,smart invoice
hdpos smart billing invoice software,0,,,,,commercial,suggestion,smart invoice
smart invoice system nulled,0,,,,,informational,suggestion,smart invoice
smart invoice system free download,0,,,,,informational,suggestion,smart invoice
reliance smart invoice download,0,,,,,transactional,suggestion,smart invoice
411 smart search invoice,,,,,,navigational,suggestion,smart invoice
invoice smart contract,,,,,,commercial,suggestion,smart invoice
smart invoice system v1 8,,,,,,transactional,suggestion,smart invoice
bell smart home invoice,,,,,,transactional,suggestion,smart invoice
smart invoice dao,,,,,,transactional,suggestion,smart invoice
smart invoice system v1 9 nulled,,,,,,informational,suggestion,smart invoice
zahara smart invoice,,,,,,transactional,suggestion,smart invoice
hsbc invoice discounting smart form,,,,,,informational,suggestion,smart invoice
codecanyon smart invoice system,,,,,,commercial,suggestion,smart invoice
office smart store fake invoice,,,,,,informational,suggestion,smart invoice
raid guild smart invoice,,,,,,transactional,suggestion,smart invoice
bank smart invoice,,,,,,commercial,suggestion,smart invoice
sis smart invoice system,,,,,,commercial,suggestion,smart invoice
smart tutorials invoice,,,,,,informational,suggestion,smart invoice
download smart invoice,,,,,,transactional,suggestion,smart invoice
smart contract invoice,,,,,,commercial,suggestion,smart invoice
smart invoice blockchain,,,,,,commercial,suggestion,smart invoice
smart invoice crypto,,,,,,commercial,suggestion,smart invoice
unt accounts payable,,,,,,navigational,idea,"invoice automation,ai invoice generator,invoice processing,invoice ocr"
byui accounts payable,,,,,,navigational,idea,"invoice automation,ai invoice generator,invoice processing,invoice ocr"
wku accounts payable,,,,,,navigational,idea,"invoice automation,ai invoice generator,invoice processing,invoice ocr"
invoice factoring providers,,,,,,commercial,idea,"automated invoicing,invoice software,invoice management,invoice api|invoice automation,ai invoice generator,invoice processing,invoice ocr"
zoho invoice vat,0,,,,,navigational,idea,"automated invoicing,invoice software,invoice management,invoice api|invoice automation,ai invoice generator,invoice processing,invoice ocr"
zoho invoice multiple organizations,,,,,,navigational,idea,"automated invoicing,invoice software,invoice management,invoice api|invoice automation,ai invoice generator,invoice processing,invoice ocr"
accounts payable ua,,,,,2,navigational,idea,"invoice automation,ai invoice generator,invoice processing,invoice ocr"
uofl accounts payable,,,,,,navigational,idea,"invoice automation,ai invoice generator,invoice processing,invoice ocr"
cbu accounts payable,,,,,,navigational,idea,"invoice automation,ai invoice generator,invoice processing,invoice ocr"
ced accounts payable,,,,,,informational,idea,"invoice automation,ai invoice generator,invoice processing,invoice ocr"
multiview accounts payable,,,,,,navigational,idea,"invoice automation,ai invoice generator,invoice processing,invoice ocr"
ccsu accounts payable,,,,,,navigational,idea,"invoice automation,ai invoice generator,invoice processing,invoice ocr"
accounts payable pps,,,,,,commercial,idea,"invoice automation,ai invoice generator,invoice processing,invoice ocr"
scu accounts payable,,,,,,navigational,idea,"invoice automation,ai invoice generator,invoice processing,invoice ocr"
uiuc accounts payable,,,,,,navigational,idea,"invoice automation,ai invoice generator,invoice processing,invoice ocr"
accounts payable uiw,,,,,4,navigational,idea,"invoice automation,ai invoice generator,invoice processing,invoice ocr"
accounts payable cmu,,,,,0,navigational,idea,"invoice automation,ai invoice generator,invoice processing,invoice ocr"
toro accounts payable,,,,,,navigational,idea,"invoice automation,ai invoice generator,invoice processing,invoice ocr"
hyland accounts payable,,,,,,navigational,idea,"invoice automation,ai invoice generator,invoice processing,invoice ocr"
zoho invoice expenses,,,,,,commercial,idea,"automated invoicing,invoice software,invoice management,invoice api|invoice automation,ai invoice generator,invoice processing,invoice ocr"
associated wholesale grocers accounts payable,,,,,,navigational,idea,"invoice automation,ai invoice generator,invoice processing,invoice ocr"
accounts payable invoice procedures,,,,,,informational,idea,"invoice automation,ai invoice generator,invoice processing,invoice ocr"
sealy isd accounts payable,,,,,,navigational,idea,"invoice automation,ai invoice generator,invoice processing,invoice ocr"
lippert components accounts payable,,,,,,navigational,idea,"invoice automation,ai invoice generator,invoice processing,invoice ocr"
holiday inn accounts payable,,,,,,navigational,idea,"invoice automation,ai invoice generator,invoice processing,invoice ocr"
account payable ucla,,,,,0,navigational,idea,"invoice automation,ai invoice generator,invoice processing,invoice ocr"
sap for invoicing,,,,,0,commercial,idea,"automated invoicing,invoice software,invoice management,invoice api|invoice automation,ai invoice generator,invoice processing,invoice ocr"
timesheet invoice generator,,,,,,transactional,idea,"invoice automation,ai invoice generator,invoice processing,invoice ocr"
real invoice generator,,,,,,commercial,idea,"invoice automation,ai invoice generator,invoice processing,invoice ocr"
consultant invoice generator,,,,,,commercial,idea,"invoice automation,ai invoice generator,invoice processing,invoice ocr"
sage 100 accounts payable tutorial,,,,,,informational,idea,"invoice automation,ai invoice generator,invoice processing,invoice ocr"
smith and nephew accounts payable,,,,,,navigational,idea,"invoice automation,ai invoice generator,invoice processing,invoice ocr"
aim invoice,,,,,,transactional,idea,"automated invoicing,invoice software,invoice management,invoice api|invoice automation,ai invoice generator,invoice processing,invoice ocr"
timesheet invoice meaning,,,,,,informational,idea,"invoice automation,ai invoice generator,invoice processing,invoice ocr"
standard costing in netsuite,,,,,0,informational,idea,"automated invoicing,invoice software,invoice management,invoice api|invoice automation,ai invoice generator,invoice processing,invoice ocr"
jane invoicing,,,,,,navigational,idea,"automated invoicing,invoice software,invoice management,invoice api|invoice automation,ai invoice generator,invoice processing,invoice ocr"
epicor invoicing,,,,,,commercial,idea,"automated invoicing,invoice software,invoice management,invoice api|invoice automation,ai invoice generator,invoice processing,invoice ocr"
zenfolio invoicing,,,,,,navigational,idea,"automated invoicing,invoice software,invoice management,invoice api|invoice automation,ai invoice generator,invoice processing,invoice ocr"
accounts receivable duke,,,,,,navigational,idea,"invoice automation,ai invoice generator,invoice processing,invoice ocr"
automatic invoicing qbo,,,,,,commercial,idea,"invoice automation,ai invoice generator,invoice processing,invoice ocr"
create invoice on wave,,,,,,transactional,idea,"automated invoicing,invoice software,invoice management,invoice api|invoice automation,ai invoice generator,invoice processing,invoice ocr"
unifirst invoice,,,,,,navigational,idea,"invoice automation,ai invoice generator,invoice processing,invoice ocr"
ge appliances accounts receivable,,,,,,navigational,idea,"invoice automation,ai invoice generator,invoice processing,invoice ocr"
aat invoice,,,,,,transactional,idea,"invoice automation,ai invoice generator,invoice processing,invoice ocr"
ascap invoice,,,,,,informational,idea,"invoice automation,ai invoice generator,invoice processing,invoice ocr"
bigseller invoice,,,,,,navigational,idea,"invoice automation,ai invoice generator,invoice processing,invoice ocr"
moneybird invoice,,,,,,navigational,idea,"invoice automation,ai invoice generator,invoice processing,invoice ocr"
bifurcated invoice,,,,,,informational,idea,"invoice automation,ai invoice generator,invoice processing,invoice ocr"
karaoke invoice,,,,,,transactional,idea,"invoice automation,ai invoice generator,invoice processing,invoice ocr"
ets invoice,,,,,,informational,idea,"invoice automation,ai invoice generator,invoice processing,invoice ocr"
invoice intake,,,,,,navigational,idea,"invoice automation,ai invoice generator,invoice processing,invoice ocr"
orbit time based invoicing,,,,,,commercial,idea,"invoice automation,ai invoice generator,invoice processing,invoice ocr"
oracle fusion intercompany invoicing,,,,,,navigational,idea,"invoice automation,ai invoice generator,invoice processing,invoice ocr"
how to streamline invoicing,,,,,,informational,idea,"invoice automation,ai invoice generator,invoice processing,invoice ocr"
shared vendor bills netsuite,,,,,8,navigational,idea,"automated invoicing,invoice software,invoice management,invoice api|invoice automation,ai invoice generator,invoice processing,invoice ocr"
netsuite vendor pricing schedule,,,,,,commercial,idea,"automated invoicing,invoice software,invoice management,invoice api|invoice automation,ai invoice generator,invoice processing,invoice ocr"
netsuite other charge item,,,,,,navigational,idea,"invoice automation,ai invoice generator,invoice processing,invoice ocr"
daikin accounts payable,,,,,,navigational,idea,"invoice automation,ai invoice generator,invoice processing,invoice ocr"
oneok accounts payable,,,,,,navigational,idea,"invoice automation,ai invoice generator,invoice processing,invoice ocr"
accounts payable ualr,,,,,11,navigational,idea,"invoice automation,ai invoice generator,invoice processing,invoice ocr"
jsu accounts payable,,,,,,navigational,idea,"invoice automation,ai invoice generator,invoice processing,invoice ocr"
fresenius accounts payable,,,,,,navigational,idea,"invoice automation,ai invoice generator,invoice processing,invoice ocr"
uthsc accounts payable,,,,,,navigational,idea,"invoice automation,ai invoice generator,invoice processing,invoice ocr"
fiu accounts payable,,,,,,navigational,idea,"invoice automation,ai invoice generator,invoice processing,invoice ocr"
accounts payable uh,,,,,23,navigational,idea,"invoice automation,ai invoice generator,invoice processing,invoice ocr"
accounts payable labels,,,,,,commercial,idea,"invoice automation,ai invoice generator,invoice processing,invoice ocr"
linde accounts payable,,,,,,navigational,idea,"invoice automation,ai invoice generator,invoice processing,invoice ocr"
conagra accounts payable,,,,,,navigational,idea,"invoice automation,ai invoice generator,invoice processing,invoice ocr"
unf accounts payable,,,,,,navigational,idea,"invoice automation,ai invoice generator,invoice processing,invoice ocr"
atu accounts payable,,,,,,navigational,idea,"invoice automation,ai invoice generator,invoice processing,invoice ocr"
tdcj accounts payable,,,,,,navigational,idea,"invoice automation,ai invoice generator,invoice processing,invoice ocr"
stripe invoice ui,,,,,,navigational,idea,"automated invoicing,invoice software,invoice management,invoice api"
difference between invoice and billing document in sap,,,,,,informational,idea,"automated invoicing,invoice software,invoice management,invoice api"
stripe accounting api,,,,,35,navigational,idea,"automated invoicing,invoice software,invoice management,invoice api"
quickbooks billing support,,,,,31,navigational,idea,"automated invoicing,invoice software,invoice management,invoice api"
lease accounting and management software,,,,,,commercial,idea,"automated invoicing,invoice software,invoice management,invoice api"
budgeting software for netsuite,,,,,,commercial,idea,"automated invoicing,invoice software,invoice management,invoice api"
mana billing,,,,,,navigational,idea,"automated invoicing,invoice software,invoice management,invoice api"
sap subscription billing integration,,,,,,navigational,idea,"automated invoicing,invoice software,invoice management,invoice api"
madcap software revenue,,,,,,commercial,idea,"automated invoicing,invoice software,invoice management,invoice api"
sequoyah utility billing software,,,,,,navigational,idea,"automated invoicing,invoice software,invoice management,invoice api"
balance billing ny,,,,,,navigational,idea,"automated invoicing,invoice software,invoice management,invoice api"
best aba billing software,,,,,,commercial,idea,"automated invoicing,invoice software,invoice management,invoice api"
isp billing software bd,,,,,,commercial,idea,"automated invoicing,invoice software,invoice management,invoice api"
origin utility billing software,,,,,,commercial,idea,"automated invoicing,invoice software,invoice management,invoice api"
quarterly billing vs monthly billing,,,,,,informational,idea,"automated invoicing,invoice software,invoice management,invoice api"
school fee management software,,,,,,commercial,idea,"automated invoicing,invoice software,invoice management,invoice api"
erp software brochure pdf,0,,,,,commercial,idea,"automated invoicing,invoice software,invoice management,invoice api"
