keyword,volume,kd,cpc,intent
client bookkeeping solutions,550000,3,3.2,commercial
schools cash online,135000,0,10.4,informational
reconciliation,110000,25,9.4,informational
metro pay bill,110000,16,2.6,navigational
metropcs bill pay,90500,16,3.2,navigational
bill payment duke energy,90500,21,0,navigational
ebitda meaning,60500,15,1.3,informational
reconcile meaning,40500,10,0.0,informational
reconcile definition,40500,9,0.0,informational
reconcile def,40500,8,0.0,informational
quest diagnostics bill pay,40500,25,0.9,informational
peco bill pay,40500,2,0.1,navigational
aep bill pay,33100,4,3.3,navigational
utility bill,33100,26,6.7,informational
pge bill pay,33100,11,0.4,navigational
state farm pay bill,33100,21,7.5,informational
target bill pay,33100,17,4.6,informational
financial accounting hub,33100,0,27.2,navigational
financials accounting hub,33100,0,27.2,navigational
transaction,33100,27,14.1,informational
pay water bill online,33100,24,2.1,transactional
pay att bill online,33100,5,2.4,transactional
reconciliation defined,27100,15,0.1,informational
reconciliation definition,27100,16,0.1,informational
bank statement,27100,19,6.0,informational
statement from bank,27100,19,6.0,informational
bank of statement,27100,19,6.0,navigational
definition for reconcile,27100,9,0.1,informational
definition of reconcile,27100,11,0.1,informational
define reconcile,27100,6,0.1,informational
job bookkeeping,27100,7,3.1,informational
jobs bookkeeping,27100,7,3.1,informational
jobs for bookkeeping,27100,7,3.1,informational
jobs in bookkeeping,27100,7,3.1,informational
forensic accounting,27100,6,10.8,informational
gross income meaning,27100,8,1.4,informational
ga power pay bill,27100,28,0.7,informational
definition of reconciliation,22200,26,0.7,informational
meaning of reconciliation,22200,4,0.7,informational
reconciliation meaning,22200,15,0.7,informational
meaning of reconcile,22200,9,0.7,informational
formal charge formula,22200,6,0,informational
bge bill pay,22200,0,1.1,navigational
xcel energy bill pay,22200,1,1.0,informational
cox bill pay,22200,18,1.9,navigational
reliant bill pay,22200,12,7.9,navigational
ameren bill pay,22200,0,2.8,informational
adt bill pay,22200,4,24.2,navigational
atmos bill pay,22200,12,3.9,informational
progressive pay my bill,22200,21,4.3,navigational
oge bill pay,22200,0,0.1,informational
finance meaning,22200,29,16.2,informational
irs2go app,22200,18,3.2,navigational
truth and reconciliation commissions,18100,25,12.9,informational
pge bill,18100,25,0.4,informational
comed bill pay,18100,0,0.7,navigational
edison pay bill,18100,19,3.1,informational
eversource bill pay,18100,11,3.0,informational
accounting equation,18100,17,27.4,informational
cash flow statement,18100,21,13.0,informational
income statement example,18100,1,2.6,informational
fpl pay bill,18100,13,0.2,informational
spire bill pay,18100,9,0.0,navigational
optimum bill pay,18100,16,1.1,commercial
consumers energy bill pay,18100,0,0.2,informational
dte bill pay,18100,14,2.0,navigational
tfs bill pay,18100,0,0,navigational
lowes bill pay,18100,26,1,navigational
monetary synonym,18100,0,0.0,informational
accounting principles board definition,18100,27,0,informational
cash app borrow,18100,0,7.4,transactional
cash app atm near me,18100,29,3.4,navigational
remote bookkeeping jobs,14800,5,3.8,informational
bookkeeping near me,14800,12,17.9,commercial
bookkeeping job remote,14800,12,3.8,informational
remote work bookkeeping,14800,9,3.8,commercial
bookkeeping-services,14800,21,47.4,commercial
ppl bill pay,14800,2,0.1,informational
invoice pricing,14800,10,7.0,commercial
meet bill,14800,7,0,informational
directv pay bill,14800,21,1.5,navigational
centerpoint energy pay bill,14800,9,1.5,navigational
investment synonym,14800,0,0.1,informational
investing synonym,14800,3,0.1,informational
net income meaning,14800,14,0.3,informational
dish network pay bill,14800,26,4.2,informational
investments synonym,14800,0,0.1,informational
smart financial,14800,10,12.6,informational
personal finance books,14800,9,1,informational
every dollar app,14800,24,2.5,transactional
cash app atm,14800,21,4.9,navigational
free cash.com,14800,25,1.3,informational
national reconciliation ordinance,12100,0,0.5,informational
invoice meaning,12100,5,5.7,informational
net income formula,12100,19,21.2,informational
pseg pay bill,12100,18,2.7,navigational
frontier bill pay,12100,6,0.1,navigational
pepco bill pay,12100,0,2.9,navigational
national fuel bill pay,12100,13,2.4,informational
oppd bill pay,12100,0,0,navigational
kaiser pay bill,12100,5,8.8,navigational
sce bill pay,12100,14,2.7,navigational
bank checks,12100,4,4.8,commercial
penelec bill pay,12100,15,2.4,navigational
florida toll payment,12100,26,2.6,informational
macy's payment,12100,18,0.1,informational
straight talk pay bill,12100,15,2.3,informational
pay state farm bill online,12100,22,7.8,transactional
king charles delivered prince harry an ultimatum regarding family reconciliation,9900,0,0.1,transactional
cost value reconciliation,9900,0,6.8,informational
what is a bank statement,9900,15,20.0,informational
reconcile synonym,9900,0,0,informational
synonym for reconcile,9900,1,0,informational
synonyms for reconcile,9900,1,0,informational
synonyms of reconcile,9900,1,0,informational
reconcile thesaurus,9900,1,0,informational
synonym of reconcile,9900,1,0,informational
reconcile synonyms,9900,0,0,informational
bookkeeping jobs near me,9900,0,1.6,informational
certificate of bookkeeping,9900,16,10.8,informational
certificate for bookkeeping,9900,16,10.8,informational
bookkeeping software wave,9900,27,8.6,commercial
bookkeeping job near me,9900,1,1.6,commercial
certification in bookkeeping,9900,16,10.8,informational
certificate: bookkeeping,9900,16,10.8,informational
bookkeeping certificate,9900,16,10.8,informational
bookkeeping service near me,9900,15,21.1,commercial
certification of bookkeeping,9900,16,10.8,informational
certification for bookkeeping,9900,7,10.8,informational
bookkeeping certification,9900,16,10.8,informational
bookkeeping cert,9900,16,10.8,informational
bookkeeping services near me,9900,5,21.1,commercial
labcorp pay bill,9900,3,0.9,informational
retained earnings formula,9900,0,0.9,informational
nyseg bill pay,9900,0,0.7,navigational
rumpke bill pay,9900,11,0.9,navigational
aps pay bill,9900,10,1.9,transactional
interest formula,9900,28,0,informational
aqua bill pay,9900,10,0.1,navigational
pay bill,9900,21,7.7,informational
cash vs accrual accounting,9900,7,3.9,informational
aes bill pay,9900,22,1.2,navigational
pay gas bill,9900,18,1.0,transactional
pay utility bill,9900,14,6.0,transactional
dillards bill pay,9900,2,0,navigational
ulta pay bill,9900,0,2.8,navigational
honda financial pay bill,9900,16,11.4,informational
old navy account payment,9900,1,0,navigational
duke energy pay bill online,9900,8,0,navigational
duke energy pay online,9900,23,0,navigational
verizon pay my bill online,9900,11,3.2,transactional
routing number cash app,9900,0,0,informational
duke energy bill payment online,9900,23,0,navigational
cash a check online,9900,29,21.9,transactional
reconciliation of medication,8100,2,0.3,informational
medical reconciliation,8100,2,0.3,informational
reconciliation bill,8100,23,3.4,informational
medications reconciliation,8100,2,0.3,informational
reconciliation billing,8100,0,3.4,commercial
reconciliation guide catholic,8100,11,0.5,informational
bill reconciliation process,8100,29,3.4,informational
reconciliation medication,8100,2,0.3,informational
reconciliation of bills,8100,21,3.4,informational
reconciliation of medications,8100,2,0.3,informational
bookkeeping what is,8100,24,9.1,informational
library bookkeeping,8100,0,2.0,informational
what is a bookkeeping,8100,24,9.1,informational
quicken bookkeeping software,8100,24,4.0,commercial
atmos energy bill pay,8100,26,8.2,informational
invoice definition,8100,17,16.8,informational
accrual accounting,8100,22,5.2,informational
hrsd bill pay,8100,2,1.0,informational
gross profit formula,8100,5,4.6,informational
working capital formula,8100,9,3.4,informational
free cash flow,8100,18,8.7,commercial
srp bill pay,8100,22,0.2,informational
nipsco bill pay,8100,17,0.6,navigational
statement balance vs current balance,8100,0,0.3,informational
ecua bill pay,8100,0,1.2,informational
ong bill pay,8100,6,0.4,navigational
pgw bill pay,8100,10,1.5,navigational
pnm bill payment,8100,6,0,transactional
avista bill pay,8100,13,2.9,navigational
pnm pay bill,8100,0,0,navigational
chase bill pay,8100,19,0.9,navigational
mud bill pay,8100,14,1.6,informational
centerpoint pay bill,8100,1,2.5,navigational
tds bill pay,8100,8,1,informational
ambit energy pay bill,8100,27,4.4,informational
cleco bill pay,8100,0,0.8,navigational
met ed bill pay,8100,25,2.3,informational
aaa bill pay,8100,17,4.5,navigational
net worth meaning,8100,18,0.9,informational
synchrony bill pay,8100,19,1.6,informational
raymour and flanigan payment,8100,6,8.2,informational
california toll payment,8100,12,2.1,informational
bill owner,8100,10,0.0,navigational
bank money order,8100,24,1.6,informational
bank drawings,8100,0,0,informational
capital meaning in economics,8100,15,0.2,informational
venmo business account,8100,21,28.2,navigational
free cash app money,8100,18,4.5,informational
illegible receipt,8100,0,0,informational
pay illinois toll online,8100,15,3.1,transactional
cash app scams,8100,6,0.6,informational
personal finance personality,8100,0,0,informational
pay gas bill online,8100,23,0.8,transactional
borrow money from cash app,8100,2,10.4,transactional
boost mobile pay bill online,8100,24,1.6,transactional
cash app scam texts settlement,8100,11,0,transactional
sacrament of reconciliation,6600,0,4.5,informational
sacrament reconciliation,6600,0,4.5,informational
what is the reconciliation,6600,29,5.8,informational
banking and reconciliation,6600,26,28.4,navigational
catholic sacrament reconciliation,6600,2,4.5,informational
reconciliation in banking,6600,27,28.4,commercial
reconciliation thesaurus,6600,0,0,informational
synonyms reconciliation,6600,0,0,informational
synonym reconciliation,6600,0,0,informational
what is a reconciliation,6600,29,5.8,informational
reconciliation antonyms,6600,0,0,informational
what are reconciliation,6600,27,5.8,informational
sacrament of penance and reconciliation,6600,10,4.5,informational
reconciliation for catholic,6600,0,4.5,informational
sacrament of the reconciliation,6600,0,4.5,informational
sacramental reconciliation,6600,0,4.5,informational
penance and reconciliation,6600,0,4.5,informational
synonyms for reconciliation,6600,0,0,informational
catholic sacrament of reconciliation,6600,1,4.5,informational
sacraments reconciliation,6600,0,4.5,informational
synonyms of reconciliation,6600,0,0,informational
bank of reconciliation,6600,13,28.4,commercial
bank reconciliation,6600,13,28.4,commercial
banking reconciliation,6600,15,28.4,commercial
catholic sacraments reconciliation,6600,0,4.5,informational
sacraments of reconciliation,6600,0,4.5,informational
synonym for reconciliation,6600,0,0,informational
what is reconciliation,6600,29,5.8,informational
synonym of reconciliation,6600,0,0,informational
example bank statement,6600,5,4.5,informational
bank account statement example,6600,7,4.5,informational
example of bank statement,6600,3,4.5,informational
bank statement samples,6600,0,4.5,informational
bank statement sample,6600,0,4.5,informational
example of bank account statement,6600,5,4.5,informational
sample of a bank statement,6600,0,4.5,informational
sample of bank statement,6600,3,4.5,informational
example of a bank statement,6600,7,4.5,informational
reconcile banking,6600,15,28.4,commercial
what does reconcile mean,6600,19,0,informational
café reconcile,6600,10,0.3,navigational
cafe reconcile,6600,10,0.3,navigational
course in bookkeeping,6600,5,14.9,informational
course on bookkeeping,6600,25,14.9,informational
bookkeeping course,6600,11,14.9,informational
bookkeeping courses,6600,25,14.9,informational
courses for bookkeeping,6600,25,14.9,informational
course of bookkeeping,6600,18,14.9,informational
course for bookkeeping,6600,25,14.9,informational
courses on bookkeeping,6600,25,14.9,informational
umd bill pay,6600,11,0.0,navigational
ladwp pay bill,6600,0,0.5,navigational
ebitda formula,6600,12,3.0,informational
culligan bill pay,6600,7,4.5,navigational
pud bill pay,6600,7,0.1,navigational
medicare prescription payment plan,6600,8,8.1,informational
gi bill benefits,6600,22,11.3,informational
lge bill pay,6600,13,1.1,navigational
smud pay bill,6600,26,0.5,informational
tep pay bill,6600,7,0,transactional
lg&e bill payment,6600,13,1.1,transactional
nfm bill pay,6600,0,0,navigational
pge payment,6600,12,0.2,transactional
enbridge pay bill,6600,0,0.7,navigational
profit and loss statement example,6600,24,4.5,informational
conns bill pay,6600,3,0,navigational
c spire bill pay,6600,0,0.5,navigational
total wireless pay bill,6600,6,0.7,informational
hsa bank fees,6600,0,1.6,informational
economical synonym,6600,0,0,informational
pay sdge bill,6600,23,1.0,transactional
conn's appliances payment,6600,3,0,navigational
equities synonym,6600,0,0,informational
pay my conns bill,6600,0,0,informational
cash on delivery meaning,6600,10,0,informational
chase online bill pay,6600,4,5.8,navigational
next generation personal finance,6600,23,8.1,informational
verizon bill pay online,6600,20,3.9,navigational
sutton bank cash app,6600,23,12.6,navigational
cash app lawsuit,6600,13,2.0,informational
cash app free atm,6600,22,3.6,informational
pay peco bill online,6600,2,0.1,transactional
delete cash app account,6600,0,0,informational
pay optimum bill online,6600,17,6.4,transactional
cash app referral program,6600,0,0,commercial
brigit cash advance app,6600,25,5.0,transactional
cash app text message settlement,6600,12,0,transactional
define reconciliation,5400,16,0.0,informational
what does reconciliation mean,5400,15,0.0,informational
what does reconciliation means,5400,13,0.0,informational
online course for bookkeeping,5400,12,19.5,informational
bookkeeping online classes,5400,18,19.5,informational
small business bookkeeping software free,5400,28,29.3,commercial
bookkeeping online class,5400,5,19.5,informational
online bookkeeping courses,5400,6,19.5,commercial
bookkeeping wage,5400,14,9.2,informational
intuit academy bookkeeping professional certificate,5400,15,9.5,navigational
bookkeeping pay rates,5400,20,9.2,informational
bookkeeping wages,5400,20,9.2,informational
online bookkeeping course,5400,12,19.5,commercial
bookkeeping pay rate,5400,24,9.2,informational
bookkeeping training online,5400,9,19.5,commercial
online courses for bookkeeping,5400,12,19.5,informational
bookkeeping pay,5400,10,9.2,informational
bookkeeping salary,5400,14,9.2,informational
bookkeeping value,5400,0,1.8,informational
online classes for bookkeeping,5400,7,19.5,informational
online courses in bookkeeping,5400,12,19.5,informational
salary for bookkeeping,5400,14,9.2,informational
socalgas pay bill,5400,10,0.8,navigational
msd bill pay,5400,18,1.9,informational
multi step income statement,5400,0,0,informational
washington gas pay bill,5400,22,3.0,informational
smeco bill pay,5400,0,0.5,navigational
cash flow statement example,5400,12,13.3,informational
casella bill pay,5400,5,2.3,informational
jcpl bill pay,5400,25,0.3,navigational
financial synonym,5400,0,0.0,informational
les bill pay,5400,1,0.0,navigational
rooms to go payment,5400,12,3.8,transactional
ambetter pay bill,5400,25,0,navigational
tax free bonds,5400,19,7.7,commercial
bcbs bill pay,5400,16,3.5,navigational
kia finance payment,5400,12,6.6,transactional
maurices bill pay,5400,15,3.5,navigational
nw natural bill pay,5400,11,0.1,informational
disposable income meaning,5400,17,0.0,informational
nissan pay bill,5400,15,5.2,navigational
ambetterhealth pay bill,5400,25,0,transactional
synonym funds,5400,0,0,informational
survey questions income,5400,0,0,informational
chase ink business unlimited,5400,21,25.9,commercial
pay electricity bill online,5400,26,3.7,transactional
cash app codes,5400,0,7.9,informational
free atm for cash app,5400,10,1.1,informational
ezpawn pay online,5400,11,0,transactional
comed pay bill online,5400,0,1.5,navigational
pay cricket bill online,5400,4,2.6,transactional
zelle money transfer app,5400,30,4.6,transactional
toll-by-plate florida pay online,5400,23,2.0,transactional
pay utility bill online,5400,20,3.9,transactional
prince harry king charles reconciliation,4400,8,0.1,informational
bank statement from chase,4400,15,3.6,navigational
chase bank bank statement,4400,15,3.6,navigational
chase bank statement,4400,15,3.6,navigational
bank statement for chase,4400,15,3.6,informational
reconcile canine,4400,0,3.1,informational
reconcile dogs,4400,0,3.1,informational
reconcile dog,4400,0,3.1,informational
reconcile for dogs,4400,0,3.1,informational
bookkeeping on quickbooks,4400,20,21.5,informational
bookkeeping entries,4400,0,5.3,informational
accounting double entry bookkeeping,4400,12,5.3,informational
double entry system of bookkeeping,4400,14,5.3,informational
double ledger bookkeeping,4400,22,5.3,informational
double-entry system of bookkeeping,4400,12,5.3,informational
debit and credit in bookkeeping,4400,22,7.0,informational
bookkeeping debits and credits,4400,25,7.0,informational
debits and credits in bookkeeping,4400,26,7.0,informational
debit and credit bookkeeping,4400,19,7.0,informational
double bookkeeping,4400,16,5.3,commercial
bookkeeping for quickbooks,4400,15,21.5,commercial
bookkeeping double-entry,4400,14,5.3,navigational
account double entry bookkeeping,4400,14,5.3,informational
double entry bookkeeping,4400,14,5.3,informational
what does bookkeeping do,4400,6,8.8,informational
what bookkeeping do,4400,16,8.8,informational
double entry bookkeeping book,4400,0,5.3,transactional
bookkeeping debit credit,4400,27,7.0,informational
bookkeeping double entry system,4400,14,5.3,navigational
what bookkeeping does,4400,30,8.8,informational
annuity formula,4400,13,10.7,informational
simple invoice,4400,11,12.9,informational
accounting cycle,4400,0,0.1,informational
sparklight bill pay,4400,17,0,informational
remit payment meaning,4400,4,0,informational
cps energy bill pay,4400,22,3.2,informational
rge bill pay,4400,0,0.4,navigational
njng pay bill,4400,14,2.2,navigational
accounting major,4400,5,6.9,informational
billing address meaning,4400,0,0,informational
peoples gas pay bill,4400,19,0,informational
accounting reddit,4400,2,6.2,informational
swepco bill pay,4400,0,0,navigational
service of process,4400,30,20.6,informational
cmp bill pay,4400,0,0,navigational
ouc bill pay,4400,30,0,navigational
allo bill pay,4400,0,0,navigational
lus bill pay,4400,0,0,navigational
national general payment,4400,16,11.4,informational
pacific power bill pay,4400,21,1.4,informational
bill of fare,4400,1,1.5,informational
mr cooper payment,4400,7,6.4,navigational
debit and credit in accounting,4400,10,7.0,informational
profitability synonym,4400,0,0,informational
academy payment,4400,12,3.3,informational
vectren pay bill,4400,8,6.9,transactional
lane bryant payment,4400,8,1.9,navigational
bill receiver,4400,14,0,navigational
bank cashier check,4400,14,0,informational
gross annual income meaning,4400,8,0,informational
american eagle bill pay,4400,0,2.1,navigational
cash app careers,4400,21,3.8,navigational
vti expense ratio,4400,12,12.1,informational
pge pay bill online,4400,11,0.3,navigational
cash app limits,4400,17,1.1,informational
cash jobs,4400,0,2.2,informational
pay tmobile bill online,4400,15,2.2,transactional
pay ticket online nj,4400,4,1.0,navigational
cash app borrow money,4400,0,9.3,commercial
command economy examples,4400,7,0,informational
concora credit app,4400,3,2.8,navigational
cash app direct deposit,4400,4,11.3,transactional
money network app,4400,20,3.1,commercial
zelle cash app,4400,22,5.4,commercial
pay texas toll online,4400,13,0.6,transactional
lds tithing online,4400,3,3.5,informational
credit genie app,4400,6,3.1,navigational
pay fines online pa,4400,0,0,transactional
pay ticket online texas,4400,16,3.0,transactional
prince harry royal family reconciliation,3600,26,0.1,informational
how to get bank statement from bank,3600,2,5.6,informational
bank statement in spanish,3600,0,14.4,informational
how to receive bank statement,3600,2,5.6,informational
american bank statement,3600,26,5.3,informational
how do i get a bank statement,3600,2,5.6,informational
bank statement en español,3600,0,14.4,informational
how to get a bank statement,3600,2,5.6,informational
how get bank statement,3600,2,5.6,informational
how do you get a bank statement,3600,14,5.6,informational
how to generate a bank statement,3600,15,5.6,informational
bank statement of bank of america,3600,28,5.3,informational
bank statement from bank of america,3600,29,5.3,informational
bank statement generator,3600,3,5.1,informational
how can i get a bank statement,3600,21,5.6,informational
bank statement en espanol,3600,0,14.4,navigational
bank of america statement,3600,27,5.3,informational
how can i get bank statement,3600,10,5.6,informational
generate bank statement,3600,3,5.1,transactional
bookkeeping businesses,3600,21,24.5,commercial
bookkeeping entry level job,3600,0,3.2,informational
double bookkeeping accounting,3600,25,8.9,commercial
intuit bookkeeping certificate,3600,11,9.3,informational
entry level bookkeeping work,3600,0,3.2,informational
bookkeeping entry level jobs,3600,0,3.2,informational
bookkeeping for businesses,3600,21,24.5,commercial
the library bookkeeping,3600,3,0.3,informational
intuit bookkeeping certification,3600,11,9.3,informational
double entry bookkeeping in accounting,3600,14,8.9,informational
bookkeeping as a business,3600,21,24.5,commercial
debit vs credit bookkeeping,3600,1,4.6,informational
bookkeeping journal entries,3600,0,9.1,informational
bookkeeping for business,3600,29,24.5,commercial
bookkeeping business,3600,21,24.5,commercial
journal entry bookkeeping,3600,0,9.1,informational
quest pay bill,3600,16,1.0,transactional
liberty utilities bill pay,3600,0,1.1,navigational
double entry accounting,3600,17,8.9,informational
jea bill pay,3600,0,0.0,navigational
veolia pay bill,3600,0,0,navigational
profit formula,3600,2,13.8,informational
finance vs accounting,3600,9,13,informational
atmos energy one-time payment,3600,22,1.4,informational
operating cash flow formula,3600,11,6.2,informational
principal payment,3600,8,0.0,informational
accounting courses,3600,28,29.9,informational
public accounting,3600,14,10.6,informational
accrual basis accounting,3600,22,5.3,informational
accounting journal entries,3600,0,9.1,informational
virginia toll payment,3600,11,3.6,informational
academy bill payment,3600,4,3.0,transactional
bill it,3600,16,0,transactional
aep ohio bill pay,3600,20,10.1,navigational
city of phoenix pay bill,3600,14,0.0,navigational
financial statement example,3600,6,6.1,informational
pso bill pay,3600,4,0,navigational
water bill chicago payment,3600,2,0,navigational
lowe's payment,3600,26,1.8,informational
utility payment,3600,11,7.2,informational
hyundai finance payment,3600,1,5.5,commercial
loft bill pay,3600,13,0,informational
gm financial payment,3600,30,2.0,commercial
spire gas bill pay,3600,10,0.1,navigational
nm gas company bill pay,3600,3,0.4,navigational
talbots bill pay,3600,7,0.7,navigational
direct energy pay bill,3600,28,4.6,informational
att make a payment,3600,2,5.4,transactional
vivint pay bill,3600,0,35.2,navigational
psegli bill pay,3600,11,2.3,navigational
academy pay bill,3600,1,3.0,informational
westlake financial payment,3600,11,4.9,navigational
sams pay bill,3600,15,3.8,navigational
sam's payment,3600,20,9.0,informational
bayareafastrak.org pay online,3600,15,0.5,navigational
cvs receipt,3600,10,0.3,informational
proconnect tax online,3600,0,5.6,navigational
common app fee waiver,3600,21,35.7,informational
comcast business pay bill,3600,30,0,navigational
cash app stocks,3600,10,6.5,commercial
cash app scanner,3600,0,1.4,transactional
cash online,3600,11,15.6,informational
high yield business savings account,3600,24,32.3,commercial
money counter online,3600,2,3.9,informational
cash app fees,3600,29,11.4,informational
pay pepco bill online,3600,0,3.2,transactional
cash app pool,3600,0,3.5,commercial
every dollar budgeting app,3600,26,2.4,informational
green status cash app,3600,0,0,commercial
split bill app,3600,25,3.8,commercial
cricket pay online,3600,16,3.1,transactional
centerpoint energy pay bill online,3600,7,1.1,navigational
edgenuity personal finance answers,3600,0,0,informational
following are nintendo's revenue and expense accounts,3600,0,0,commercial
metropcs bill pay online,3600,16,3.0,navigational
add money to cash app,3600,27,6.3,transactional
con edison pay bill online,3600,11,0.1,navigational
eversource bill pay online,3600,11,2.6,navigational
cox online bill pay,3600,18,2.5,navigational
cash a check online instantly,3600,6,22.1,transactional
account reconciliation,2900,7,23.3,commercial
reconciliation of accounts,2900,7,23.3,commercial
accounts reconciliation,2900,7,23.3,commercial
biblical meaning of reconciliation,2900,21,4.8,informational
reconciliation definition in the bible,2900,2,4.8,informational
reconciliation of account,2900,7,23.3,commercial
tacoma chinese reconciliation park,2900,0,0.3,navigational
reconciliation meaning in the bible,2900,1,4.8,informational
define reconciliation bible,2900,3,4.8,informational
accounting reconciliation,2900,7,23.3,informational
reconciliation park tacoma,2900,0,0.3,informational
how do you undo a reconciliation in quickbooks online,2900,0,0,informational
how to undo reconciliation in online quickbooks,2900,0,0,informational
tacoma chinese reconciliation,2900,0,0.3,navigational
account reconciliation accounting,2900,16,23.3,informational
prince harry suggests sabotage attempts in reconciliation with king charles,2900,15,0,transactional
how to undo a bank reconciliation in quickbooks online,2900,0,0,informational
chinese reconciliation park,2900,0,0.3,informational
how do i undo a bank reconciliation in quickbooks online,2900,0,0,informational
reconciliation definition biblical,2900,2,4.8,informational
bible definition of reconciliation,2900,0,4.8,informational
how to undo a reconciliation in quickbooks online,2900,0,0,informational
how do i undo a reconciliation in quickbooks online,2900,0,0,informational
reconciliation bible meaning,2900,1,4.8,informational
definition of reconciliation in the bible,2900,3,4.8,informational
reconciliation biblical meaning,2900,5,4.8,informational
how do i undo reconciliation in quickbooks online,2900,0,0,informational
how to undo bank reconciliation in quickbooks online,2900,0,0,informational
reconciliation definition bible,2900,5,4.8,informational
reconciliation for accounting,2900,7,23.3,informational
biblical definition of reconciliation,2900,0,4.8,informational
loan bank statement,2900,13,46.5,informational
bank statement loans,2900,5,46.5,commercial
bank statement for loan,2900,13,46.5,informational
bank statement lenders,2900,9,46.5,commercial
loans on bank statement,2900,14,46.5,informational
loan on bank statement,2900,13,46.5,informational
define reconcile in the bible,2900,0,4.8,informational
reconcile an account,2900,13,23.3,informational
how to undo a reconcile in quickbooks online,2900,0,0,informational
reconcile bible definition,2900,2,4.8,informational
reconcile biblical definition,2900,0,4.8,informational
reconcile the account,2900,21,23.3,navigational
reconcile the accounts,2900,12,23.3,informational
how much does bookkeeping make,2900,8,4.6,informational
bookkeeping services for small businesses,2900,21,59.2,commercial
bookkeeping software for nonprofits,2900,17,68.8,commercial
bookkeeping services small business,2900,21,59.2,commercial
indeed bookkeeping jobs,2900,4,5.1,navigational
bookkeeping for a small business,2900,23,68.8,commercial
bookkeeping for small business,2900,17,68.8,commercial
not for profit bookkeeping software,2900,23,68.8,commercial
bookkeeping services for small business,2900,21,59.2,commercial
bookkeeping vs accounting,2900,9,13.7,informational
small bookkeeping business,2900,17,68.8,commercial
bookkeeping vs accountant,2900,9,13.7,informational
bookkeeping service for small business,2900,21,59.2,commercial
intuit academy bookkeeping certification,2900,14,11.2,navigational
bookkeeping software for non profit,2900,17,68.8,commercial
bookkeeping in small business,2900,17,68.8,informational
bookkeeping for small companies,2900,22,68.8,commercial
bookkeeping software for nonprofit organizations,2900,23,68.8,commercial
invoice payment,2900,16,37.2,informational
ebit formula,2900,14,3.8,informational
gas south bill pay,2900,2,2.4,informational
revenue formula,2900,19,2.6,informational
central hudson bill pay,2900,8,0,navigational
asap invoice,2900,21,47,transactional
scwa pay bill,2900,11,0.7,informational
dividend yield formula,2900,18,0.8,informational
mdu bill pay,2900,4,2.7,navigational
ntta pay bill,2900,23,0.2,navigational
itemized bill,2900,0,8.2,informational
cash basis accounting,2900,6,5.8,informational
stockholders equity formula,2900,6,0,informational
dividends meaning,2900,18,0.1,informational
city of modesto bill pay,2900,0,0,navigational
xpress bill,2900,3,0,navigational
ledger in accounting,2900,7,3.1,informational
general ledger accounting,2900,9,19.8,informational
apria bill pay,2900,9,1.8,navigational
foot the bill,2900,0,0,informational
statement of owner's equity,2900,6,0,transactional
pay toll bill,2900,6,0.5,transactional
consolidated communications bill pay,2900,3,6.0,informational
accounts receivable meaning,2900,26,20.1,informational
illuminating company bill pay,2900,21,2.0,navigational
bluepeak bill pay,2900,0,0.7,navigational
firstenergy bill pay,2900,15,1.5,navigational
saws pay bill,2900,10,0.1,transactional
economic impact payment,2900,21,4.8,informational
types of bank accounts,2900,8,18.6,informational
arrears payment,2900,17,7.7,informational
gross margin meaning,2900,12,0.1,informational
utility bill examples,2900,19,4.7,informational
liquid assets meaning,2900,24,1.9,informational
footing the bill,2900,0,0,informational
constellation bill pay,2900,0,2.4,navigational
accounting abbreviation,2900,0,0,informational
negative bank account,2900,2,21.8,informational
nationwide pay bill,2900,30,2.2,informational
westlake financial make a payment,2900,11,2.3,transactional
foreign transaction fee,2900,16,6.9,informational
chase foreign transaction fee,2900,11,16.0,informational
geico online quote,2900,21,31.2,navigational
moneygram online,2900,24,1.1,navigational
cash app vs venmo,2900,0,2.9,informational
home depot pay bill online,2900,19,0.3,navigational
expense synonyms,2900,0,0,informational
budget examples,2900,22,1.2,informational
abbreviate accounting,2900,0,0,informational
pay florida tolls online,2900,24,3,transactional
instant payday loans online guaranteed approval,2900,15,5.5,transactional
aep online bill pay,2900,8,0,navigational
pay citation online pa,2900,0,2.0,informational
city of houston water pay bill online,2900,19,0.5,navigational
cash app address,2900,18,0,navigational
cash app withdrawal limit,2900,9,0,informational
free cash advance apps,2900,13,8.5,commercial
accounting reconciliation definition,2400,7,2.7,informational
account reconciliation definition,2400,13,2.7,informational
meaning of reconciliation in accounting,2400,16,2.7,informational
reconciliation accounting meaning,2400,9,2.7,informational
first sacrament of reconciliation,2400,0,0,informational
reconciliation in accounting means,2400,21,2.7,informational
1st reconciliation,2400,0,0,informational
reconciliation of accounts meaning,2400,16,2.7,informational
reconciliation meaning in accounting,2400,9,2.7,informational
meaning of account reconciliation,2400,9,2.7,informational
reconciliation accounts meaning,2400,16,2.7,informational
reconciliation definition in accounting,2400,16,2.7,informational
define reconciliation accounting,2400,6,2.7,informational
reconciliation account meaning,2400,5,2.7,informational
accounts reconciliation definition,2400,9,2.7,informational
prince william harry reconciliation,2400,1,0.1,informational
first reconciliation,2400,0,0,informational
reconciliation of accounts definition,2400,14,2.7,informational
pnc bank statement,2400,20,15.1,navigational
what is bank statement,2400,14,0,informational
wells fargo bank statement,2400,21,3.5,navigational
what is the bank statement,2400,14,0,informational
reconcile definition accounting,2400,15,2.7,informational
meaning of reconcile in accounting,2400,13,2.7,informational
accounting term reconcile,2400,14,2.7,informational
reconcile account definition,2400,15,2.7,informational
reconcile accounts definition,2400,15,2.7,informational
reconcile definition in accounting,2400,15,2.7,informational
definition of reconcile in accounting,2400,15,2.7,informational
wave bookkeeping,2400,30,5.4,informational
waves bookkeeping,2400,26,5.4,informational
bookkeeping with quickbooks online,2400,8,21.0,transactional
lic premium payment,2400,12,0,informational
accounting formula,2400,21,10.8,informational
ameren missouri bill pay,2400,0,5.4,navigational
windstream bill pay,2400,14,3.2,informational
invoice vs receipt,2400,0,7.4,informational
eft payment meaning,2400,13,0.1,informational
invoice receipt,2400,8,9.3,informational
fund accounting,2400,3,22.4,informational
ri energy pay bill,2400,2,0.3,informational
cox bill,2400,21,1.4,informational
ups pay bill,2400,0,2.3,navigational
comporium bill pay,2400,0,0,navigational
kaiser premium payment,2400,0,6.3,commercial
net operating income formula,2400,8,3.9,informational
expense ratio meaning,2400,23,0.9,informational
recology bill pay,2400,8,0.3,informational
toll bill,2400,17,0.5,informational
iid pay bill,2400,0,0,informational
lowes make a payment,2400,16,0.9,transactional
bank balance,2400,15,9.5,informational
ocwa bill pay,2400,0,0,informational
epcor bill pay,2400,0,0.7,navigational
medicare premium payment,2400,16,5.6,informational
city of stockton bill pay,2400,0,3.8,navigational
astound bill pay,2400,11,0.1,informational
les schwab payment,2400,0,0.0,informational
flat bill,2400,0,0.8,informational
income elasticity formula,2400,3,0,informational
travelers bill pay,2400,29,0,informational
metro water bill pay,2400,1,0,navigational
indiana toll payment,2400,12,2.9,informational
capital one online servicing,2400,20,2.2,navigational
southwest receipts,2400,16,0.8,navigational
read receipt outlook,2400,0,2.0,informational
monarch money app,2400,19,4.7,navigational
spy expense ratio,2400,16,8.4,informational
capital one foreign transaction fee,2400,19,16.0,informational
chase freedom foreign transaction fee,2400,18,11.2,commercial
business savings account,2400,30,39.0,commercial
medical expense deduction,2400,21,2.3,informational
venmo transaction limit,2400,15,8.9,informational
kiplinger's personal finance,2400,8,6.8,commercial
quicken personal finance,2400,16,4.2,informational
personal finance course,2400,23,9.3,informational
smart savers,2400,0,34.1,commercial
home depot pay online,2400,11,0.3,navigational
bread financial app,2400,25,3.1,informational
verizon business pay bill,2400,10,0.9,navigational
cash app instant transfer fee,2400,5,3.6,informational
receipt hertz,2400,0,5.1,navigational
online prepaid card,2400,29,8.6,transactional
hyundai motor finance payment online,2400,5,22.6,commercial
cash app green,2400,0,17.9,commercial
alabama power bill pay online,2400,25,1.8,transactional
paypig app,2400,0,0,navigational
unit of accounting,2400,0,14.8,informational
scripture on reconciliation,1900,0,1.2,informational
catholic reconciliation,1900,3,9.9,informational
examples of bank reconciliation,1900,8,7.0,informational
reconciliation scripture,1900,0,1.2,informational
bible reconciliation,1900,0,4.6,informational
bible quotes about reconciliation,1900,0,1.2,informational
bible verse about reconciliation,1900,0,1.2,informational
what is a reconciliation in catholic church,1900,0,0,informational
sacrament of reconciliation catholic church,1900,9,9.9,informational
scriptures for reconciliation,1900,0,1.2,informational
reconciliation bible verses,1900,0,1.2,informational
bible verses on reconciliation,1900,0,1.2,informational
reconciliation in the catholic church,1900,5,9.9,informational
reconciliation quotes from the bible,1900,0,1.2,informational
reconciliation for the catholic church,1900,0,3.0,informational
reconciliation ministry,1900,27,7.4,informational
what is reconciliation in the catholic church,1900,0,0,informational
what is catholic reconciliation,1900,4,0,informational
reconciliation services,1900,10,0,commercial
reconciliation verse,1900,1,1.2,informational
reconciliation in the bible,1900,0,4.6,informational
minister of reconciliation,1900,5,7.4,informational
med reconciliation meaning,1900,1,0,informational
bible verse on reconciliation,1900,0,1.2,informational
example of a bank reconciliation,1900,20,7.0,informational
reconciliation bank example,1900,8,7.0,navigational
reconciliation services kc,1900,5,0,commercial
what is reconciliation in catholic church,1900,0,0,informational
reconciliation scriptures,1900,0,1.2,informational
medication reconciliation meaning,1900,2,0,informational
reconciliation in catholicism,1900,4,9.9,informational
reconciliation services kcmo,1900,0,0,navigational
quotes from the bible about reconciliation,1900,0,1.2,informational
australia reconciliation action plan,1900,13,0,informational
reconciliation services kansas city,1900,3,0,navigational
bible verses for reconciliation,1900,0,1.2,informational
bible scriptures on reconciliation,1900,0,1.2,informational
reconciliation service,1900,0,0,commercial
catholic church reconciliation,1900,0,9.9,informational
scriptures about reconciliation,1900,0,1.2,informational
bible passage about reconciliation,1900,0,4.6,informational
bible on reconciliation,1900,0,1.2,informational
reconciliation verses,1900,0,1.2,informational
bible verses about reconciliation,1900,0,1.2,informational
reconciliation bible quotes,1900,0,1.2,informational
reconciliation in bible,1900,0,4.6,informational
ministers of reconciliation,1900,8,7.4,informational
reconciliation in scripture,1900,0,1.2,informational
scriptures on reconciliation,1900,0,1.2,informational
scripture for reconciliation,1900,0,1.2,informational
bible verse reconciliation,1900,0,1.2,informational
reconciliation in catholic church,1900,2,9.9,informational
verses about reconciliation,1900,0,4.6,informational
ministry of reconciliation,1900,0,7.4,navigational
biblical reconciliation verses,1900,0,4.6,informational
biblical reconciliation,1900,14,4.6,informational
reconciliation verses in bible,1900,0,1.2,informational
example of bank reconciliation,1900,8,7.0,informational
bank reconciliation examples,1900,7,7.0,informational
bible quotes on reconciliation,1900,0,1.2,informational
roman catholic reconciliation,1900,9,9.9,informational
what is sacrament of reconciliation catholic,1900,0,0,informational
verses on reconciliation,1900,0,1.2,informational
medical reconciliation meaning,1900,5,0,informational
how to get bank statement,1900,17,8.1,informational
how to generate bank statement,1900,9,8.1,informational
reconcile in the bible,1900,2,4.6,informational
reconcile bible verse,1900,8,1.2,informational
working from home bookkeeping jobs,1900,6,3.8,informational
bookkeeping online jobs,1900,17,5.0,commercial
bookkeeping job at home,1900,13,3.8,informational
work from home bookkeeping jobs,1900,9,3.8,informational
online job bookkeeping,1900,7,5.0,commercial
online bookkeeping certifications,1900,14,13.8,commercial
part time job bookkeeping,1900,13,3.5,informational
certified bookkeeping,1900,21,10.4,informational
home bookkeeping jobs,1900,7,3.8,informational
bookkeeping jobs at home,1900,10,3.8,informational
online bookkeeping work,1900,8,5.0,commercial
coursera bookkeeping courses,1900,16,3.8,navigational
certificate bookkeeping online,1900,16,13.8,informational
bookkeeping jobs part-time,1900,13,3.5,informational
bookkeeping in accounting,1900,27,32.7,informational
free bookkeeping classes,1900,25,6.6,informational
bookkeeping duties and responsibilities,1900,28,7.7,informational
part time bookkeeping work,1900,17,3.5,informational
bookkeeping job duties,1900,23,7.7,informational
accounting bookkeeping,1900,19,32.7,informational
bookkeeping duties,1900,25,7.7,informational
free bookkeeping courses,1900,20,6.6,informational
free bookkeeping course,1900,26,6.6,informational
accounting and bookkeeping,1900,26,32.7,informational
certificate of bookkeeping online,1900,6,13.8,informational
bookkeeping certification online,1900,14,13.8,informational
bookkeeping duties description,1900,29,7.7,informational
bookkeeping position description,1900,10,7.7,informational
bookkeeping or accounting,1900,10,32.7,informational
bookkeeping part time jobs,1900,13,3.5,informational
bookkeeping lessons free,1900,24,6.6,informational
coursera bookkeeping course,1900,8,3.8,commercial
accounts and bookkeeping,1900,26,32.7,informational
accountess bookkeeping,1900,9,32.7,informational
bookkeeping courses for free,1900,26,6.6,informational
bookkeeping training free,1900,9,6.6,informational
certificate in bookkeeping online,1900,4,13.8,informational
bookkeeping work from home,1900,8,3.8,informational
bookkeeping license,1900,21,10.4,informational
work from home bookkeeping job,1900,6,3.8,informational
free courses in bookkeeping,1900,26,6.6,commercial
bookkeeping from home jobs,1900,8,3.8,informational
bookkeeping job requirements,1900,25,7.7,informational
bookkeeping accounting and accountancy,1900,1,32.7,informational
online jobs for bookkeeping,1900,7,5.0,commercial
bookkeeping opportunities home,1900,10,3.8,informational
accounting & bookkeeping,1900,16,32.7,informational
accountancy and bookkeeping,1900,26,32.7,informational
bookkeeping course for free,1900,16,6.6,informational
bookkeeping job from home,1900,11,3.8,informational
bookkeeping jobs requirements,1900,9,7.7,informational
bookkeeping working from home,1900,6,3.8,informational
acc bookkeeping,1900,26,32.7,commercial
certified bookkeeping certificate,1900,21,10.4,informational
bookkeeping job role,1900,26,7.7,informational
bookkeeping jobs duties,1900,25,7.7,informational
bookkeeping certifications,1900,16,9.3,informational
bookkeeping home job,1900,8,3.8,informational
bookkeeping jobs description,1900,12,7.7,informational
ibp formula,1900,6,0,informational
income statement formula,1900,0,16.2,informational
accounting synonym,1900,0,0,informational
upi payment,1900,17,9.4,informational
lcec bill pay,1900,9,0.7,navigational
invoice number,1900,0,15.0,informational
net 30 payment terms,1900,15,16.0,transactional
at and t pay bill,1900,4,2.6,navigational
wssc bill pay,1900,20,1.4,informational
billing statement,1900,1,18.6,informational
payment remittance,1900,3,21.6,informational
producer surplus formula,1900,0,0,informational
socalgas payment,1900,14,2.2,navigational
gcww pay bill,1900,0,0,navigational
bpu bill pay,1900,2,0,navigational
asset turnover formula,1900,7,0,informational
neorsd pay bill,1900,12,2.4,navigational
accounting ledger,1900,0,2.1,commercial
operating leverage formula,1900,9,0.5,informational
net profit formula,1900,7,9.6,informational
lump sum payment,1900,24,38.4,informational
tiered cash payment,1900,0,0,commercial
scg bill pay,1900,0,0,navigational
bdo accounting,1900,28,8.8,commercial
scana energy bill pay,1900,16,2.9,navigational
city of raleigh bill pay,1900,0,0,informational
order bank checks,1900,7,5.5,transactional
medical bill payment plan,1900,5,12.1,informational
farm bureau bill pay,1900,18,0.6,informational
budget synonym,1900,0,0,informational
accounting terms,1900,5,5.0,informational
sd1 bill pay,1900,0,1.1,navigational
epb bill payment,1900,0,0,transactional
nc quick pass pay bill,1900,10,0.1,navigational
epb bill pay,1900,0,0,navigational
cng bill pay,1900,0,0.0,navigational
3 month t bill rate,1900,26,7.6,informational
principal only payment,1900,1,0.0,informational
bankroll meaning,1900,21,0,informational
charging bank,1900,17,1.3,navigational
humana bill pay,1900,21,3.5,informational
section 179 expense,1900,26,0.9,informational
transaction express,1900,3,31.2,commercial
venmo business fees,1900,13,11.3,informational
dollar app,1900,12,4.0,navigational
lds pay tithing online,1900,3,3.0,informational
positive externality examples,1900,2,0,informational
ppl bill pay online,1900,8,0.2,informational
free money on cash app,1900,6,4.4,informational
psegliny pay bill online,1900,24,2.7,transactional
audit accounting,1900,13,11,informational
examples of capital,1900,8,0,informational
nonprofit accounting,1900,17,32.6,informational
labcorp pay bill online,1900,3,0.9,navigational
jcpenney pay my bill online,1900,13,1.0,navigational
cash app reviews,1900,13,1.4,commercial
small business collection agency,1900,0,44.7,commercial
apps like cash app,1900,0,14.5,informational
cashwalk app,1900,20,3.0,navigational
examples of positive externalities,1900,0,0,informational
accounting thesaurus,1900,0,0,informational
bank reconciliation statements,1600,16,11.3,informational
bank statement reconciliation,1600,6,11.3,informational
what is a medication reconciliation,1600,5,1.6,informational
banking reconciliation statement,1600,20,11.3,informational
reconciliation of a bank statement,1600,10,11.3,commercial
what is reconciliation of accounts,1600,14,16.5,informational
what is an account reconciliation,1600,2,16.5,informational
consolidated omnibus budget reconciliation,1600,7,7.3,informational
omnibus budget reconciliation,1600,16,0.2,informational
bank reconciliation bank statement,1600,21,11.3,informational
truth and reconciliation day,1600,29,0,informational
prince harry royal reconciliation,1600,14,0,informational
what is reconciliation accounting,1600,12,16.5,informational
what is med reconciliation,1600,5,1.6,informational
what is medication reconciliation,1600,5,1.6,informational
what are reconciliation in accounting,1600,14,16.5,informational
what is a reconciliation in accounting,1600,14,16.5,informational
consolidated omnibus budget reconciliation act,1600,8,7.3,informational
omnibus budget and reconciliation act,1600,10,0.2,informational
what is a reconciliation account,1600,14,16.5,informational
spell for reconciliation,1600,0,4.6,informational
prince harry king charles reconciliation breakdown,1600,9,0,informational
what are reconciliation accounts,1600,14,16.5,informational
reconciliation spell,1600,0,4.6,informational
what is account reconciliation,1600,14,16.5,informational
bank reconciliation from bank statement,1600,6,11.3,informational
reconciliation of bank statement,1600,7,11.3,informational
what is an accounting reconciliation,1600,14,16.5,informational
spells for reconciliation,1600,0,4.6,informational
reconciliation spells,1600,0,4.6,informational
omnibus budget reconciliation act,1600,23,0.2,informational
what is medical reconciliation,1600,5,1.6,informational
what is reconciliation in accounting,1600,14,16.5,informational
consolidated omnibus budget reconciliation act of 1985,1600,17,7.3,informational
fake bank account statement,1600,1,4.1,informational
false bank statement,1600,2,4.1,informational
chime bank statement,1600,20,0,navigational
reconcile bank statement,1600,26,11.3,informational
reconciled bank statement,1600,26,11.3,informational
fake a bank statement,1600,0,4.1,informational
bank statement fake,1600,1,4.1,informational
bank statement converter,1600,6,18.7,informational
reconciling bank statement,1600,21,11.3,informational
reconcile a bank statement,1600,0,11.3,transactional
bank statement convert,1600,0,18.7,informational
what does a bank statement look like,1600,10,5.9,informational
bank rec statement,1600,15,11.3,informational
faking a bank statement,1600,2,4.1,informational
reconcile the bank statement,1600,26,11.3,navigational
reconciling a bank statement,1600,5,11.3,informational
bank recon statement,1600,15,11.3,informational
reconciling the bank statement,1600,8,11.3,informational
what is reconcile accounts,1600,11,16.5,informational
how to reconcile in quickbooks online,1600,2,31.5,informational
how to reconcile on quickbooks online,1600,2,31.5,informational
another word for reconcile,1600,1,0,informational
reconcile bank statements,1600,0,11.3,informational
how do you reconcile in quickbooks online,1600,6,31.5,informational
how do i reconcile quickbooks online,1600,2,31.5,informational
how do i reconcile in quickbooks online,1600,4,31.5,informational
how to reconcile quickbooks online,1600,2,31.5,informational
best app expense tracker,1600,30,10.3,commercial
best app for expense tracker,1600,30,10.3,commercial
bookkeeping remotely,1600,4,19.9,commercial
outsourced bookkeeping service,1600,14,64.1,commercial
bookkeeping outsourced,1600,14,136.1,commercial
booming bookkeeping business,1600,0,22.4,commercial
bookkeeping outsource,1600,1,136.1,commercial
bookkeeping outsourcing,1600,1,136.1,commercial
outsourcing of bookkeeping,1600,1,136.1,commercial
outsource bookkeeping services,1600,12,64.1,commercial
remote bookkeeping,1600,17,19.9,commercial
small business bookkeeping near me,1600,0,28.3,commercial
outsource bookkeeping service,1600,14,64.1,commercial
virtual bookkeeping positions,1600,8,3.6,navigational
personal bookkeeping programs,1600,14,16.4,commercial
booming bookkeeping,1600,0,21.7,commercial
bookkeeping jobs virtual,1600,6,3.6,informational
bookkeeping services outsourcing,1600,14,64.1,commercial
booming bookkeeping business reviews,1600,0,46.4,informational
bookkeeping ai,1600,24,44.4,commercial
virtual bookkeeping opportunities,1600,6,3.6,commercial
booming bookkeeping business review,1600,0,46.4,informational
artificial intelligence bookkeeping,1600,13,44.4,commercial
outsourced bookkeeping services,1600,14,64.1,commercial
bookkeeping software for freelancers,1600,21,34.4,commercial
bookkeeping: ai,1600,20,44.4,commercial
pnp bill payment,1600,0,0,navigational
bill check,1600,28,3.2,informational
seco energy bill pay,1600,1,0,informational
us bank bill pay,1600,30,6.8,informational
energy bill payment,1600,23,0.5,informational
santee cooper bill pay,1600,7,5.1,navigational
mlgw bill pay,1600,13,1.7,navigational
statement of financial position,1600,0,20.1,informational
management accounting,1600,27,18.4,informational
accounting 101,1600,4,12.2,informational
fios pay bill,1600,12,1.5,navigational
matching principle accounting,1600,12,0.2,informational
hrubs bill pay,1600,14,0.4,navigational
goodwill accounting,1600,10,0.4,navigational
minnesotacare payment,1600,15,20.2,informational
arrears payment meaning,1600,5,0.1,informational
accounting profit,1600,7,0,informational
kua pay bill,1600,0,0,navigational
bill of exchange,1600,0,4.1,informational
tid bill pay,1600,6,0,informational
city of pensacola bill pay,1600,20,0.0,navigational
split bill,1600,1,3.9,informational
pwd bill pay,1600,20,0,navigational
liabilities in accounting,1600,4,38.1,informational
closing entries accounting,1600,0,8.8,transactional
cobb emc bill pay,1600,2,0,navigational
accounting plus,1600,1,13.2,commercial
penn power bill pay,1600,25,0,informational
ebitda margin formula,1600,6,3.6,informational
city of las cruces bill pay,1600,0,0,navigational
economic profit formula,1600,6,0,informational
accounting vs economic profit,1600,0,0,informational
chelco bill pay,1600,2,0,navigational
badcock bill payment,1600,0,0.3,transactional
mercedes bill payment,1600,20,0,transactional
breezeline bill payment,1600,17,0,transactional
upmc bill pay,1600,1,1.0,transactional
orange and rockland pay bill,1600,11,0.1,navigational
pro rata cash payment,1600,0,0,informational
vallejo water bill payment,1600,0,0.7,navigational
calwater pay bill,1600,13,0.3,navigational
teco bill,1600,17,3.0,transactional
ap accounting,1600,19,60.5,informational
avera bill pay,1600,1,0,navigational
menards bill pay,1600,18,0,navigational
net worth formula,1600,17,5.4,informational
tpu bill pay,1600,16,1.6,transactional
liberty pay bill,1600,0,0,informational
tariff tracker,1600,13,11.0,commercial
gross expense ratio,1600,16,0.9,informational
money online,1600,28,10.5,commercial
toll by plate pay online,1600,23,2.2,transactional
project accounting,1600,8,6.4,informational
accounting jokes,1600,0,0,informational
cash app dispute,1600,0,0,informational
cash app investing,1600,23,9.9,commercial
mint personal finance,1600,19,8.5,navigational
financial goals examples,1600,18,4.5,informational
close cash app account,1600,0,0,informational
entry level accounting,1600,0,4.6,informational
personal accountant,1600,15,14.6,informational
less expense,1600,20,0,informational
transferwise receipt,1600,0,0,informational
cash app fee calculator,1600,0,0,informational
examples of equity,1600,4,11.2,informational
cash app daily limit,1600,10,0,informational
symbols of the sacrament of reconciliation,1300,0,0,informational
reconciliation diamond pharmacy,1300,0,65.3,navigational
sacrament of reconciliation symbol,1300,0,0,informational
reconciliation symbols,1300,0,0,informational
symbols for reconciliation,1300,0,0,informational
sacrament of reconciliation symbols,1300,0,0,informational
what are bank reconciliation,1300,16,5.4,informational
symbol of sacrament of reconciliation,1300,0,0,informational
what is a bank reconciliation,1300,4,5.4,informational
symbols of reconciliation,1300,0,0,informational
personal responsibility work opportunity reconciliation act,1300,12,0,informational
personal responsibility and work opportunity reconciliation act,1300,15,0,informational
what is reconciliation sacrament,1300,5,0,informational
palace of peace and reconciliation astana kazakhstan,1300,0,0,informational
what does reconciliation mean in accounting,1300,21,1.6,informational
palace of peace and reconciliation,1300,0,0,informational
10 common marriage reconciliation mistakes to avoid after infidelity,1300,0,1.0,informational
what does account reconciliation mean,1300,14,1.6,informational
what is the sacrament of reconciliation,1300,0,0,informational
work opportunity reconciliation act,1300,16,0,informational
another name for reconciliation,1300,2,0,informational
symbol for reconciliation,1300,0,0,informational
what is penance and reconciliation,1300,0,0,informational
what is reconciliation in banking,1300,2,5.4,informational
reconciliation pronunciation,1300,0,0,informational
astana palace of peace and reconciliation,1300,0,0,informational
personal responsibility and work reconciliation act,1300,9,0,informational
penance and reconciliation symbols,1300,0,0,informational
what is the bank reconciliation,1300,3,5.4,informational
symbol of reconciliation,1300,0,0,informational
what is banking reconciliation,1300,1,5.4,informational
reconciliation symbol,1300,0,0,informational
what are the sacraments of reconciliation,1300,0,0,informational
prince harry king reconciliation sabotage accusations,1300,11,0,informational
another word for reconciliation,1300,0,0,informational
pronounce reconciliation,1300,0,0,informational
what is the sacrament of penance and reconciliation,1300,4,0,informational
what does reconciliation of accounts mean,1300,14,1.6,informational
what is sacrament of reconciliation,1300,0,0,informational
capital one bank statement,1300,25,0,navigational
creating a bank statement,1300,17,4.7,informational
create bank statement,1300,11,4.7,transactional
make a bank statement,1300,17,4.7,transactional
create a bank statement,1300,17,4.7,transactional
what does it mean to reconcile an account,1300,4,1.6,informational
what does reconcile account mean,1300,17,1.6,informational
what does reconcile mean in accounting,1300,17,1.6,informational
what does it mean to reconcile accounts,1300,9,1.6,informational
what does reconcile accounts mean,1300,17,1.6,informational
expense tracker templates,1300,23,4.5,informational
expense tracker template,1300,12,4.5,informational
expense tracker business,1300,24,37.2,commercial
expensify expense tracker,1300,21,22.8,informational
expense tracker for business,1300,13,37.2,commercial
exacta bookkeeping tax services,1300,0,8,navigational
bookkeeping freelancing,1300,5,12.0,commercial
bookkeeping software for churches,1300,5,33.5,commercial
bookkeeping 360,1300,26,12.1,commercial
classes for bookkeeping,1300,5,16.5,informational
bookkeeping def,1300,30,4.0,informational
baseball bookkeeping,1300,7,5.0,informational
bookkeeping freelancer,1300,5,12.0,commercial
vector bookkeeping llc,1300,0,0,navigational
bookkeeping classes,1300,5,16.5,informational
bookkeeping definition,1300,24,4.0,informational
bookkeeping class,1300,11,16.5,informational
training for bookkeeping,1300,28,11.6,informational
definition of bookkeeping,1300,23,4.0,informational
bookkeeping freelance,1300,9,12.0,commercial
bookkeeping for service business,1300,12,42.9,commercial
bookkeeping freelancers,1300,0,12.0,commercial
exacta bookkeeping & tax services,1300,0,8,navigational
bookkeeping service business,1300,18,42.9,commercial
bookkeeping training,1300,0,11.6,commercial
classes on bookkeeping,1300,11,11.6,informational
bookkeeping trainings,1300,9,11.6,commercial
gmu bill and payment,1300,18,0,navigational
bench accounting,1300,12,7.9,informational
sce pay my bill,1300,6,4.2,navigational
accounting books,1300,12,3.8,informational
intermediate accounting,1300,0,8.0,informational
accounting and finance,1300,11,50.1,informational
common size income statement,1300,0,17.6,informational
toll invoice,1300,15,1.0,informational
residual income formula,1300,0,0.8,informational
gmu bill payment,1300,12,0,navigational
single step income statement,1300,0,0.0,informational
remc bill pay,1300,0,0,navigational
basic accounting equation,1300,7,10.3,informational
stripe payment processing fees,1300,14,6.6,informational
earning statement uiuc,1300,9,0,informational
account statement,1300,18,6.0,informational
txtag pay bill,1300,23,1.1,navigational
types of accounting,1300,0,9.1,informational
statement of cash flow,1300,13,8,informational
financial vs managerial accounting,1300,0,0.0,informational
statement of comprehensive income,1300,0,0.3,informational
government accounting,1300,4,8.8,informational
remittance advice meaning,1300,0,0,informational
accounting pictures,1300,9,8.8,informational
summit utilities bill pay,1300,4,0.1,navigational
multi step income statement example,1300,0,0,informational
accrual accounting meaning,1300,18,5.4,informational
waste connections bill pay,1300,16,0,navigational
unlevered free cash flow,1300,0,0,informational
net debt formula,1300,0,0,informational
pwc bill payment,1300,0,2.7,navigational
marshall bill payment,1300,0,0,informational
aum meaning finance,1300,14,2.2,informational
adjusting entries accounting,1300,0,1.8,informational
arbella pay bill,1300,19,23.3,navigational
fairfax water bill pay,1300,3,0.8,navigational
debits and credits in accounting,1300,8,7.9,informational
liabilities meaning in accounting,1300,5,0.2,informational
tax free investments,1300,25,10.4,commercial
cash app jobs,1300,21,1.7,informational
hertz receipt lookup,1300,2,0,navigational
smart money concepts,1300,14,2.8,informational
etf expense ratio,1300,21,2.7,informational
ap business and personal finance,1300,0,9.2,commercial
receipt number,1300,10,0,informational
income and expense worksheet,1300,15,5.2,informational
smart money tracker premium,1300,6,0,commercial
materiality in accounting,1300,5,0.0,informational
liquidity sweep examples,1300,0,0.0,informational
financial accounting course,1300,26,18.0,informational
pay my bill online,1300,15,4.3,transactional
fiduciary accounting,1300,0,12.6,informational
prioritywaste.com online-bill-pay,1300,12,0.8,transactional
cleo money app,1300,22,8.1,navigational
south african reconciliation,1000,11,5.9,informational
prayer of reconciliation,1000,0,0.1,informational
south africa reconciliation,1000,12,5.9,informational
reconciliation with the church,1000,0,5.0,informational
qb online undo reconciliation,1000,0,0,navigational
harry reconciliation,1000,17,0,informational
truth and reconciliation south africa,1000,22,5.9,informational
reconciliation in south africa,1000,12,5.9,informational
praying for reconciliation,1000,0,0.1,informational
church reconciliation,1000,0,5.0,informational
reconciliation in accounting,1000,17,31.8,informational
undoing reconciliation in quickbooks online,1000,0,0,informational
undo reconciliation in quickbooks online,1000,0,0,transactional
med reconciliation,1000,5,3.2,informational
halo truth and reconciliation,1000,0,0,informational
truth reconciliation commission south africa,1000,12,5.9,informational
south africa's truth and reconciliation commission,1000,16,5.9,informational
reverse reconciliation in quickbooks online,1000,0,0,transactional
prayer for reconciliation,1000,0,0.1,informational
reconciliation prayers,1000,0,0.1,informational
egalite et reconciliation,1000,21,0,informational
undo a reconciliation in quickbooks online,1000,0,0,transactional
halo: the truth and reconciliation,1000,0,0,informational
prayer about reconciliation,1000,0,0.1,informational
prayers about reconciliation,1000,0,0.1,informational
reconciliation prayer,1000,0,0.1,informational
undoing a reconciliation in quickbooks online,1000,0,0,informational
south african truth and reconciliation commission,1000,11,5.9,informational
reconciliation commission in south africa,1000,23,5.9,informational
undo reconciliation on quickbooks online,1000,0,0,transactional
truth and reconciliation in south africa,1000,17,5.9,informational
reconciliation def,1000,12,0,informational
reconciliation in the church,1000,0,5.0,informational
undo quickbooks online reconciliation,1000,0,0,transactional
meds reconciliation,1000,5,3.2,informational
prayers of reconciliation,1000,0,0.1,informational
truth and reconciliation commission of south africa,1000,11,5.9,informational
reconciliation in church,1000,0,5.0,informational
truth and reconciliation commission in south africa,1000,11,5.9,informational
truth and reconciliation commission south africa,1000,11,5.9,informational
prayers for reconciliation,1000,0,0.1,informational
truth and reconciliation commission: south africa,1000,11,5.9,informational
bank pdf statement,1000,0,3.8,informational
bank account statement pdf,1000,5,3.8,informational
westpac bank statement,1000,0,0,informational
bank statement description,1000,9,0,informational
cash app bank statement,1000,11,0,informational
bank statement pdf format,1000,0,3.8,informational
bank statement definition,1000,15,0,informational
bank statement bml,1000,8,0,navigational
bank statement in pdf,1000,0,3.8,informational
pdf of bank statement,1000,0,3.8,informational
def of reconcile,1000,7,0,informational
reconcile medication for dogs,1000,0,4.3,informational
reconcile dog medication,1000,0,4.3,informational
reconcile drug for dogs,1000,0,4.3,transactional
reconcile meds,1000,1,3.2,informational
reconcile dog medicine,1000,0,4.3,transactional
google sheet expense tracker template,1000,22,2.8,informational
excel template expense tracker,1000,14,7.6,informational
google sheets expense tracker template,1000,0,2.8,informational
expense tracker template for excel,1000,14,7.6,informational
expense tracker excel templates,1000,14,7.6,informational
remote part-time bookkeeping jobs,1000,9,4.0,informational
what is double-entry system of bookkeeping,1000,20,5.1,informational
differences between bookkeeping and accounting,1000,13,3.0,informational
how to start a bookkeeping firm,1000,12,7.5,informational
difference between bookkeeping and accounting,1000,22,3.0,informational
virtual bookkeeping companies,1000,11,28.3,commercial
bookkeeping xero,1000,28,11.1,commercial
how to start bookkeeping business,1000,0,7.5,informational
bookkeeping companies for sale,1000,0,3.6,commercial
bookkeeping quickbooks jobs,1000,5,3.1,informational
virtual bookkeeping company,1000,11,28.3,commercial
quickbooks live bookkeeping,1000,4,31.7,informational
quickbook bookkeeping course,1000,10,9.2,transactional
remote part time bookkeeping jobs,1000,9,4.0,informational
bookkeeping accounting difference,1000,15,3.0,informational
what is double entry system of bookkeeping,1000,20,5.1,informational
what is double bookkeeping,1000,25,5.1,informational
virtual bookkeeping service,1000,13,28.3,commercial
differentiate between bookkeeping and accounting,1000,15,3.0,informational
what is double-entry bookkeeping,1000,8,5.1,informational
quickbooks bookkeeping job,1000,14,3.1,informational
bookkeeping quickbooks training,1000,24,9.2,transactional
bookkeeping company for sale,1000,0,3.6,transactional
bookkeeping business sale,1000,0,3.6,transactional
what is the double entry bookkeeping system,1000,14,5.1,informational
difference between accounting and accountancy and bookkeeping,1000,15,3.0,informational
how do i start a bookkeeping business,1000,3,7.5,informational
virtual bookkeeping services,1000,13,28.3,commercial
bookkeeping businesses for sale,1000,0,3.6,transactional
bookkeeping course quickbooks,1000,10,9.2,informational
accounting and bookkeeping difference,1000,21,3.0,informational
what double entry bookkeeping,1000,8,5.1,informational
bookkeeping business for sale,1000,0,3.6,transactional
bookkeeping course with quickbooks,1000,10,9.2,transactional
quickbooks bookkeeping classes,1000,16,9.2,informational
difference between bookkeeping accounting and accountancy,1000,15,3.0,informational
how to start a bookkeeping business,1000,0,7.5,informational
difference between bookkeeping and accountancy,1000,14,3.0,informational
bookkeeping courses quickbooks,1000,10,9.2,informational
difference in bookkeeping and accounting,1000,14,3.0,informational
bookkeeping course near me,1000,0,12.1,informational
xero for bookkeeping,1000,28,11.1,commercial
distinguish between accounting and bookkeeping,1000,7,3.0,informational
part time remote bookkeeping job,1000,9,4.0,informational
bookkeeping online,1000,14,50.1,commercial
bookkeeping with xero,1000,28,11.1,commercial
difference between accounting & bookkeeping,1000,20,3.0,informational
what is double entry bookkeeping,1000,8,5.1,informational
what is a double entry bookkeeping,1000,8,5.1,informational
differentiate accounting from bookkeeping,1000,29,3.0,informational
how to start a bookkeeping company,1000,21,7.5,informational
accounting bookkeeping services,1000,17,42.9,commercial
what is a double entry bookkeeping system,1000,6,5.1,informational
bookkeeping in xero,1000,28,11.1,commercial
bookkeeping firm for sale,1000,0,3.6,transactional
what is double entry bookkeeping system,1000,23,5.1,informational
bookkeeping with quickbooks training,1000,24,9.2,transactional
bookkeeping virtual,1000,1,52.8,commercial
bookkeeping class near me,1000,0,12.1,informational
bookkeeping courses near me,1000,0,12.1,informational
bookkeeping courses with quickbooks,1000,10,9.2,commercial
bookkeeping classes near me,1000,0,12.1,informational
associate's degree in bookkeeping online,1000,5,57.8,commercial
bookkeeping firms for sale,1000,0,3.6,commercial
tneb bill payment,1000,19,0,navigational
coserv bill pay,1000,10,0,navigational
cash flow statement format,1000,19,14.6,informational
accounting interview questions,1000,0,0.8,informational
accounting basics,1000,9,11.0,informational
cash flow report template,1000,14,11.2,informational
tuscaloosa water bill payment,1000,2,0,informational
mawss bill pay,1000,3,0,navigational
unlevered free cash flow formula,1000,0,0,informational
itemized bill meaning,1000,0,0,informational
cfa practice questions,1000,0,3.9,informational
fgua bill pay,1000,3,0,navigational
contribution margin income statement,1000,0,0,informational
unitil bill pay,1000,0,1.9,navigational
principles of accounting,1000,23,11.4,informational
invoice processing,1000,0,60.9,commercial
foremost bill pay,1000,8,3.2,informational
apic accounting,1000,0,0.3,navigational
aci payment,1000,16,3.6,commercial
ltm meaning finance,1000,0,0,informational
bank bill pay,1000,14,19.4,informational
cpa meaning accounting,1000,26,0,informational
pink payment,1000,17,0,informational
controller accounting,1000,4,0.3,commercial
personal independence payment,1000,23,2.1,informational
burlington bill pay,1000,17,0,navigational
net worth statement,1000,0,2.3,informational
is accounting stem,1000,0,0,informational
cash flow formula,1000,19,4.1,informational
rpu bill pay,1000,10,0,navigational
transaction costs,1000,3,0,informational
make receipt,1000,27,6.8,transactional
transaction history,1000,10,0,informational
uscis receipt notice,1000,26,0,informational
foremost insurance pay online,1000,10,1.5,navigational
metro pcs pay my bill online free,1000,16,3.1,transactional
avis toll receipt,1000,6,0,informational
time and expense,1000,0,18.9,informational
penelec online bill pay,1000,16,4.7,navigational
mutual fund expense ratio,1000,21,4.7,informational
basic accounting,1000,18,10.0,informational
accounting book,1000,0,2.6,informational
accrual in accounting,1000,5,0.4,informational
accrual method of accounting,1000,15,2.9,informational
cas accounting,1000,1,4.7,navigational
ea accounting,1000,19,7.5,navigational
personal finance for dummies,1000,6,1.7,informational
student cash online,1000,0,0,informational
levered free cash flow,1000,0,1.4,informational
kohl's online bill pay,1000,7,0.4,navigational
opposite of expense,1000,0,0,informational
fdic money smart,1000,22,14.3,informational
equity method of accounting,1000,8,0.3,informational
chase small business account,1000,24,22.0,navigational
reconciliation accountant,880,7,16.5,informational
senate reconciliation,880,22,25.6,informational
reconciliation in a sentence,880,0,0,informational
reconciliation payments,880,0,39.6,informational
reconciliation in finance,880,14,29.7,informational
universal reconciliation,880,1,0,informational
accounting and reconciliation,880,18,16.5,informational
reconciliation of payment,880,0,39.6,commercial
reconciliation of payments,880,0,39.6,commercial
reconciliation payment,880,0,39.6,informational
reconciliation in the senate,880,29,25.6,informational
payable reconciliation,880,0,39.6,commercial
sentence with reconciliation,880,0,0,informational
senate budget reconciliation,880,16,25.6,informational
what is the reconciliation process in congress,880,25,1.0,informational
what is cost value reconciliation,880,0,0,informational
sentence using reconciliation,880,0,0,informational
reconciliation in payments,880,0,39.6,informational
pay reconciliation,880,0,39.6,informational
finance reconciliation,880,6,29.7,commercial
reconciliation in sentence,880,0,0,informational
chinese reconciliation project,880,0,0.1,informational
reconciliation financial,880,22,29.7,informational
how to do reconciliation in quickbooks,880,10,14.6,informational
senate reconciliation bill,880,20,25.6,informational
reconciliation in senate,880,29,25.6,informational
bank statement for mortgage loan,880,14,56.1,informational
bank statement def,880,14,0,informational
bank statement means,880,20,0,informational
what is the purpose of a bank statement,880,16,0,informational
bank statement for home loan,880,11,56.1,informational
what is the purpose of bank statement,880,11,0,informational
bank statement mortgage loan,880,0,56.1,informational
how to make bank statement,880,3,5.0,informational
how to create a bank statement,880,6,5.0,informational
how to create bank statement,880,6,5.0,informational
what does pod mean on bank statement,880,9,0.0,informational
bank statement mortgage loans,880,5,56.1,informational
pnc bank online statement,880,29,15.2,navigational
what does pod mean on a bank statement,880,10,0.0,informational
bank statement meaning,880,17,0,informational
definition of bank statement,880,15,0,informational
how make bank statement,880,3,5.0,informational
bank statement mortgages,880,5,56.1,informational
bank statement mortgage,880,2,56.1,informational
how to make a bank statement,880,6,5.0,informational
bank statement td bank,880,19,3.8,navigational
bank statement for mortgage,880,2,56.1,informational
financial reconcile,880,2,29.7,commercial
reconcile payments,880,0,39.6,commercial
reconcile payment,880,13,39.6,commercial
reconcile sentence,880,0,0,informational
how to reconcile quickbooks,880,10,14.6,informational
how to reconcile in quickbooks,880,10,14.6,informational
how to reconcile on quickbooks,880,10,14.6,informational
sentence for reconcile,880,0,0,informational
sentence of reconcile,880,0,0,informational
excel expense tracker,880,14,6.2,informational
ynab expense tracker,880,25,0,informational
expense and income tracker,880,19,10.5,informational
expense tracker google sheet,880,0,6.1,informational
expense income tracker,880,28,10.5,informational
expense tracker google sheets,880,0,6.1,informational
expense tracker in excel,880,14,6.2,informational
monthly expense tracker,880,15,5.7,informational
bookkeeping launch,880,0,2.6,commercial
online bookkeeping course free,880,30,6.9,informational
non-profit bookkeeping,880,11,42.7,commercial
bookkeeping and payroll software,880,28,89.6,commercial
freelance jobs bookkeeping,880,9,5.5,informational
nonprofit bookkeeping,880,4,42.7,informational
freelance bookkeeping job,880,9,5.5,informational
free online course for bookkeeping,880,28,6.9,informational
bookkeeping courses online free,880,14,6.9,informational
bookkeeping lessons free online,880,14,6.9,informational
bookkeeping for a non profit organization,880,3,42.7,transactional
bookkeeping for nonprofit organizations,880,12,42.7,informational
free online bookkeeping courses with certificates,880,10,7.2,commercial
bookkeeping certificate program,880,0,10.9,informational
bookkeeping non profit,880,3,42.7,commercial
free online bookkeeping class,880,26,6.9,informational
duties of bookkeeping,880,28,5.7,informational
bookkeeping for nonprofits,880,1,42.7,commercial
free online bookkeeping certification courses,880,10,7.2,informational
free online classes for bookkeeping,880,17,6.9,informational
freelance bookkeeping opportunities,880,7,5.5,commercial
not for-profit bookkeeping,880,20,42.7,commercial
bookkeeping for non profit,880,16,42.7,commercial
bookkeeping for nonprofit,880,5,42.7,commercial
part-time bookkeeping jobs near me,880,10,1.6,informational
bookkeeping part time,880,10,13.6,informational
free online courses in bookkeeping,880,28,6.9,informational
microsoft bookkeeping software,880,0,30.1,commercial
bookkeeping training online free,880,28,6.9,informational
free online courses for bookkeeping,880,28,6.9,informational
quickbooks bookkeeping services,880,16,31.1,navigational
best accounting software for bookkeeping,880,25,38.9,commercial
bookkeeping average salary,880,13,0.0,informational
farming bookkeeping software,880,23,59.1,commercial
freelancer bookkeeping jobs,880,9,5.5,informational
bookkeeping responsibilities,880,26,5.7,informational
bookkeeping roles and responsibilities,880,30,5.7,informational
bookkeeping job description,880,16,5.7,informational
bookkeeping classes online free,880,20,6.9,informational
quickbooks bookkeeping service,880,16,31.1,navigational
bookkeeping freelance work,880,1,5.5,commercial
bookkeeping journal entry examples,880,0,0,informational
non profit organization bookkeeping,880,6,42.7,informational
bookkeeping certification programs,880,17,10.9,informational
free online bookkeeping course with certificate,880,10,7.2,transactional
best program for bookkeeping,880,28,38.9,commercial
not for profit bookkeeping,880,20,42.7,commercial
freelancing bookkeeping jobs,880,18,5.5,informational
bookkeeping journal entries examples,880,0,0,informational
farm bookkeeping software,880,23,59.1,commercial
bookkeeping certificate programs,880,17,10.9,informational
bookkeeping part time jobs near me,880,16,1.6,informational
email with read receipts,880,5,11.9,informational
read receipts email,880,6,11.9,informational
read receipts for email,880,16,11.9,informational
read receipts on email,880,8,11.9,transactional
mseb bill payment,880,18,0,navigational
sap accounting,880,0,13.2,navigational
digits accounting,880,8,25.0,informational
term bill,880,21,0,informational
lvvwd pay bill,880,13,2.4,navigational
accrual meaning in accounting,880,27,0.5,informational
dwsd bill pay,880,3,0,navigational
itemized invoice,880,0,24.4,informational
growing annuity formula,880,0,7.2,informational
gci bill pay,880,18,0,navigational
financial leverage formula,880,14,0,informational
orange county utilities pay bill,880,2,0,navigational
invoice vs quote,880,0,56.2,informational
accounting ledger book,880,0,0.8,transactional
sperm bank payment,880,0,7.2,informational
order to cash process,880,5,22.1,transactional
bill company,880,28,50.9,navigational
transfer gi bill,880,0,4.2,transactional
financial accounting vs managerial accounting,880,0,3.3,informational
mseb bill pay,880,12,0,navigational
economic profit vs accounting profit,880,7,0,informational
stripe transaction fee,880,11,5.6,informational
ebay transaction fee,880,28,5.4,informational
copilot finance app,880,20,3.2,commercial
deposit receipt,880,0,2.2,informational
smart choice accounts,880,0,0,navigational
expense categories,880,9,6.5,informational
deferred expense,880,0,0,informational
transaction tracking,880,16,13.8,commercial
equity in accounting,880,14,0,informational
difference between finance and accounting,880,9,14.0,informational
expenditure vs expense,880,0,0.1,informational
international transaction fee,880,16,9.6,informational
business high yield savings,880,24,32.6,commercial
visa cash app rb,880,15,1.7,navigational
pay pgw bill online,880,8,1.8,transactional
accounting journal entry example,880,0,0,informational
swgas.com pay bill online,880,15,0.3,navigational
personal expenses,880,25,0,informational
accounting worksheet,880,0,2.9,informational
inventory accounting,880,2,15.2,informational
tower loans payment online,880,0,3.5,informational
accurate accounting,880,0,6.7,informational
unrelated business income,880,25,2.3,informational
moneytime app,880,0,4.2,navigational
poc accounting,880,2,1.9,informational
cox accounting,880,0,21.1,navigational
rwandan genocide reconciliation,720,9,0,informational
reconciliation in spanish,720,0,6.9,informational
bank reconciliation definition,720,5,0.3,informational
data reconciliation,720,0,0,informational
balance sheet reconciliation,720,0,27.3,informational
online catholic reconciliation,720,0,8.4,navigational
cam reconciliation,720,0,6.3,informational
definition of bank reconciliation,720,6,0.3,informational
john hope franklin reconciliation park,720,0,0.3,informational
bank reconciliation templates,720,0,11.0,informational
reconciliation with god,720,0,3.2,informational
finance reconciliation definition,720,13,0,informational
financial reconciliation meaning,720,1,0,informational
template for bank reconciliation,720,0,11.0,informational
banking reconciliation meaning,720,13,0.3,informational
bank reconciliation def,720,4,0.3,informational
reconciliation financial definition,720,15,0,informational
god is a god of reconciliation,720,0,3.2,informational
account reconciliation software,720,18,121.7,commercial
cash reconciliation,720,0,92.9,commercial
reconciliation software,720,17,121.7,commercial
reconciliation god,720,0,3.2,informational
reconciliation spanish,720,0,6.9,informational
reconciliation in banking definition,720,13,0.3,informational
bank reconciliation explained,720,9,0.3,informational
diamond reconciliation,720,0,70.5,informational
reconciliation american express,720,0,39.8,informational
reconciliation day,720,23,0,informational
day of reconciliation,720,5,0,informational
reconciliation of cash,720,0,92.9,commercial
harry meghan netflix reconciliation,720,0,0,informational
lessons learned and reconciliation commission,720,0,0,informational
cash reconciliation accounting,720,0,92.9,informational
finance reconciliation meaning,720,10,0,informational
what bank reconciliation,720,5,0.9,informational
bank reconciliation meaning,720,8,0.3,informational
sacrament of reconciliation confession,720,3,2.9,informational
reconciliation in finance meaning,720,5,0,informational
spelling of reconciliation,720,7,0,informational
god of reconciliation,720,10,3.2,informational
amex reconciliation,720,0,39.8,commercial
prepare a bank reconciliation for candace co for may 31,720,0,0,transactional
bank reconciliation explanation,720,18,0.3,informational
software for reconciliation,720,15,121.7,commercial
reconciliation softwares,720,15,121.7,commercial
balance sheet account reconciliation,720,0,27.3,informational
bank reconciliation template,720,1,11.0,informational
accounting reconciliation software,720,22,121.7,commercial
define bank reconciliation,720,6,0.3,informational
reconciliation to god,720,0,3.2,informational
reconciliation confession,720,0,2.9,informational
what is the sacrament of reconciliation in the catholic church,720,0,13.2,informational
meaning of bank reconciliation,720,3,0.3,informational
rwanda genocide reconciliation,720,9,0,informational
accounts reconciliation software,720,22,121.7,commercial
what is bank reconciliation,720,10,0.9,informational
bank reconciliation description,720,4,0.3,informational
reconciliation of data,720,0,0,informational
reconciliation park tulsa,720,1,0.3,navigational
reconciliation spelling,720,7,0,informational
database reconciliation,720,0,0,commercial
us bank account statement,720,8,19.1,informational
bank statement generator free,720,0,6.4,informational
how to get bank statement online,720,11,5.3,informational
how do i get a bank statement online,720,25,5.3,informational
how to get an online bank statement,720,16,5.3,informational
bank statement navy federal,720,9,3.9,navigational
account bank statement,720,19,6.3,informational
how can i get a bank statement online,720,16,5.3,informational
how do i get bank statement online,720,17,5.3,informational
us bank statement,720,8,19.1,informational
template bank statement,720,0,5.2,informational
how to get a online bank statement,720,11,5.3,informational
how to print a bank statement,720,2,0,informational
bank statement us bank,720,1,19.1,informational
how to generate bank statement online,720,12,5.3,informational
how to print out a bank statement,720,0,0,informational
bank statement template word,720,0,5.2,informational
how do i get an online bank statement,720,16,5.3,informational
navy federal credit union bank statement,720,20,3.9,navigational
statement of account bank,720,19,6.3,informational
how to print out bank statement,720,1,0,informational
how to print bank statement,720,2,0,informational
bank statement layout,720,0,5.2,navigational
how can i get bank statement online,720,16,5.3,informational
wells fargo bank mission statement,720,4,9.1,informational
statement for bank account,720,19,6.3,informational
how do you get a bank statement online,720,17,5.3,informational
spell reconcile,720,14,0,informational
reconcile spanish,720,0,6.9,informational
reconcile financial definition,720,2,0,informational
reconcile in spanish,720,0,6.9,informational
reconcile database,720,1,0,navigational
reconcile drug,720,0,2.5,informational
reconcile finance definition,720,13,0,informational
reconcile medication,720,0,2.5,informational
reconcile balance sheet,720,0,27.3,navigational
what is reconcile,720,8,0,informational
reconcile with god,720,0,3.2,informational
reconcile data,720,18,0,informational
certified mail receipt tracker,720,19,0.2,navigational
bookkeeping resume sample,720,2,1.2,informational
peachtree bookkeeping software,720,5,11.2,commercial
bookkeeping for dummies,720,0,7.6,informational
what is bookkeeping job,720,28,3.5,informational
better bookkeeping,720,10,10.6,commercial
bookkeeping for hire,720,4,56.8,commercial
entry level bookkeeping jobs remote,720,0,4.6,informational
booming bookkeeping login,720,0,5.3,navigational
bookkeeping resume samples,720,0,1.2,informational
bookkeeping company,720,19,50.5,commercial
apps for bookkeeping,720,28,29.5,commercial
bookkeeping spanish,720,0,11.5,informational
bookkeeping full charge,720,0,12.1,informational
starting bookkeeping business,720,0,12.2,informational
the bookkeeping challenge,720,0,19.6,informational
bookkeeping resume example,720,0,1.2,informational
bookkeeping companies,720,19,50.5,commercial
how much do i charge for bookkeeping,720,0,14.8,commercial
quickbooks bookkeeping certification,720,23,9.7,commercial
bookkeeping dummies,720,0,7.6,informational
starting a bookkeeping business,720,0,12.2,informational
start a bookkeeping company,720,8,12.2,transactional
bookkeeping for dummies book,720,0,7.6,informational
bookkeeping in spanish,720,0,11.5,informational
bookkeeping co,720,19,50.5,navigational
free bookkeeping software for nonprofits,720,4,24.9,commercial
assured bookkeeping and tax service,720,0,0,commercial
the bookkeeping challenge reviews,720,0,18.3,informational
open bookkeeping business,720,5,12.2,commercial
what is a bookkeeping job,720,27,3.5,informational
free nonprofit bookkeeping software,720,4,24.9,commercial
open a bookkeeping business,720,5,12.2,transactional
starting a bookkeeping company,720,0,12.2,commercial
quickbooks bookkeeping certificate,720,23,9.7,transactional
bookkeeping software for home,720,21,12.5,commercial
examples of bookkeeping resumes,720,7,1.2,informational
start a bookkeeping business,720,0,12.2,commercial
bookkeeping resume examples,720,5,1.2,informational
how much should i charge for bookkeeping,720,0,14.8,informational
how much does bookkeeping cost,720,0,14.8,informational
bookkeeping hiring,720,13,56.8,commercial
start bookkeeping business,720,0,12.2,commercial
what is bookkeeping jobs,720,28,3.5,informational
receipts email,720,24,8.5,informational
walton emc bill pay,720,7,0,navigational
burrtec pay bill,720,0,0,navigational
quick bill payment,720,16,6.1,informational
invoice tracker,720,0,48.6,commercial
settlement payment,720,23,45.7,informational
basis accounting,720,25,28.4,informational
accounting practice,720,14,8.7,informational
labcorp invoice,720,6,0,commercial
texan bill pay,720,0,0,informational
accounting test,720,0,6.0,informational
cpllabs pay bill,720,0,0.3,transactional
accounting ratios,720,16,4.0,commercial
high risk payment processors,720,19,118.6,commercial
risk premium formula,720,9,0,informational
cash accounting,720,10,0.5,informational
city of surprise bill pay,720,0,0,navigational
outstanding invoice,720,0,41.1,informational
total assets formula,720,0,0,informational
advanced accounting,720,0,4.1,informational
accounting minor,720,0,12.8,informational
oge bill pay online,720,0,0.1,transactional
net expense ratio,720,20,5.5,informational
ioe receipt number,720,5,18.2,informational
bill receipt,720,0,6.6,informational
transaction abbreviation,720,0,0,informational
personal finance dashboard,720,0,6.1,navigational
intro to accounting,720,15,13.1,informational
basic accounting principles,720,13,10.5,informational
bill payment tracker,720,5,2.8,informational
accounting methods,720,3,3.1,informational
vym expense ratio,720,13,0,informational
private accounting,720,0,16.4,commercial
pay.gov website,720,18,0,navigational
personal assets,720,9,0,informational
x money app,720,23,8.5,transactional
pay ticket online california,720,27,3.2,transactional
premier accounting,720,4,5.8,navigational
kwc accounting,720,0,0,navigational
the primary objective of financial accounting is to:,720,0,1.3,informational
abbreviation for transaction,720,0,0,informational
excel template bank reconciliation,590,0,11.3,informational
how to bank reconciliation statement,590,5,5.6,informational
bank reconciliation format xls,590,0,11.3,informational
how to do a bank reconciliation,590,0,11.9,informational
how do bank reconciliation,590,0,11.9,informational
template for bank reconciliation excel,590,0,11.3,informational
reconciliation credit card,590,0,39.4,commercial
steps of catholic reconciliation,590,0,14.2,informational
reconciliation on quickbooks,590,18,22.5,informational
personal responsibility and work opportunity reconciliation act of 1996,590,16,0,informational
reconciliation of credit cards,590,0,39.4,commercial
personal responsibility and work opportunity reconciliation act 1996,590,12,0,informational
episcopal church of reconciliation,590,19,0,navigational
steps for sacrament of reconciliation,590,8,14.2,informational
invoice reconciliation,590,0,42.5,commercial
bank reconciliation sample excel,590,0,11.3,informational
how to make a bank reconciliation,590,0,11.9,informational
forgiveness versus reconciliation,590,12,0.0,informational
steps of the sacrament of reconciliation,590,0,14.2,informational
bank reconciliation template in excel,590,0,11.3,informational
steps for reconciliation,590,0,14.2,informational
us congress reconciliation,590,30,6.7,informational
reconciliation in congress,590,30,6.7,informational
church of the reconciliation,590,26,0,navigational
bank reconciliation format excel,590,0,11.3,informational
steps in sacrament of reconciliation,590,8,14.2,informational
reconciliation near me,590,8,0.1,navigational
congress reconciliation,590,29,6.7,informational
average length of separation before reconciliation,590,0,0,informational
prince harry alleges sabotage attempts on reconciliation with king charles,590,10,0,transactional
bank reconciliation example excel,590,0,11.3,informational
invoices reconciliation,590,0,42.5,commercial
church of reconciliation,590,23,0,navigational
rite of reconciliation steps,590,0,14.2,informational
forgiveness vs reconciliation,590,1,0.0,informational
reconciliation steps,590,0,14.2,informational
bank reconciliation excel spreadsheet,590,0,11.3,informational
reconciliation process in congress,590,29,6.7,informational
bank reconciliation format in excel,590,0,11.3,informational
reconciliation united states congress,590,25,6.7,informational
how to pronounce reconciliation,590,0,0,informational
steps in reconciliation,590,0,14.2,informational
sacrament of reconciliation steps,590,0,14.2,informational
excel templates for bank reconciliation,590,0,11.3,informational
bank reconciliation excel sheet,590,0,11.3,informational
reconciliation in quickbooks,590,18,22.5,commercial
how to do the bank reconciliation,590,0,11.9,informational
bank reconciliation form excel,590,0,11.3,informational
reconciliation of invoices,590,0,42.5,commercial
quickbooks reconciliation,590,18,22.5,commercial
how to do bank reconciliation,590,15,11.9,informational
sacrament of reconciliation near me,590,6,0.1,navigational
congress budget reconciliation,590,25,6.7,informational
steps of reconciliation,590,8,14.2,informational
steps in the sacrament of reconciliation,590,0,14.2,informational
steps in the rite of reconciliation,590,0,14.2,informational
bank reconciliation template xls,590,0,11.3,informational
how to perform a bank reconciliation,590,16,11.9,informational
mission statement for bank of america,590,25,0,informational
modify bank statement,590,0,9.0,transactional
edit bank statement,590,0,9.0,informational
how to reconcile a bank statement,590,9,5.6,informational
how to reconcile the bank statement,590,18,5.6,informational
bank statement paypal,590,2,2.6,informational
mission statement bank of america,590,25,0,informational
how do i get my bank statement,590,17,3.2,informational
how to generate my bank statement,590,12,3.2,informational
edit a bank statement,590,0,9.0,informational
what is a bank statement loan,590,4,16.5,informational
citibank bank statement,590,0,4.1,navigational
how do i reconcile a bank statement,590,9,5.6,informational
bank statement editor,590,0,9.0,informational
bank statement maker,590,0,4.4,commercial
editing a bank statement,590,0,9.0,informational
how do you reconcile a bank statement,590,9,5.6,informational
how to get my bank statement,590,17,3.2,informational
bank statement for paypal,590,2,2.6,informational
how to reconcile bank statement,590,9,5.6,informational
reconcile an invoice,590,0,42.5,commercial
reconcile invoices,590,0,42.5,navigational
reconcile credit cards,590,0,39.4,commercial
cafe reconcile new orleans,590,10,0,navigational
reconcile invoice,590,0,42.5,transactional
how to pronounce reconcile,590,3,0,informational
reconcile in quickbooks,590,20,22.5,navigational
how to reconcile bank statements,590,9,5.6,informational
reconcile on quickbooks,590,20,22.5,navigational
reconcile new orleans,590,10,0,informational
reconcile quickbooks,590,18,22.5,navigational
reconcile credit card,590,0,39.4,transactional
reconcile in a sentence,590,0,0,informational
reconcile pronunciation,590,4,0,informational
how to reconcile two columns in excel,590,0,0,informational
expense tracker for small business,590,17,49.2,commercial
ynab expense tracker app,590,23,0,commercial
spreadsheet expense tracker,590,19,6.0,informational
everyday expense tracker,590,29,5.2,informational
expense tracker small business,590,23,49.2,informational
daily expense tracker,590,29,5.2,informational
bookkeeping virtual assistants,590,0,64.6,commercial
professional bookkeeping services,590,8,2.4,commercial
tax bookkeeping services,590,22,28.4,commercial
bookkeeping jobs with no experience,590,0,2.3,informational
bookkeeping job no experience,590,0,2.3,informational
what is the difference between accounting and bookkeeping,590,18,3.6,informational
affordable bookkeeping,590,0,63.4,commercial
learn bookkeeping,590,11,11.5,informational
professional bookkeeping service,590,25,2.4,commercial
bookkeeping basic,590,12,14.4,informational
quickbooks online bookkeeping jobs,590,8,1.4,navigational
sample of double entry bookkeeping,590,0,3.6,informational
google sheets bookkeeping template,590,0,9.2,informational
bookkeeping program,590,0,17.9,commercial
bookkeeping learning,590,11,11.5,informational
bookkeeping job with no experience,590,0,2.3,informational
virtual assistant bookkeeping,590,0,64.6,commercial
double entry bookkeeping system example,590,6,3.6,informational
bookkeeping & payroll services,590,28,95.3,commercial
bookkeeping basics,590,30,14.4,informational
what is full charge bookkeeping,590,0,0.0,informational
what is the difference between bookkeeping and accountancy,590,12,3.6,informational
self employment bookkeeping software,590,20,35.5,commercial
double entry bookkeeping example,590,13,3.6,informational
pilot bookkeeping,590,6,22.1,commercial
knapp bookkeeping,590,0,14.9,navigational
tax & bookkeeping services,590,9,28.4,commercial
bookkeeping synonym,590,0,0,informational
bookkeeping thesaurus,590,0,0,informational
another word for bookkeeping,590,0,0,informational
double-entry bookkeeping examples,590,1,3.6,informational
bookkeeping software for self-employed,590,9,35.5,commercial
how do you spell bookkeeping,590,11,0,informational
double bookkeeping example,590,13,3.6,informational
bookkeeping double entry examples,590,4,3.6,informational
bookkeeping jobs no experience,590,0,2.3,informational
basics of bookkeeping,590,12,14.4,informational
synonyms for bookkeeping,590,0,0,informational
learn about bookkeeping,590,11,11.5,informational
bookkeeping templates google sheets,590,0,9.2,informational
synonym for bookkeeping,590,0,0,informational
quickbooks live bookkeeping service,590,9,0,navigational
hourly bookkeeping rates,590,0,8.2,informational
bookkeeping programmes,590,0,17.9,commercial
double-entry bookkeeping example,590,6,3.6,informational
hourly rates for bookkeeping,590,0,8.2,informational
hoa bookkeeping software,590,9,62.6,commercial
knapp bookkeeping amarillo,590,0,14.9,navigational
bookkeeping jobs without experience,590,0,2.3,informational
example of double-entry bookkeeping,590,1,3.6,informational
bookkeeping and tax service,590,5,28.4,commercial
basis bookkeeping,590,23,14.4,informational
hourly rate for bookkeeping,590,0,8.2,informational
taxes and bookkeeping services,590,10,28.4,commercial
what is difference between bookkeeping and accounting,590,12,3.6,informational
bookkeeping tax service,590,30,28.4,commercial
bookkeeping synonyms,590,0,0,informational
how to spell bookkeeping,590,19,0,informational
basic of bookkeeping,590,12,14.4,informational
self employed bookkeeping software,590,18,35.5,commercial
drake bookkeeping software,590,21,13.9,commercial
bookkeeping services payroll,590,5,95.3,commercial
intuit bookkeeping jobs,590,13,3.8,navigational
what are the difference between bookkeeping and accounting,590,26,3.6,informational
virtual assistant for bookkeeping,590,7,64.6,commercial
bookkeeping and payroll services,590,18,95.3,commercial
example of double entry bookkeeping,590,1,3.6,informational
google sheet bookkeeping template,590,0,9.2,informational
bsnl bill payment,590,20,0,navigational
levered free cash flow formula,590,4,0,informational
bsnl bill pay,590,12,0,navigational
victory accounting,590,2,0.5,navigational
bacs payment,590,21,6.5,informational
sec accounting,590,13,0,informational
assurance accounting,590,1,12.6,commercial
incurred in accounting,590,0,0,informational
tgg accounting,590,8,18.1,navigational
journal of accounting and economics,590,15,0,informational
gmu tuition payment,590,16,0,informational
technical accounting,590,0,0,informational
sga accounting,590,3,0,navigational
variable expense ratio,590,0,0,informational
bottom line personal,590,4,1.8,navigational
center expense,590,2,15.0,informational
hertz toll receipt,590,4,0,navigational
income and expense declaration,590,0,2.8,informational
global blue refund tracker,590,14,0,informational
national toll receipts,590,4,0.1,navigational
high low method accounting,590,0,0,informational
general journal accounting,590,0,8.1,informational
accounting made simple,590,0,0.7,informational
accounting skills,590,0,3.2,informational
accountancy vs accounting,590,4,8.0,informational
goodwill in accounting,590,17,0,navigational
abacus accounting,590,6,18.5,informational
accounting roles,590,6,6.3,informational
no foreign transaction fees,590,27,14.5,informational
capital accounting,590,0,0.1,informational
reconciliation of inventory,480,0,0,commercial
reconciliation processes,480,21,0.1,informational
reconciliation images,480,0,0,informational
forgiveness and reconciliation,480,0,14.8,informational
how does quickbooks establish the beginning balance for a reconciliation,480,0,30.2,informational
reconciliation forgiveness,480,12,14.8,informational
reconciliation photos,480,0,0,informational
pictures of reconciliation,480,0,0,informational
reconciliation picture,480,0,0,informational
reconciliation meaning catholic,480,0,0,informational
reconciliation of differences,480,0,0.7,informational
dhs funding reconciliation bill,480,5,0,transactional
process of reconciliation,480,30,0.1,informational
images of reconciliation,480,0,0,informational
what is the first reconciliation,480,0,0,informational
define reconciliation catholic,480,0,0,informational
a bank reconciliation should be prepared,480,9,0,informational
picture of reconciliation,480,0,0,informational
reconciliation reports,480,0,0,informational
reconciliation definition catholic,480,0,0,informational
what is first reconciliation,480,0,0,informational
how to spell reconciliation,480,2,0,informational
exercise 6 12 bank reconciliation lo p3,480,0,0,commercial
reconciliation monument,480,17,0,informational
what is first reconciliation catholic,480,0,0,informational
reconciliation report,480,0,0,informational
reconciliation definition catholic church,480,0,0,informational
reconciliation inventory,480,0,0,informational
reconciliation pictures,480,0,0,informational
reconciliation differences,480,0,0.7,informational
exercise 6-12 bank reconciliation lo p3,480,0,0,commercial
oracle account reconciliation manager,480,0,28.1,navigational
king charles harry reconciliation,480,6,0,informational
catholic definition of reconciliation,480,0,0,informational
what does reconciliation mean in the bible,480,3,0.1,informational
what is a first reconciliation,480,0,0,informational
reconciliation house,480,0,0,informational
how do you spell reconciliation,480,10,0,informational
reconciliation meaning in accounts,480,19,0,informational
reconciliation process,480,30,0.1,informational
how do i download bank statement,480,4,4.5,informational
how to edit a bank statement,480,0,8.7,informational
make fake bank statement,480,0,4.1,informational
how to download bank statement,480,5,4.5,informational
how do i download a bank statement,480,3,4.5,informational
pdf chase bank statement,480,0,3.6,informational
fake bank statement maker,480,0,4.1,informational
how to change bank statement,480,0,8.7,informational
how to get bank statement from chime,480,22,0,informational
how to alter a bank statement,480,0,8.7,informational
how to change a bank statement,480,1,8.7,informational
mt bank statement,480,17,0,navigational
what bank statement,480,15,0,informational
what a bank statement,480,10,0,informational
chase bank credit card statement,480,21,0,navigational
m&t bank statement,480,2,0,navigational
make a fake bank statement,480,0,4.1,transactional
create a fake bank statement,480,0,4.1,transactional
create fake bank statement,480,0,4.1,transactional
how to download a bank statement,480,0,4.5,informational
how to modify a bank statement,480,0,8.7,informational
how to edit bank statement,480,15,8.7,informational
fake bank statement creator,480,0,4.1,informational
what does bank statement look like,480,6,0,informational
how can i edit a bank statement,480,0,8.7,informational
business bank statement,480,9,51.1,informational
cafe reconcile menu,480,7,0,informational
reconcile the difference,480,2,0.7,informational
reconcile meaning in accounting,480,11,0,informational
reconcile accounts meaning,480,18,0,informational
reconcile differences,480,22,0.7,informational
reconcile inventory,480,0,0,navigational
café reconcile menu,480,7,0,informational
reconcile account meaning,480,11,0,informational
bookkeeping jobs new york,480,0,3.2,informational
bookkeeping que es,480,10,5.5,informational
bookkeeping resumes,480,0,4.3,informational
bookkeeping book,480,0,3.9,informational
bookkeeping format for small business,480,0,15.2,informational
bottomline bookkeeping,480,0,6.4,informational
ledger in bookkeeping,480,1,2.5,informational
intuit bookkeeping professional certificate,480,11,9.9,informational
eway bill,480,0,0,informational
view pay bill,480,23,3.5,navigational
cesc bill payment,480,0,0,navigational
bill payment template,480,0,2.8,informational
invoice vs bill,480,0,0.0,informational
cesc bill pay,480,0,0,navigational
contemporary accounting research,480,12,10.2,informational
accounting questions,480,0,7.2,informational
accounting process,480,0,15.0,informational
invoice number meaning,480,0,1.0,informational
lump sum payment meaning,480,24,0,informational
report of foreign bank and financial accounts,480,21,3.9,informational
accounting concepts,480,10,0,informational
accounting indeed,480,0,15.8,informational
middlesex water company pay bill,480,10,0.9,navigational
the gas company pay bill,480,12,0,informational
statement balance vs minimum payment,480,3,0,informational
invoice icon,480,1,0,informational
learn accounting,480,23,16.5,informational
target profit formula,480,0,0,informational
oci accounting,480,0,19.0,navigational
smart accounting,480,0,0.8,commercial
riverlink pay online,480,2,3.0,navigational
tollroadsinvirginia.com pay online,480,18,0.3,navigational
investment interest expense deduction,480,11,0.7,informational
money receipt,480,6,2.2,informational
stripe fees per transaction,480,16,12.4,informational
jcpl bill pay online,480,27,0.3,navigational
cogs accounting,480,19,0,navigational
sox accounting,480,16,3.2,informational
cb accounting,480,4,15.6,commercial
transaction window,480,0,8.9,informational
tjmaxx receipts,480,0,0,informational
bank receipt,480,5,0,informational
accounting textbook,480,17,2.7,informational
weaver accounting,480,26,3.9,navigational
duke energy pay my bill online,480,13,0,navigational
bookkeeping books,480,0,3.9,commercial
city of phoenix water bill pay online,480,12,0.0,transactional
chase dispute transaction,480,10,0,informational
elite accounting,480,7,4.8,navigational
cash equivalents examples,480,19,0,informational
fuel receipt,480,0,0,informational
depreciation accounting,480,20,0,informational
intuit bookkeeping course,480,16,7.2,navigational
transaction type,480,0,0,informational
how to do reconciliation accounting,390,4,17.8,informational
lent reconciliation service,390,0,0,commercial
1st reconciliation catholic,390,0,0,informational
catholic prayer of reconciliation,390,0,0.1,informational
omnibus reconciliation act of 1990,390,7,0,informational
medical reconciliation definition,390,2,0,informational
bank reconciliation in accounting,390,13,14.7,informational
omnibus budget reconciliation act of 1987,390,3,0,informational
reconciliation committee,390,27,0,informational
accounting for bank reconciliation,390,13,14.7,informational
reconciliation bill meaning,390,29,4.0,informational
reconciliation 2.0,390,0,6.7,informational
catholic reconciliation prayer,390,7,0.1,informational
reconciliation of marriage,390,0,3.1,informational
what is reconciliation means,390,23,0,informational
general ledger reconciliation,390,0,18.9,navigational
the ministry of reconciliation,390,4,6.2,navigational
ministers of reconciliation scripture,390,7,7.8,informational
first reconciliation catholic church,390,0,0,informational
omnibus budget reconciliation act 1990,390,3,0,informational
reconciliation in marriage,390,0,3.1,informational
the sacrament of penance and reconciliation,390,0,0,informational
catholic prayer for reconciliation,390,0,0.1,informational
reconciliation of bank accounts,390,13,14.7,commercial
is reconciliation the same as confession,390,0,0,informational
bank reconciliation account,390,13,14.7,commercial
king charles prince william harry reconciliation,390,1,0,transactional
what is reconciliation definition,390,25,0.1,informational
how to do an account reconciliation,390,4,17.8,informational
sacrament of reconciliation meaning,390,0,0,informational
catholic first reconciliation,390,0,0,informational
omnibus budget reconciliation act 1987,390,4,0,informational
ministry of reconciliation scripture,390,11,7.8,informational
reconciliation sacrament definition,390,0,0,informational
reconciliation prayers catholic,390,9,0.1,informational
gl reconciliation,390,0,18.9,informational
how do you do a reconciliation,390,25,17.8,informational
what does the bible say about reconciliation,390,0,0.0,informational
reconciliation of bank account,390,13,14.7,commercial
lenten reconciliation service,390,0,0,navigational
accounts bank reconciliation,390,13,14.7,commercial
penance and reconciliation definition,390,0,0,informational
med reconciliation definition,390,1,0,informational
omnibus reconciliation act of 1987,390,6,0,informational
precious blood ministry of reconciliation,390,0,35.5,informational
how to do a reconciliation,390,8,17.8,informational
bank reconciliation accounting,390,15,14.7,commercial
prayers for reconciliation catholic,390,9,0.1,informational
sacrament of penance and reconciliation definition,390,0,0,informational
marriage and reconciliation,390,0,3.1,informational
omnibus budget reconciliation act of 1990,390,6,0,informational
medication reconciliation definition,390,3,0,informational
sacrament of reconciliation definition,390,0,0,informational
how to do accounts reconciliation,390,7,17.8,informational
omnibus reconciliation act 1990,390,5,0,informational
reconciliation means what,390,16,0,informational
reconciliation ministries,390,19,0,informational
marriage reconciliation,390,0,3.1,informational
bank reconciliation accountant,390,13,14.7,informational
how to do reconciliation in accounting,390,8,17.8,informational
definition of medication reconciliation,390,2,0,informational
what is the meaning of reconciliation,390,11,0,informational
how to do account reconciliation,390,3,17.8,informational
the sacrament reconciliation,390,10,0,informational
what is reconciliation mean,390,25,0,informational
how to do reconciliation,390,0,17.8,informational
reconciliation bill definition,390,25,4.0,informational
reconciliation sacrament meaning,390,0,0,informational
define sacrament of reconciliation,390,0,0,informational
is a bank statement proof of residence,390,9,0,informational
wells fargo bank statement pdf,390,0,2.7,informational
online bank statement,390,12,8.3,navigational
what does onlyfans show up as on bank statement,390,0,0,informational
bank account statement online,390,27,8.3,navigational
what does a bank statement show,390,10,0,informational
sample bank statement of account,390,0,5.0,navigational
bank statement for scholarship,390,0,0,informational
bank statement from wells fargo,390,16,0,navigational
sp aff on bank statement,390,0,0,informational
american strategy on bank statement,390,9,0,informational
boa bank statement,390,26,0,navigational
how to get bank statement from cash app,390,4,0,informational
bank statement regions,390,3,2.0,informational
sofi bank statement,390,11,4.6,navigational
what is upgrade inc on my bank statement,390,17,5.0,informational
venmo bank statement,390,6,1.0,navigational
sample bank account statement,390,3,5.0,informational
is a bank statement proof of residency,390,23,0,informational
bank statement loan rates today,390,3,29.5,informational
what does bank statement show,390,10,0,informational
bofa bank statement,390,26,0,navigational
truist bank statement,390,26,0,navigational
when does bank statement come out,390,13,0,informational
reconcile a marriage,390,0,3.1,informational
fatal: need to specify how to reconcile divergent branches,390,3,0,informational
what is meaning of reconcile,390,18,0,informational
google sheet expense tracker template free,390,0,7.3,informational
printable expense tracker,390,0,2.2,informational
google sheets expense tracker template free,390,0,7.3,informational
expensify expense tracker app,390,21,0,informational
tsspdcl bill payment,390,12,0,navigational
uppcl bill pay,390,20,0,navigational
mepco bill check,390,0,0,navigational
at and t bill,390,10,2.5,transactional
current bill,390,27,1.0,informational
mgl bill payment,390,0,0,navigational
income statement accounting,390,13,0.9,informational
agi payment,390,13,0,navigational
accounting income statement example,390,8,12.2,informational
fundamental accounting principles,390,6,1.7,informational
fair value accounting,390,8,0.3,informational
apspdcl bill payment,390,6,0,navigational
mepco online bill,390,0,0,navigational
bench bookkeeping,390,11,19.5,informational
order receipt,390,0,2.1,informational
notion finance tracker,390,0,8.5,informational
bescom online payment,390,0,0,navigational
bill expense,390,9,22.8,informational
online bill check,390,15,7.3,informational
tangedco online payment,390,27,0,navigational
bookkeeping logos,390,0,10.5,commercial
venmo receipts,390,13,6.0,informational
accounting practice problems,390,0,3.8,informational
dependent student monthly expense and resource statement,390,0,0,commercial
booming bookkeeping reviews,390,0,64.0,informational
fbla personal finance,390,0,0.5,informational
treasury receipts,390,11,0,informational
accounting of disclosures,390,0,0,informational
money goal tracker,390,2,3.9,informational
transaction details,390,2,9.2,informational
bookkeeping images,390,0,4.0,informational
capstone accounting,390,0,25.3,informational
amazon prime visa foreign transaction fee,390,4,0,informational
bba accounting,390,0,41.6,navigational
accounting baruch,390,0,8.5,navigational
zelle transaction history,390,0,0,navigational
ejmr accounting,390,0,0,navigational
receipt notice,390,14,0.1,informational
qualified business deduction,390,21,1.6,informational
kohl's pay my bill online,390,4,0.5,transactional
creative accounting,390,0,5.4,navigational
asu accounting,390,3,13.4,navigational
voo stock expense ratio,390,16,0,informational
source documents in accounting,390,0,0,informational
bible quotes on forgiveness and reconciliation,320,0,0.0,informational
the reconciliation monument,320,9,0,informational
what is ministry of reconciliation,320,0,0.0,informational
what's reconciliation mean,320,19,0,informational
bank reconciliation in quickbooks,320,2,18.6,informational
what is a cam reconciliation,320,0,0,informational
accounting reconciliation samples,320,0,9.0,informational
reconciliation opposite,320,0,0,informational
software for bank reconciliation,320,5,60.8,commercial
bible verses on reconciliation and forgiveness,320,0,0.0,informational
opposite of reconciliation,320,0,0,informational
reconciliation in quickbooks online,320,6,15.8,navigational
aaron rodgers family rift reconciliation betrayal,320,0,0,commercial
quickbooks bank reconciliation,320,18,18.6,informational
omnibus reconciliation act,320,12,0,informational
reconciliation in accounting example,320,0,9.0,informational
account reconciliation example,320,0,9.0,informational
account reconciliation examples,320,0,9.0,informational
prince william opposes harry reconciliation,320,4,0,informational
define reconciliation in the bible,320,2,28.8,informational
bible verses about reconciliation and forgiveness,320,6,0.0,informational
omnibus budget reconciliation act of 1993,320,10,0,informational
accounting reconciliation example,320,0,9.0,informational
forgiveness and reconciliation bible verses,320,6,0.0,informational
bank reconciliation on quickbooks,320,1,18.6,informational
reconciliation quickbooks online,320,3,15.8,commercial
reconciliation tools,320,16,6.5,informational
what is national reconciliation ordinance,320,0,0,informational
banking reconciliation software,320,18,60.8,commercial
what is the ministry of reconciliation,320,0,0.0,informational
bible verse about forgiveness and reconciliation,320,7,0.0,informational
bank reconciliation software,320,18,60.8,commercial
accounts reconciliation example,320,0,9.0,informational
pocket guide to the sacrament of reconciliation,320,0,0.9,informational
example of reconciliation in accounting,320,0,9.0,informational
bible verse on forgiveness and reconciliation,320,2,0.0,informational
data reconciliation software,320,9,0,commercial
antonyms for reconciliation,320,0,0,informational
blackline account reconciliation,320,0,82.8,transactional
omnibus budget reconciliation act 1993,320,8,0,informational
reconciliation software for banks,320,18,60.8,commercial
blackline accounting reconciliation,320,0,82.8,navigational
what is cam reconciliation,320,0,0,informational
bank reconciliation programs,320,18,60.8,commercial
bank reconciliation program,320,18,60.8,commercial
prince harry royal reconciliation charity work,320,4,0,commercial
antonyms of reconciliation,320,0,0,informational
reconciliation of accounts examples,320,0,9.0,informational
blackline reconciliation,320,0,82.8,informational
examples of reconciliation in accounting,320,0,9.0,informational
omnibus reconciliation act of 1993,320,9,0,informational
reconciliation tool,320,14,6.5,informational
budget reconciliation act of 1993,320,9,0,informational
quickbook bank reconciliation,320,7,18.6,commercial
example of account reconciliation,320,0,9.0,informational
quick book bank reconciliation,320,8,18.6,transactional
bank statement sample pdf,320,0,2.8,informational
bank statement example pdf,320,0,2.8,informational
where can i get bank statement,320,19,2.9,informational
wells fargo bank statement sample,320,0,0,informational
what does itf on a bank statement mean,320,0,0,informational
how can i get my bank statement online,320,17,7.5,informational
bank statement heloc,320,0,70.9,navigational
redacted bank statement,320,0,11.7,informational
how to get my bank statement online,320,28,7.5,informational
bank statement example wells fargo,320,0,0,informational
onlyfans on bank statement,320,0,0,informational
bank statement maker online,320,16,6.3,commercial
proof of income bank statement,320,0,5.4,informational
bank statement excel,320,0,19.4,informational
where to get bank statement,320,13,2.9,informational
bank statement as proof of income,320,0,5.4,informational
online bank statement wells fargo,320,27,7.0,navigational
does a bank statement count as proof of residency,320,10,0,informational
how to make fake bank statement,320,0,3.3,informational
bank statement for apartment,320,0,5.5,informational
make bank statement online,320,4,6.3,transactional
how to make a fake bank account statement,320,11,3.3,informational
make bank statement online free,320,0,7.1,transactional
how to make a fake bank statement,320,0,3.3,informational
convert bank statement into excel,320,7,40.4,transactional
bank statement business loan,320,25,213.1,transactional
how does onlyfans show up on bank statement,320,0,0,informational
where to get a bank statement,320,15,2.9,informational
create bank statement online,320,10,6.3,transactional
how to find bank statement,320,13,0,informational
ai bank statement generator,320,0,20.1,commercial
wm2tmbobzbhzjil on bank statement reddit,320,0,0,navigational
create bank statement online free,320,0,7.1,transactional
how do i get my bank statement online,320,19,7.5,informational
how to view my bank statement online,320,17,7.5,informational
make a bank statement online,320,4,6.3,transactional
convert bank statement to excel,320,6,40.4,informational
bank statement for proof of income,320,0,5.4,transactional
pdf bank statement to excel,320,11,21.9,informational
a bank statement provided by the bank includes,320,6,0,informational
bank statement to excel,320,1,19.4,informational
dummy bank statement pdf download,320,1,3.9,informational
business bank statement loans,320,7,213.1,informational
where can i get a bank statement,320,15,2.9,informational
bank statement helocs,320,0,70.9,transactional
redact bank statement,320,0,11.7,informational
create a bank statement online,320,8,6.3,transactional
reconcile to,320,9,0,informational
reconcile cat,320,12,5.2,informational
reconcile cats,320,12,5.2,informational
quickbooks online reconcile,320,7,15.8,navigational
reconcile church,320,5,1.7,navigational
antonyms of reconcile,320,0,0,informational
did olav and martha reconcile,320,5,0,informational
other words for reconcile,320,0,0,informational
reconcile for cats,320,12,5.2,informational
opposite of reconcile,320,0,0,informational
reconcile in quickbooks online,320,8,15.8,navigational
what is reconcile mean,320,13,0,informational
expense tracker quickbooks,320,7,19.4,informational
weekly expense tracker,320,15,2.6,informational
gst payment,320,10,0,informational
invoice statement,320,0,14.3,informational
mngl bill payment,320,0,0,navigational
tidewater utilities bill pay,320,15,0.9,informational
gusto accounting,320,10,30.6,navigational
invoice date,320,0,0,informational
review of accounting studies,320,9,0,informational
statement of retained earnings formula,320,0,0,informational
t/t payment,320,0,20.3,informational
accounting quiz,320,0,1.4,informational
pesco online bill,320,3,0.4,navigational
lesco bill check online,320,5,0,navigational
smart pension,320,28,0,commercial
pacific power bill pay online,320,16,1.8,transactional
fifo accounting,320,14,0,navigational
accounting horizons,320,2,0,navigational
i-797c receipt notice,320,2,0,informational
introduction to financial accounting,320,21,8.9,informational
bookkeeping examples,320,2,9.2,informational
bookkeeping 101,320,22,10.4,informational
golden rules of accounting,320,0,0,informational
derivative accounting,320,1,0,informational
accretion expense,320,0,0,informational
personal allowance,320,15,54.4,informational
schb expense ratio,320,1,0,informational
njng pay bill online,320,22,0.7,navigational
transaction failed,320,1,31.6,informational
conceptual framework accounting,320,13,0,informational
allowance method accounting,320,0,0,informational
transaction advisory,320,0,12.2,informational
accounting terms and definitions,320,0,11.5,informational
personal finance blogs,320,15,6.2,informational
service receipt,320,1,3.3,informational
vnq expense ratio,320,19,0,informational
reconciliation relationship,260,0,28.4,informational
marriage reconciliation therapy,260,0,18.6,informational
reconciliation in a relationship,260,0,28.4,informational
trade receivables reconciliation,260,0,9.8,commercial
which statement is true regarding the reconciliation discrepancy report,260,0,0,informational
reconciliation in accounts receivable,260,0,9.8,informational
reconciliation meaning in bible,260,2,0,informational
racial reconciliation,260,0,0,informational
check reconciliation,260,10,3.8,informational
quickbooks online bank reconciliation,260,9,40.1,navigational
bible church of reconciliation,260,0,0,navigational
icd 10 medication reconciliation,260,0,0,informational
italian american reconciliation,260,0,0,informational
reconciliation checks,260,9,3.8,informational
checking reconciliation,260,0,3.8,informational
what is the truth and reconciliation commission,260,29,0,informational
format for bank reconciliation,260,6,6.5,informational
examples of reconciliation,260,7,6.3,informational
bank reconciliation sample format,260,0,6.5,informational
receivables reconciliation,260,0,9.8,commercial
bank reconciliation forms,260,0,6.5,informational
forgiveness does not require reconciliation bible verse,260,0,0.1,informational
reconciliation bill 2026,260,6,5.3,informational
what does reconciliation,260,26,0,informational
what is financial reconciliation,260,14,0,informational
what is a truth and reconciliation commission,260,28,0,informational
reconciliation park,260,0,0,informational
1st reconciliation gifts,260,0,1.2,informational
qbo undo reconciliation,260,0,0,informational
reconciliation examples,260,8,6.3,informational
quickbooks undo reconciliation,260,0,0,informational
journey of reconciliation,260,2,0,informational
what is reconciliation in church,260,0,0.3,informational
reconciliation ecology,260,0,0,informational
accounts receivable reconciliation,260,0,9.8,informational
what is reconciliation in finance,260,11,0,informational
what is reconciliation in the church,260,0,0.3,informational
payroll account reconciliation,260,0,11.1,informational
reconciliation example,260,2,6.3,informational
what was the truth and reconciliation commission,260,29,0,informational
undo reconciliation in quickbooks,260,0,0,transactional
ar account reconciliation,260,0,9.8,navigational
first reconciliation gifts,260,0,1.2,informational
bible verses on reconciliation in relationships,260,0,5.8,informational
bank reconciliation format,260,8,6.5,informational
checkbook reconciliation,260,0,3.8,commercial
what is a financial reconciliation,260,16,0,informational
national truth and reconciliation day,260,29,0,informational
medical reconciliation icd 10,260,0,0,informational
ar reconciliation,260,0,9.8,informational
qb online bank reconciliation,260,11,40.1,navigational
bank reconciliation formats,260,8,6.5,informational
bank reconciliation on quickbooks online,260,2,40.1,navigational
bank reconciliation form,260,0,6.5,informational
bank reconciliation in quickbooks online,260,2,40.1,commercial
bank account and bank reconciliation,260,21,12.9,commercial
huntington bank statement,260,23,3.5,navigational
can i use a bank statement as proof of address,260,1,0,informational
proof of funds bank statement,260,5,2.8,informational
how to get a chase bank statement,260,11,0,informational
hdfc bank statement password,260,0,0,navigational
bank statement pic,260,0,4.2,informational
bank statement for rental application,260,0,0,transactional
can i request a bank statement early,260,12,0,transactional
select the items that are needs from your bank statement,260,4,0,informational
how to get a bank statement from chase,260,8,0,informational
check bank statement,260,16,5.4,informational
image of bank statement,260,0,4.2,informational
bank statement home loan,260,0,61.1,informational
bank statement loans for self employed,260,1,46.2,commercial
equity bank statement,260,14,0,informational
bank statement images,260,0,4.2,informational
how to get chime bank statement,260,28,0,informational
how to get bank of america bank statement,260,26,0,informational
caixa bank statement,260,9,0,informational
what is wmt plus on my bank statement,260,0,0,informational
business bank statement generator,260,3,41.4,commercial
usaa bank statement,260,0,14.8,informational
citizen bank statement,260,5,0,navigational
bank statement photo,260,0,4.2,informational
what do cash app transactions look like on bank statement,260,4,0,informational
direct express bank statement,260,9,0,transactional
photo of bank statement,260,0,4.2,informational
bank statement for proof of funds,260,5,2.8,informational
picture of bank statement,260,0,4.2,informational
citizens bank bank statement,260,13,0,navigational
citizens bank statement,260,7,0,navigational
rental application bank statement,260,0,0,transactional
bank islam statement online,260,7,0,navigational
vioc on bank statement,260,0,0,informational
how to get a bank statement from chime,260,11,0,informational
bank statement for rent application,260,0,0,transactional
bank statement loans for self-employed,260,11,46.2,commercial
how to get your bank statement,260,13,0,informational
bank statement picture,260,0,4.2,informational
how to get bank statement from bank of america,260,17,0,transactional
bank statement home loans,260,5,61.1,informational
equity bank account statement,260,2,0,informational
what is ctlp on bank statement,260,0,0,informational
bank statement checker,260,0,5.4,informational
reconcile a bank account,260,21,12.9,commercial
reconcile bank account,260,18,12.9,commercial
reconcile a relationship,260,0,28.4,informational
haack ant anstead reconcile,260,0,0,transactional
reconcile bank accounts,260,10,12.9,commercial
reconcile payroll,260,0,11.1,informational
did paul and barnabas reconcile,260,0,0,informational
did chonda pierce reconcile with daughter,260,0,0,informational
reconcile bank in quickbooks online,260,11,40.1,navigational
reconcile accounts receivable,260,0,9.8,commercial
expense tracker printable free,260,8,10.3,informational
expense tracker template free,260,15,7.7,informational
expense tracker sheet,260,23,3.6,informational
expense tracker sheets,260,4,3.6,informational
free business expense tracker,260,16,23.2,informational
pspcl bill pay,260,7,0,navigational
pspcl bill payment,260,7,0,navigational
toll invoice payment,260,23,0,informational
tfs bill payment,260,13,0,informational
express invoice,260,1,18.3,transactional
difference between invoice and bill,260,0,0.1,informational
accounting pdf,260,0,21.7,informational
gm accounting manual,260,0,0,informational
accounting bookkeeping courses,260,0,24,informational
lyft receipts pdf,260,0,0,informational
bookkeeping contracts,260,0,18.5,commercial
best bookkeeping,260,21,60.6,commercial
free bill tracker,260,10,13.3,informational
nolan accounting,260,0,7.4,navigational
harquin bookkeeping,260,13,1.5,navigational
agency cross transaction,260,0,0,navigational
receipt transaction number,260,0,0,informational
pwc pay bill online,260,8,0,navigational
snhu accounting,260,18,18.0,navigational
simply accounting,260,1,27.0,informational
accounting homework,260,5,6.3,informational
bank reconciliation statement sample,210,8,8.6,informational
format for bank reconciliation statement,210,8,8.6,informational
quickbooks online undo bank reconciliation,210,0,0,navigational
monthly bank reconciliation,210,10,31.1,informational
sample format of bank reconciliation statement,210,9,8.6,informational
undo bank reconciliation in quickbooks online,210,0,0,transactional
bank reconciliation statement form,210,0,8.6,informational
bank reconciliation statement format,210,1,8.6,informational
bank reconciliation statement template,210,1,8.6,navigational
bank reconciliation statement layout,210,7,8.6,informational
template for bank reconciliation statement,210,7,8.6,navigational
reconciliation of bank statement format,210,1,8.6,informational
balance sheet account reconciliation template,210,0,23.3,informational
payment reconciliation software,210,0,74.5,commercial
reconciliation statement form,210,0,8.6,informational
reconciliation statement,210,0,23.1,informational
reconciliation statement format,210,0,8.6,informational
what is amzn digital on my bank statement,210,11,0,informational
financial bank statement,210,13,0,informational
pod on bank statement,210,7,0,informational
edit bank statement pdf,210,4,11.1,informational
chase bank statement example,210,0,4.6,informational
how does apple pay show up on bank statement,210,6,0,informational
how to get bank statement from chase app,210,6,0,informational
what is deluxe bus sys on bank statement,210,0,0,informational
cdsr on bank statement,210,5,0,navigational
what is vioc on my bank statement,210,0,0,informational
what does pos mean on a bank statement,210,0,0,informational
sample chase bank statement,210,0,4.6,navigational
credit card statement bank of america,210,27,0,navigational
how to get cash app bank statement,210,2,0,informational
bank statement template chase,210,0,2.9,navigational
financial statement for bank,210,5,0,informational
how to check the bank statement,210,17,17.0,informational
what does ach stand for on a bank statement,210,6,3.9,informational
sample of chase bank statement,210,0,4.6,informational
bank statement pdf editor,210,17,11.1,informational
routing number on bank statement,210,26,0,informational
chase bank mission statement,210,10,0,navigational
what is amazon digit on my bank statement,210,1,0,navigational
is a bank statement proof of address,210,1,0,informational
chase bank mortgage statement,210,11,9.2,informational
3 month bank statement generator,210,0,4.2,informational
where to find bank statement,210,17,0,informational
bank statement loan requirements,210,5,29.5,informational
what does tst mean on bank statement,210,0,0,informational
financial statement of bank,210,7,0,informational
fake bank statement detector,210,0,5.1,informational
bank statement download,210,12,3.2,transactional
what is a bank statement look like,210,9,0,informational
how to get bank statement chase,210,14,0,informational
how to get a bank statement from cash app,210,0,0,transactional
how to read bank statement,210,0,0,informational
editing bank statement pdf,210,4,11.1,informational
what is amazon digital on my bank statement,210,4,0,informational
how does onlyfans appear on bank statement,210,0,0,informational
wfthg com charge on bank statement,210,0,0,transactional
onlyfans bank statement,210,0,0,informational
current bank statement,210,12,0,informational
how to hide onlyfans on bank statement,210,0,0,informational
download a bank statement,210,1,3.2,transactional
what does pos mean on bank statement,210,0,0,informational
how to get bank statement from chase,210,13,0,informational
financial statement of a bank,210,8,0,informational
chime bank statement pdf,210,13,2.9,informational
pnc bank mission statement,210,26,0.2,informational
what does point of sale mean on a bank statement,210,0,0,informational
google pay bank statement,210,29,0,navigational
does onlyfans show up on bank statement,210,0,0,informational
bank statement pod,210,6,0,navigational
how to read a bank statement,210,0,0,informational
how to check bank statement,210,17,17.0,informational
what does ach stand for on bank statement,210,18,3.9,informational
reconcile transaction,210,1,0,commercial
how to reconcile an account,210,0,29.0,informational
how to reconcile accounts,210,0,29.0,informational
how to reconcile bank accounts in quickbooks online,210,7,0,informational
how do you reconcile accounts,210,5,29.0,informational
meaning of reconcile in the bible,210,0,0.1,informational
reconcile antonyms,210,5,0,informational
how to reconcile,210,13,37.3,informational
reconcile community church,210,6,0,navigational
how to reconcile account,210,0,29.0,informational
how do you reconcile an account,210,12,29.0,informational
reconcile meaning in finance,210,13,4.7,transactional
how to reconcile a bank account in quickbooks online,210,8,0,informational
reconcile transactions,210,2,0,commercial
how to reconcile bank account in quickbooks online,210,10,0,informational
excel spreadsheet expense tracker,210,12,6.8,informational
microsoft excel expense tracker template,210,9,0,informational
adani bill payment,210,0,0,navigational
lesco bill check,210,0,0,navigational
ap electricity bill payment,210,28,0,informational
financial accounting pdf,210,0,43.4,informational
multi step income statement format,210,0,16.8,informational
lesco online bill,210,0,0,navigational
fesco online bill,210,1,0,navigational
transaction reconciliation,210,0,0,commercial
expense reimbursement template,210,0,10.7,informational
gwinnett water bill pay online,210,0,0,navigational
pay water bill online philadelphia,210,3,0,navigational
traders accounting,210,0,15.7,commercial
msa accounting,210,18,8.1,informational
bookkeeping practice,210,10,13.2,informational
doctorpayments.com to pay online,210,9,21.9,navigational
accounting image,210,8,0,informational
kick bookkeeping,210,15,9.4,commercial
quicksilver foreign transaction fee,210,11,7.8,informational
accounting rules,210,14,0,informational
afda accounting,210,6,0,informational
accounting portfolios,210,0,76.0,informational
accounting quizlet,210,0,15.2,informational
transaction cost economics,210,10,1.3,informational
outstanding cheques bank reconciliation,170,15,5.6,navigational
formula for bank reconciliation,170,9,49.5,informational
bank reconciliation checks outstanding,170,0,5.6,informational
what is the bank reconciliation statement,170,7,0,informational
what is a bank statement reconciliation,170,11,0,informational
outstanding checks in bank reconciliation,170,0,5.6,informational
outstanding cheques in bank reconciliation,170,2,5.6,informational
bank reconciliation formula,170,9,49.5,informational
outstanding check in bank reconciliation,170,0,5.6,informational
outstanding checks on bank reconciliation,170,0,5.6,navigational
how to delete a bank reconciliation in quickbooks online,170,0,0,informational
what is bank reconciliation statement,170,8,0,informational
what is reconciliation of bank statement,170,21,0,informational
outstanding check bank reconciliation,170,0,5.6,informational
checking account reconciliation,170,4,0.0,commercial
general ledger account reconciliation,170,0,0,navigational
automated account reconciliation software,170,22,59.4,commercial
reconciliation account in general ledger,170,0,0,navigational
netsuite account reconciliation,170,0,52.4,navigational
g l account reconciliation,170,0,0,navigational
account reconciliation procedures,170,2,46.1,commercial
account reconciliation process,170,6,46.1,commercial
account payable reconciliation,170,0,2.4,commercial
invoice reconciliation software,170,0,122.1,commercial
how do bank statement look like,170,13,0,informational
bank statement printers,170,0,5.6,commercial
print bank statement,170,3,5.6,transactional
square bank statement,170,23,3.9,navigational
bank statement bmo,170,0,0,navigational
no bank statement business loans,170,0,69.8,commercial
what is a bank statement in accounting,170,22,0,informational
chase bank statement download,170,12,2.5,navigational
discover bank statement,170,12,0,navigational
printing bank statement,170,0,5.6,transactional
what is a bank account statement,170,15,0,informational
bank statement templates free,170,3,4.6,informational
online bank statement chase,170,11,4.1,informational
how does bank statement looks like,170,11,0,informational
citi bank credit card statement,170,6,0,navigational
ai bank statement generator free,170,0,22.1,informational
how to get bank statement from closed account,170,0,0,informational
online bank statement generator,170,0,4.8,informational
bank statement loan rates,170,0,30.7,informational
discovery bank statement,170,5,0,informational
how to access bank statement,170,28,0,informational
tcm bank my card statement,170,10,2.4,navigational
personal loan on bank statement,170,13,29.2,informational
how do i request a bank statement,170,13,0,informational
pay recover on bank statement,170,0,0,transactional
convert bank statement pdf to excel,170,4,35.8,transactional
free bank statement generator with account number,170,0,7.1,transactional
bank statement personal loans,170,0,29.2,informational
what are the key elements of a bank statement,170,2,0,informational
no bank statement business loan,170,0,69.8,commercial
fake bank statement generator,170,0,2.9,informational
woodforest national bank statement,170,19,3.1,informational
bank statement as proof of address,170,4,10.4,transactional
recent bank statement,170,9,5.7,informational
what is bank statement in accounting,170,22,0,informational
how to request a bank statement,170,13,0,informational
how does a bank statement look like,170,11,0,informational
business loan without bank statement,170,0,69.8,commercial
generate fake bank statement,170,2,2.9,transactional
how to request for bank statement,170,12,0,informational
woodforest bank statement,170,28,3.1,navigational
bank statement mortgage lenders,170,0,68.6,informational
becu bank statement,170,0,2.5,informational
how to request bank statement,170,12,0,informational
real chase bank statement,170,13,0,informational
personal bank statement loan,170,5,29.2,transactional
what does it mean to reconcile a bank statement,170,6,0,informational
generate bank statement online,170,0,4.8,transactional
how does bank statement look like,170,11,0,informational
how to get bank statement for closed account,170,0,0,informational
zipline refunds on bank statement,170,0,0,transactional
what is reconciling a bank statement,170,13,0,informational
citi bank statement,170,6,1.7,navigational
tinder on bank statement,170,0,0,navigational
generate a fake bank statement,170,0,2.9,transactional
bank statement mortgage lender,170,0,68.6,informational
pnc bank statement pdf,170,1,16.2,informational
free bank statement template,170,0,4.6,informational
printed bank statement,170,1,5.6,informational
cash app bank statement pdf,170,4,1.7,navigational
free bank statement generator pdf,170,0,4.0,informational
can a bank statement be used as proof of address,170,5,0,informational
pnp billpayment on bank statement,170,0,0,informational
how to find bank statement on chase app,170,8,0,informational
can a landlord ask for a bank statement,170,0,0,informational
print a bank statement,170,9,5.6,transactional
what does onlyfans show up as on a bank statement,170,0,0,informational
how do you say bank statement in spanish,170,0,11.0,informational
tinder bank statement,170,0,0,navigational
what is bank account statement,170,13,0,informational
dcu bank statement,170,6,0,navigational
bank statement for real id,170,11,0,informational
bank statement loan rate,170,16,30.7,informational
printing out bank statement,170,28,5.6,informational
bank statement proof of address,170,3,10.4,informational
what is bank reconcile statement,170,6,0,informational
reconcile ynab,170,0,0,navigational
need to specify how to reconcile divergent branches,170,2,0,informational
reconcile meaning in hindi,170,0,0,informational
reconcile expenses,170,0,13.1,informational
what does reconcile mean in the bible,170,3,0,informational
meaning of reconcile in hindi,170,0,0,informational
reconcile a checking account,170,25,0.0,navigational
what is reconcile in accounting,170,11,0,informational
how to reconcile in quickbooks desktop,170,3,0,informational
reconcile taxes,170,21,37.4,informational
reconcile dosage for dogs,170,0,1.6,informational
what is the meaning of reconcile,170,13,0,informational
what does reconcile,170,21,0,informational
reconcile with ex,170,0,0.1,informational
reconcile checking account,170,18,0.0,navigational
reconcile general ledger,170,0,0,navigational
how to reconcile quickbooks desktop,170,1,0,informational
reconcile dose chart,170,0,0.4,informational
reconcile accounts payable,170,0,2.4,commercial
fluoxetine reconcile for dogs,170,0,2.6,transactional
reconcile dosing chart,170,0,0.4,informational
reconcile dose for dogs,170,0,1.6,informational
did nikki sixx reconcile with his mother,170,5,0,informational
business expense tracker google sheets,170,0,12.3,informational
notion expense tracker,170,0,6.1,informational
company expense tracker excel,170,24,8.6,informational
best expense tracker,170,25,19.6,commercial
business expense tracker excel,170,1,8.6,informational
google sheets income and expense tracker,170,0,1.2,informational
expense tracker software free,170,22,29.9,commercial
business receipt tracker,170,20,29.2,commercial
receipts concur email,170,0,17.9,navigational
does email have read receipts,170,1,0,informational
ke duplicate bill,170,15,0,informational
at t bill,170,8,1.9,informational
bwssb bill payment,170,4,0,navigational
dgvcl bill payment,170,0,0,navigational
ugvcl bill payment,170,0,0,transactional
mint mobile bill statement,170,0,0,navigational
master invoice,170,1,7.6,informational
transaction analysis accounting,170,0,0,informational
personal finance template,170,18,4,informational
venmo business transaction fees,170,19,0,informational
pay aaa car insurance bill online,170,7,35.3,transactional
bearded expense,170,0,0,informational
cash app for pc,170,30,1.1,transactional
ap business principles/personal finance,170,0,0,informational
mash accounting,170,0,0,navigational
personal finance simulation,170,7,0,informational
blue cross pay bill online,170,3,0.3,navigational
journal entries for bank reconciliation,140,0,0,transactional
bank reconciliation journal entries,140,0,0,informational
bank reconciliation journal entry,140,0,0,informational
how to do a bank reconciliation on quickbooks online,140,13,0,informational
bank reconciliation and journal entries,140,0,0,transactional
what is the purpose of a bank reconciliation,140,0,0,informational
how to prepare a bank reconciliation,140,3,0,informational
what is bank reconciliation account,140,9,0.2,informational
journal entry for bank reconciliation,140,0,0,transactional
how to prepare bank reconciliation,140,10,0,informational
how to do a bank reconciliation in quickbooks online,140,0,0,informational
what is bank reconciliation in accounting,140,3,0.2,informational
how to do bank reconciliation in quickbooks online,140,0,0,informational
process of bank reconciliation,140,10,0.6,informational
how to do bank reconciliation on quickbooks online,140,0,0,informational
bank reconciliation discrepancy,140,0,0,informational
how to do bank reconciliation quickbooks online,140,0,0,informational
what is the purpose of bank reconciliation,140,15,0,informational
bank reconciliation processes,140,10,0.6,commercial
how do you prepare a bank reconciliation,140,9,0,informational
bank reconciliation netsuite,140,5,27.5,navigational
bank reconciliation in netsuite,140,5,27.5,navigational
bank reconciliation process,140,10,0.6,commercial
bank reconciliation procedures,140,10,0.6,commercial
g l account reconciliation template,140,0,16.1,navigational
account reconciliation format in excel,140,0,13.9,informational
gl account reconciliation template,140,0,16.1,navigational
general ledger account reconciliation template,140,0,16.1,navigational
account reconciliation template excel,140,0,13.9,informational
how to do balance sheet account reconciliation,140,0,10.1,informational
account reconciliation templates for excel,140,0,13.9,informational
what is balance sheet account reconciliation,140,0,8.3,informational
monthly account reconciliation,140,0,24.0,informational
payment reconciliation meaning,140,6,0,informational
payment reconciliation definition,140,0,0,informational
what is instamed on my bank statement,140,0,0,informational
how does cash app show up on bank statement,140,13,0,informational
chime bank statement template,140,0,1.8,informational
how to download chase bank statement,140,1,0,transactional
spotify bank statement,140,0,0,navigational
bank statement template pdf,140,2,4.8,informational
funny bank statement,140,0,0,informational
jiang su xing ya charge on bank statement,140,0,6.6,informational
editable chase bank statement pdf,140,0,3.2,informational
amex bank statement,140,0,4.1,navigational
where is the routing number on a bank statement,140,13,0,informational
bank statement templates,140,0,7.4,informational
capital one bank statement pdf,140,8,0,informational
d c settlement on bank statement,140,2,0,navigational
bank of america bank statement pdf,140,2,1.7,navigational
how to upload bank statement to quickbooks online,140,0,48.2,informational
bank statement loan lenders,140,5,21.7,informational
dmv bank statement,140,28,0,navigational
real bank of america bank statement,140,27,0,informational
bank statement letterhead,140,0,0.0,informational
how to get a bank statement wells fargo,140,24,3.4,informational
what is amazon reta on my bank statement,140,0,0,informational
how to edit a bank statement pdf,140,0,10.7,informational
what does sq mean on a bank statement,140,0,0,informational
can i get a bank statement early,140,8,0,informational
how does venmo transactions show up on bank statement,140,22,4.7,informational
atlas financial payment on bank statement,140,0,31.6,transactional
what does sq mean on bank statement,140,0,0,informational
bank statement loan calculator,140,0,14.4,informational
is bank statement a utility bill,140,0,0,informational
how do venmo transactions show up on bank statement,140,27,4.7,informational
free business bank statement generator,140,0,33.9,informational
green dot bank statement,140,8,1.1,informational
where can i find my bank statement,140,18,0,informational
what is tst on bank statement,140,0,0,informational
reach lifestyle charge on bank statement,140,0,0,transactional
paddle.net on bank statement,140,11,5.8,navigational
how to edit pdf bank statement,140,0,10.7,informational
how to print bank statement chase,140,11,0.9,informational
3 months bank statement pdf,140,0,3.5,informational
what does ach mean on a bank statement,140,16,0.7,informational
paddle net on bank statement,140,11,5.8,navigational
varo bank statement,140,9,0,navigational
us retailers on bank statement,140,0,0,navigational
editable bank statement template,140,0,4.2,informational
rbfcu bank statement,140,16,0.2,navigational
d/c settlement on bank statement,140,1,0,navigational
what does ach mean on bank statement,140,3,0.7,informational
google charges on bank statement,140,22,0,informational
fdms payment on bank statement,140,0,0,informational
what is visa provisioning service on my bank statement,140,0,0,informational
edi payments on bank statement,140,9,6.2,informational
edi payment on bank statement,140,3,6.2,informational
3 months bank statement sample,140,0,10.5,informational
where is routing number on bank statement,140,20,0,informational
how to say bank statement in spanish,140,0,0,informational
dc settlement bank statement,140,2,0,navigational
how to remove a transaction from your bank statement online,140,0,2.0,informational
edit chase bank statement pdf,140,0,3.2,informational
a bank statement,140,17,5.1,informational
how to get a bank statement from wells fargo,140,17,3.4,informational
is a bank statement a utility bill,140,0,0,informational
dc settlement on bank statement,140,6,0,navigational
bank of america bank statement generator,140,6,3.2,navigational
bank statement on cash app,140,6,0,informational
bank of america account statement pdf,140,3,1.7,navigational
fifth third bank statement,140,5,0.5,informational
what is ici fee on bank statement,140,0,0,informational
how to get a current bank statement,140,4,0,informational
how to get current bank statement,140,3,0,informational
bank statement for dmv,140,15,0,informational
bank statement form pdf,140,5,4.8,informational
list the four fundamental elements found in every bank statement,140,24,0,informational
google charge on bank statement,140,21,0,informational
synchrony bank statement,140,14,0.0,navigational
wells fargo bank statement generator,140,0,3.0,navigational
pershing brokerage on bank statement,140,22,0,navigational
3 month bank statement pdf,140,0,3.5,informational
what is comenity pay on my bank statement,140,0,0,informational
bank statement letter,140,0,0.0,informational
usbfctichar on bank statement,140,5,0,navigational
american express bank statement,140,2,4.1,informational
d c settlement bank statement,140,3,0,navigational
what is sp aff on my bank statement,140,4,0,informational
how to reconcile credit card in quickbooks,140,0,96.5,informational
what does reconcile in quickbooks mean,140,0,0,informational
reconcile fluoxetine,140,0,2.0,informational
what reconcile means,140,16,0,informational
reconcile 32 mg,140,0,6.3,transactional
how to spell reconcile,140,14,0,informational
how to reconcile balance sheet,140,0,10.1,informational
reconcile for dogs side effects,140,0,5.5,informational
reconcile after cheating,140,0,2.6,informational
reconcile chewable tablets,140,0,4.2,transactional
kenny bednarek and noah lyles reconcile after on track altercation,140,5,0,transactional
to reconcile meaning,140,10,0,informational
reconcile dosage,140,0,0.5,informational
how to reconcile a balance sheet,140,0,10.1,informational
reconcile accounting meaning,140,10,1.1,informational
did jacob and esau reconcile,140,0,0,informational
reconcile dosing,140,0,0.5,transactional
reconcile dose,140,0,0.5,informational
my ex husband wants to reconcile,140,0,0,informational
what does reconcile mean on quickbooks,140,2,0,informational
what is reconcile for dogs,140,0,1.7,informational
reconcile with god bible verse,140,2,0,informational
reconcile songs,140,4,0,informational
reconcile meaning english,140,8,0,informational
did george jung reconcile with his daughter,140,4,0,informational
reconcile relationship prayer,140,0,0,informational
how to reconcile credit cards in quickbooks,140,0,96.5,informational
prayer to reconcile a relationship,140,0,0,informational
what does reconcile mean quickbooks,140,20,0,informational
reconcile chew tabs,140,0,4.2,transactional
reconcile with,140,6,0,informational
monthly expense tracker google sheets,140,3,0.6,informational
expense tracker travel,140,12,21.1,informational
expense tracker template-google sheets,140,13,3.8,informational
free business income and expense tracker,140,9,21.7,informational
mint expense tracker app,140,23,0,informational
expense tracker notebook,140,0,0.5,informational
email read receipts gmail,140,6,2.9,navigational
email receipts to concur,140,0,11.0,informational
how to email receipts to concur,140,0,19.9,informational
lesco duplicate bill,140,0,0,transactional
wbsedcl bill payment,140,1,0,navigational
ssgc duplicate bill,140,2,0,informational
helco bill pay,140,3,0,navigational
british accounting review,140,0,0,informational
go figure accounting,140,3,0,informational
matching concept accounting,140,11,0,informational
receipts in accounting,140,0,12.3,informational
etsy transaction fees,140,27,11.3,informational
lakeland electric bill pay online,140,1,0,navigational
confirmatory value accounting,140,0,0,informational
digits bookkeeping,140,5,14.1,informational
how do i do bank reconciliation in quickbooks,110,22,0,informational
bank reconciliation job,110,0,1.9,informational
bank reconciliation careers,110,0,1.9,informational
bank reconciliation statement example,110,9,13.8,informational
example of a bank reconciliation statement,110,9,13.8,informational
example of bank reconciliation statements,110,9,13.8,informational
purpose of bank reconciliation,110,15,0,informational
bank reconciliation statements examples,110,9,13.8,informational
bank reconciliation jobs,110,0,1.9,informational
reconciliation of bank statement example,110,19,13.8,informational
how to do bank reconciliation in quickbooks,110,4,0,informational
bank reconciliation vacancies,110,0,1.9,informational
bank reconciliation vacancy,110,0,1.9,informational
how to do a bank reconciliation on quickbooks,110,2,0,informational
bank reconciliation purpose,110,1,0,informational
examples of bank reconciliation statement,110,9,13.8,informational
bank reconciliation statement with example,110,19,13.8,informational
how to do quickbooks bank reconciliation,110,4,0,informational
examples of bank reconciliation statements,110,9,13.8,informational
bank reconciliation statement examples,110,10,13.8,informational
bank reconciliation statement with examples,110,9,13.8,informational
how to do bank reconciliation on quickbooks,110,2,0,informational
how to do a bank reconciliation in quickbooks,110,18,0,informational
account reconciliation sheet,110,0,6.6,informational
balance sheet account reconciliation example,110,0,11.0,informational
gl account reconciliation template excel,110,0,14.5,navigational
what is general ledger account reconciliation,110,0,2.5,informational
balance sheet account reconciliation template excel,110,2,21.4,informational
general ledger account reconciliation software,110,22,58.0,commercial
general ledger account reconciliation template excel,110,0,14.5,informational
intercompany account reconciliation,110,0,26.9,commercial
account reconciliation template,110,0,16.1,informational
what is invoice reconciliation,110,0,0,informational
invoice reconciliation definition,110,0,0,informational
invoice reconciliation meaning,110,0,0,informational
what is payment reconciliation,110,0,0,informational
get a bank statement,110,20,5.9,transactional
how to find bank statement on cash app,110,8,0,informational
phs-health-bill on bank statement,110,0,0,transactional
online bank statement bank of america,110,27,0,navigational
what is super on my bank statement,110,0,2.3,informational
bank tax statement,110,0,0,informational
bank statement from cash app,110,0,0,informational
how to change address on bank statement,110,5,0,informational
free 3 month bank statement generator,110,0,6.0,informational
abbreviation for bank statement,110,0,0,informational
does bank statement count as proof of address,110,0,0,informational
frost bank statement,110,7,3.6,informational
ach debit meaning in bank statement,110,1,0,informational
bank statement santander,110,3,0.6,navigational
bank statement proof of residency,110,25,0,transactional
can i get a bank statement early chase,110,0,0,informational
rtp credit on bank statement,110,9,0,informational
how to reconcile a bank statement in quickbooks online,110,5,0,informational
bank statement to csv,110,6,10.1,informational
can i use bank statement as proof of address,110,12,0,informational
acct integrators assn dues on bank statement,110,0,0,commercial
i t f on bank statement,110,0,0.2,informational
my bank statement,110,14,9.1,informational
instacharge on bank statement,110,0,0,transactional
itf bank statement,110,0,0.2,informational
wfthg com charge on bank statement reddit,110,0,0,navigational
riyad bank statement,110,11,0,navigational
what does chargeback mean on bank statement,110,12,0,informational
online statement td bank,110,15,2.8,navigational
robinhood debits on bank statement,110,0,0,informational
bank statement monthly,110,12,0,informational
navy federal bank statement pdf,110,0,0,navigational
how to get a bank statement from bank of america,110,17,0,informational
wm2tmbobzbhzjil on bank statement,110,0,0,transactional
what does chargeback mean on a bank statement,110,9,0,informational
franchise tax bo payments on bank statement,110,2,0,informational
tax statement from bank,110,0,0,informational
phs health-bill on bank statement,110,0,0,transactional
ksi bank statement,110,4,0,commercial
hvublxa5dzwrgk7 charge on bank statement,110,5,0,transactional
free bank statement generator with calculator,110,0,12.1,informational
bank statement short forms,110,0,0,informational
alinma bank statement,110,1,0,navigational
sample bank of america statement,110,1,0,informational
revolut bank statement,110,0,0,navigational
ctlp on bank statement,110,15,0,navigational
blank bank statement,110,4,3.7,informational
how to get bank statement from paypal,110,17,0,informational
purpose of a bank statement,110,15,0,informational
truist bank statement pdf,110,0,9.4,informational
find bank statement,110,18,5.9,informational
best bank statement mortgage lenders,110,6,56.3,commercial
genesis holdings on my bank statement,110,0,0,navigational
bank statement purpose,110,10,0,informational
finfy us what is it on bank statement,110,0,0,informational
joint account bank statement,110,7,0,informational
20 000 bank statement,110,13,0,informational
what is counter credit on a bank statement,110,0,0,informational
hac hooked and co charge on bank statement,110,0,0,informational
itf on bank statement,110,0,0.2,informational
can bank statement be used as proof of address,110,0,0,informational
rental bank statement,110,0,10.0,informational
bank statement for rent,110,0,10.0,informational
bank statement for apartment application,110,0,5.0,transactional
what does counter credit mean on bank statement,110,0,0,informational
lpl debit on bank statement,110,8,0,informational
omnisafe inc on bank statement,110,0,0,navigational
comerica bank statement,110,0,0,navigational
counter credit bank statement,110,1,0,informational
how often do you get a bank statement,110,9,0,informational
what is a redacted bank statement,110,0,0,informational
ach in bank statement,110,19,0,informational
bank statement for taxes,110,7,0,informational
allied bank statement,110,2,0.2,navigational
tmna services on bank statement,110,0,0,transactional
generate a bank statement,110,1,5.9,transactional
crossroads fdr on bank statement,110,0,27.6,navigational
what is a counter credit on a bank statement,110,0,0,informational
boa bank statement online,110,27,0,navigational
how to get bank statement wells fargo,110,18,0,informational
certified bank statement,110,0,0,informational
what is considered a bank statement,110,15,0,informational
free 3-month bank statement generator,110,0,6.0,commercial
how many bank statement for mortgage,110,0,0,informational
phs-health bill on bank statement,110,0,0,transactional
what is debit memo on bank statement,110,0,0,informational
can you request a bank statement early,110,12,0,informational
3 month bank statement loans,110,13,29.9,commercial
how to reconcile bank statement in quickbooks online,110,5,0,informational
how to change bank statement address,110,6,0,informational
how to find bank statement on chime,110,18,0,informational
bank statement abbreviation,110,0,0,informational
bank of america statement example,110,6,0,informational
bank statement abbr,110,0,0,navigational
bank statement abbreviations,110,0,0,informational
phs health bill on bank statement,110,0,0,transactional
cic premium on bank statement,110,0,0,informational
how does cash app show on bank statement,110,13,0,informational
can i use bank statement as proof of income,110,0,0,informational
3-month bank statement loans,110,13,29.9,commercial
what is a debit memo on a bank statement,110,0,0,informational
bank statement for proof of residency,110,25,0,transactional
indn on bank statement,110,0,0,navigational
instacharge las vegas on bank statement,110,0,0,transactional
what does counter credit mean on a bank statement,110,0,0,informational
purpose of bank statement,110,16,0,informational
fidelity bank statement,110,19,0.2,navigational
get bank statement,110,20,5.9,transactional
does cash app show your name on bank statement,110,1,4.3,informational
aeis credit on bank statement,110,0,0,informational
counter credit on bank statement,110,1,0,informational
credit one bank statement,110,3,2.1,navigational
can bank statement be used as proof of income,110,0,0,informational
bank statement for rental,110,0,10.0,informational
westamerica bank e statement,110,11,0,navigational
how to get pnc bank statement,110,20,17.3,informational
reconcile checkbook,110,0,1.7,informational
reconcile finances,110,11,13.3,commercial
reconcile etymology,110,12,0,informational
reconcile cost,110,0,1.2,informational
reconcile check,110,1,1.7,informational
how to reconcile bank statements in quickbooks online,110,5,0,informational
how to reconcile credit cards in quickbooks online,110,0,37.9,informational
prayer to reconcile a marriage,110,2,0.0,informational
reconcile 8mg,110,0,2.9,transactional
reconcile invoices definition,110,0,0,informational
reconcile premium tax credits,110,12,0,informational
reconcile payments meaning,110,2,0.2,informational
reconcile 8 mg,110,0,2.9,transactional
reconcile revenue,110,0,0,informational
reconcile payment meaning,110,0,0.2,informational
reconcile money,110,2,62.6,informational
reconcile checks,110,0,1.7,informational
steps to reconcile a marriage,110,0,0.8,informational
p4 reconcile,110,0,0,informational
how to reconcile credit card in quickbooks online,110,0,37.9,informational
what is reconcile in quickbooks,110,18,0,informational
how do you reconcile bank statements in quickbooks online,110,2,0,informational
monthly expense tracker google sheets template,110,9,1.5,informational
free expense tracker for small business,110,6,33.0,informational
best small business expense tracker app,110,23,22.5,commercial
personal expense tracker excel free download,110,9,18.1,informational
business expense tracker template,110,0,8.6,informational
google sheets business expense tracker template,110,5,5.2,informational
free small business expense tracker,110,9,33.0,informational
google sheet business expense tracker template,110,3,5.2,commercial
email expensify receipts,110,0,0.3,informational
apple receipts email,110,10,0,navigational
stripe email receipts,110,4,0,informational
vi bill payment,110,0,0,transactional
bses bill payment,110,1,0,navigational
react reconciliation,110,2,0,informational
hesco bill,110,10,0,informational
ccc bill pay,110,6,0,navigational
dmea bill pay,110,0,0,navigational
cengage accounting answers,110,0,0,navigational
worcester bill pay,110,0,0,navigational
chesapeake bill pay,110,0,1.2,navigational
mepco online bill check,110,0,0,navigational
expense categories for personal budget,110,20,0.6,informational
personal expense categories,110,2,7.0,informational
cvs receipts online,110,6,0.2,transactional
accounting journal template,110,0,10.4,informational
notion finance template,110,0,2.8,informational
upi transaction limit,110,4,0,informational
mrv fee receipt,110,0,0,informational
cashback tracker,110,26,0,commercial
transaction exposure,110,0,0,informational
wiley intermediate accounting,110,0,0.4,navigational
